[2022-06-29 12:52:50] local.ERROR: Target class [FinanceReportController] does not exist. {"exception":"[object] (Illuminate\\Contracts\\Container\\BindingResolutionException(code: 0): Target class [FinanceReportController] does not exist. at /var/www/cutera-upgradation/vendor/laravel/framework/src/Illuminate/Container/Container.php:879)
[stacktrace]
#0 /var/www/cutera-upgradation/vendor/laravel/framework/src/Illuminate/Container/Container.php(758): Illuminate\\Container\\Container->build()
#1 /var/www/cutera-upgradation/vendor/laravel/framework/src/Illuminate/Foundation/Application.php(851): Illuminate\\Container\\Container->resolve()
#2 /var/www/cutera-upgradation/vendor/laravel/framework/src/Illuminate/Container/Container.php(694): Illuminate\\Foundation\\Application->resolve()
#3 /var/www/cutera-upgradation/vendor/laravel/framework/src/Illuminate/Foundation/Application.php(836): Illuminate\\Container\\Container->make()
#4 /var/www/cutera-upgradation/vendor/laravel/framework/src/Illuminate/Routing/Route.php(276): Illuminate\\Foundation\\Application->make()
#5 /var/www/cutera-upgradation/vendor/laravel/framework/src/Illuminate/Routing/Route.php(1069): Illuminate\\Routing\\Route->getController()
#6 /var/www/cutera-upgradation/vendor/laravel/framework/src/Illuminate/Routing/Route.php(1012): Illuminate\\Routing\\Route->controllerMiddleware()
#7 /var/www/cutera-upgradation/vendor/laravel/framework/src/Illuminate/Routing/Router.php(734): Illuminate\\Routing\\Route->gatherMiddleware()
#8 /var/www/cutera-upgradation/vendor/laravel/framework/src/Illuminate/Routing/Router.php(714): Illuminate\\Routing\\Router->gatherRouteMiddleware()
#9 /var/www/cutera-upgradation/vendor/laravel/framework/src/Illuminate/Routing/Router.php(698): Illuminate\\Routing\\Router->runRouteWithinStack()
#10 /var/www/cutera-upgradation/vendor/laravel/framework/src/Illuminate/Routing/Router.php(662): Illuminate\\Routing\\Router->runRoute()
#11 /var/www/cutera-upgradation/vendor/laravel/framework/src/Illuminate/Routing/Router.php(651): Illuminate\\Routing\\Router->dispatchToRoute()
#12 /var/www/cutera-upgradation/vendor/laravel/framework/src/Illuminate/Foundation/Http/Kernel.php(167): Illuminate\\Routing\\Router->dispatch()
#13 /var/www/cutera-upgradation/vendor/laravel/framework/src/Illuminate/Pipeline/Pipeline.php(128): Illuminate\\Foundation\\Http\\Kernel->Illuminate\\Foundation\\Http\\{closure}()
#14 /var/www/cutera-upgradation/vendor/laravel/framework/src/Illuminate/Foundation/Http/Middleware/TransformsRequest.php(21): Illuminate\\Pipeline\\Pipeline->Illuminate\\Pipeline\\{closure}()
#15 /var/www/cutera-upgradation/vendor/laravel/framework/src/Illuminate/Foundation/Http/Middleware/ConvertEmptyStringsToNull.php(31): Illuminate\\Foundation\\Http\\Middleware\\TransformsRequest->handle()
#16 /var/www/cutera-upgradation/vendor/laravel/framework/src/Illuminate/Pipeline/Pipeline.php(167): Illuminate\\Foundation\\Http\\Middleware\\ConvertEmptyStringsToNull->handle()
#17 /var/www/cutera-upgradation/vendor/laravel/framework/src/Illuminate/Foundation/Http/Middleware/TransformsRequest.php(21): Illuminate\\Pipeline\\Pipeline->Illuminate\\Pipeline\\{closure}()
#18 /var/www/cutera-upgradation/vendor/laravel/framework/src/Illuminate/Foundation/Http/Middleware/TrimStrings.php(40): Illuminate\\Foundation\\Http\\Middleware\\TransformsRequest->handle()
#19 /var/www/cutera-upgradation/vendor/laravel/framework/src/Illuminate/Pipeline/Pipeline.php(167): Illuminate\\Foundation\\Http\\Middleware\\TrimStrings->handle()
#20 /var/www/cutera-upgradation/vendor/laravel/framework/src/Illuminate/Foundation/Http/Middleware/ValidatePostSize.php(27): Illuminate\\Pipeline\\Pipeline->Illuminate\\Pipeline\\{closure}()
#21 /var/www/cutera-upgradation/vendor/laravel/framework/src/Illuminate/Pipeline/Pipeline.php(167): Illuminate\\Foundation\\Http\\Middleware\\ValidatePostSize->handle()
#22 /var/www/cutera-upgradation/vendor/laravel/framework/src/Illuminate/Foundation/Http/Middleware/PreventRequestsDuringMaintenance.php(86): Illuminate\\Pipeline\\Pipeline->Illuminate\\Pipeline\\{closure}()
#23 /var/www/cutera-upgradation/vendor/laravel/framework/src/Illuminate/Pipeline/Pipeline.php(167): Illuminate\\Foundation\\Http\\Middleware\\PreventRequestsDuringMaintenance->handle()
#24 /var/www/cutera-upgradation/vendor/fruitcake/laravel-cors/src/HandleCors.php(38): Illuminate\\Pipeline\\Pipeline->Illuminate\\Pipeline\\{closure}()
#25 /var/www/cutera-upgradation/vendor/laravel/framework/src/Illuminate/Pipeline/Pipeline.php(167): Fruitcake\\Cors\\HandleCors->handle()
#26 /var/www/cutera-upgradation/vendor/laravel/framework/src/Illuminate/Http/Middleware/TrustProxies.php(39): Illuminate\\Pipeline\\Pipeline->Illuminate\\Pipeline\\{closure}()
#27 /var/www/cutera-upgradation/vendor/laravel/framework/src/Illuminate/Pipeline/Pipeline.php(167): Illuminate\\Http\\Middleware\\TrustProxies->handle()
#28 /var/www/cutera-upgradation/vendor/laravel/framework/src/Illuminate/Pipeline/Pipeline.php(103): Illuminate\\Pipeline\\Pipeline->Illuminate\\Pipeline\\{closure}()
#29 /var/www/cutera-upgradation/vendor/laravel/framework/src/Illuminate/Foundation/Http/Kernel.php(142): Illuminate\\Pipeline\\Pipeline->then()
#30 /var/www/cutera-upgradation/vendor/laravel/framework/src/Illuminate/Foundation/Http/Kernel.php(111): Illuminate\\Foundation\\Http\\Kernel->sendRequestThroughRouter()
#31 /var/www/cutera-upgradation/public/index.php(52): Illuminate\\Foundation\\Http\\Kernel->handle()
#32 {main}

[previous exception] [object] (ReflectionException(code: -1): Class \"FinanceReportController\" does not exist at /var/www/cutera-upgradation/vendor/laravel/framework/src/Illuminate/Container/Container.php:877)
[stacktrace]
#0 /var/www/cutera-upgradation/vendor/laravel/framework/src/Illuminate/Container/Container.php(877): ReflectionClass->__construct()
#1 /var/www/cutera-upgradation/vendor/laravel/framework/src/Illuminate/Container/Container.php(758): Illuminate\\Container\\Container->build()
#2 /var/www/cutera-upgradation/vendor/laravel/framework/src/Illuminate/Foundation/Application.php(851): Illuminate\\Container\\Container->resolve()
#3 /var/www/cutera-upgradation/vendor/laravel/framework/src/Illuminate/Container/Container.php(694): Illuminate\\Foundation\\Application->resolve()
#4 /var/www/cutera-upgradation/vendor/laravel/framework/src/Illuminate/Foundation/Application.php(836): Illuminate\\Container\\Container->make()
#5 /var/www/cutera-upgradation/vendor/laravel/framework/src/Illuminate/Routing/Route.php(276): Illuminate\\Foundation\\Application->make()
#6 /var/www/cutera-upgradation/vendor/laravel/framework/src/Illuminate/Routing/Route.php(1069): Illuminate\\Routing\\Route->getController()
#7 /var/www/cutera-upgradation/vendor/laravel/framework/src/Illuminate/Routing/Route.php(1012): Illuminate\\Routing\\Route->controllerMiddleware()
#8 /var/www/cutera-upgradation/vendor/laravel/framework/src/Illuminate/Routing/Router.php(734): Illuminate\\Routing\\Route->gatherMiddleware()
#9 /var/www/cutera-upgradation/vendor/laravel/framework/src/Illuminate/Routing/Router.php(714): Illuminate\\Routing\\Router->gatherRouteMiddleware()
#10 /var/www/cutera-upgradation/vendor/laravel/framework/src/Illuminate/Routing/Router.php(698): Illuminate\\Routing\\Router->runRouteWithinStack()
#11 /var/www/cutera-upgradation/vendor/laravel/framework/src/Illuminate/Routing/Router.php(662): Illuminate\\Routing\\Router->runRoute()
#12 /var/www/cutera-upgradation/vendor/laravel/framework/src/Illuminate/Routing/Router.php(651): Illuminate\\Routing\\Router->dispatchToRoute()
#13 /var/www/cutera-upgradation/vendor/laravel/framework/src/Illuminate/Foundation/Http/Kernel.php(167): Illuminate\\Routing\\Router->dispatch()
#14 /var/www/cutera-upgradation/vendor/laravel/framework/src/Illuminate/Pipeline/Pipeline.php(128): Illuminate\\Foundation\\Http\\Kernel->Illuminate\\Foundation\\Http\\{closure}()
#15 /var/www/cutera-upgradation/vendor/laravel/framework/src/Illuminate/Foundation/Http/Middleware/TransformsRequest.php(21): Illuminate\\Pipeline\\Pipeline->Illuminate\\Pipeline\\{closure}()
#16 /var/www/cutera-upgradation/vendor/laravel/framework/src/Illuminate/Foundation/Http/Middleware/ConvertEmptyStringsToNull.php(31): Illuminate\\Foundation\\Http\\Middleware\\TransformsRequest->handle()
#17 /var/www/cutera-upgradation/vendor/laravel/framework/src/Illuminate/Pipeline/Pipeline.php(167): Illuminate\\Foundation\\Http\\Middleware\\ConvertEmptyStringsToNull->handle()
#18 /var/www/cutera-upgradation/vendor/laravel/framework/src/Illuminate/Foundation/Http/Middleware/TransformsRequest.php(21): Illuminate\\Pipeline\\Pipeline->Illuminate\\Pipeline\\{closure}()
#19 /var/www/cutera-upgradation/vendor/laravel/framework/src/Illuminate/Foundation/Http/Middleware/TrimStrings.php(40): Illuminate\\Foundation\\Http\\Middleware\\TransformsRequest->handle()
#20 /var/www/cutera-upgradation/vendor/laravel/framework/src/Illuminate/Pipeline/Pipeline.php(167): Illuminate\\Foundation\\Http\\Middleware\\TrimStrings->handle()
#21 /var/www/cutera-upgradation/vendor/laravel/framework/src/Illuminate/Foundation/Http/Middleware/ValidatePostSize.php(27): Illuminate\\Pipeline\\Pipeline->Illuminate\\Pipeline\\{closure}()
#22 /var/www/cutera-upgradation/vendor/laravel/framework/src/Illuminate/Pipeline/Pipeline.php(167): Illuminate\\Foundation\\Http\\Middleware\\ValidatePostSize->handle()
#23 /var/www/cutera-upgradation/vendor/laravel/framework/src/Illuminate/Foundation/Http/Middleware/PreventRequestsDuringMaintenance.php(86): Illuminate\\Pipeline\\Pipeline->Illuminate\\Pipeline\\{closure}()
#24 /var/www/cutera-upgradation/vendor/laravel/framework/src/Illuminate/Pipeline/Pipeline.php(167): Illuminate\\Foundation\\Http\\Middleware\\PreventRequestsDuringMaintenance->handle()
#25 /var/www/cutera-upgradation/vendor/fruitcake/laravel-cors/src/HandleCors.php(38): Illuminate\\Pipeline\\Pipeline->Illuminate\\Pipeline\\{closure}()
#26 /var/www/cutera-upgradation/vendor/laravel/framework/src/Illuminate/Pipeline/Pipeline.php(167): Fruitcake\\Cors\\HandleCors->handle()
#27 /var/www/cutera-upgradation/vendor/laravel/framework/src/Illuminate/Http/Middleware/TrustProxies.php(39): Illuminate\\Pipeline\\Pipeline->Illuminate\\Pipeline\\{closure}()
#28 /var/www/cutera-upgradation/vendor/laravel/framework/src/Illuminate/Pipeline/Pipeline.php(167): Illuminate\\Http\\Middleware\\TrustProxies->handle()
#29 /var/www/cutera-upgradation/vendor/laravel/framework/src/Illuminate/Pipeline/Pipeline.php(103): Illuminate\\Pipeline\\Pipeline->Illuminate\\Pipeline\\{closure}()
#30 /var/www/cutera-upgradation/vendor/laravel/framework/src/Illuminate/Foundation/Http/Kernel.php(142): Illuminate\\Pipeline\\Pipeline->then()
#31 /var/www/cutera-upgradation/vendor/laravel/framework/src/Illuminate/Foundation/Http/Kernel.php(111): Illuminate\\Foundation\\Http\\Kernel->sendRequestThroughRouter()
#32 /var/www/cutera-upgradation/public/index.php(52): Illuminate\\Foundation\\Http\\Kernel->handle()
#33 {main}
"} 
[2022-06-29 12:53:08] local.ERROR: Target class [App\Http\Controllers\Admin\reports\FinanceReportController] does not exist. {"exception":"[object] (Illuminate\\Contracts\\Container\\BindingResolutionException(code: 0): Target class [App\\Http\\Controllers\\Admin\eports\\FinanceReportController] does not exist. at /var/www/cutera-upgradation/vendor/laravel/framework/src/Illuminate/Container/Container.php:879)
[stacktrace]
#0 /var/www/cutera-upgradation/vendor/laravel/framework/src/Illuminate/Container/Container.php(758): Illuminate\\Container\\Container->build()
#1 /var/www/cutera-upgradation/vendor/laravel/framework/src/Illuminate/Foundation/Application.php(851): Illuminate\\Container\\Container->resolve()
#2 /var/www/cutera-upgradation/vendor/laravel/framework/src/Illuminate/Container/Container.php(694): Illuminate\\Foundation\\Application->resolve()
#3 /var/www/cutera-upgradation/vendor/laravel/framework/src/Illuminate/Foundation/Application.php(836): Illuminate\\Container\\Container->make()
#4 /var/www/cutera-upgradation/vendor/laravel/framework/src/Illuminate/Routing/Route.php(276): Illuminate\\Foundation\\Application->make()
#5 /var/www/cutera-upgradation/vendor/laravel/framework/src/Illuminate/Routing/Route.php(1069): Illuminate\\Routing\\Route->getController()
#6 /var/www/cutera-upgradation/vendor/laravel/framework/src/Illuminate/Routing/Route.php(1012): Illuminate\\Routing\\Route->controllerMiddleware()
#7 /var/www/cutera-upgradation/vendor/laravel/framework/src/Illuminate/Routing/Router.php(734): Illuminate\\Routing\\Route->gatherMiddleware()
#8 /var/www/cutera-upgradation/vendor/laravel/framework/src/Illuminate/Routing/Router.php(714): Illuminate\\Routing\\Router->gatherRouteMiddleware()
#9 /var/www/cutera-upgradation/vendor/laravel/framework/src/Illuminate/Routing/Router.php(698): Illuminate\\Routing\\Router->runRouteWithinStack()
#10 /var/www/cutera-upgradation/vendor/laravel/framework/src/Illuminate/Routing/Router.php(662): Illuminate\\Routing\\Router->runRoute()
#11 /var/www/cutera-upgradation/vendor/laravel/framework/src/Illuminate/Routing/Router.php(651): Illuminate\\Routing\\Router->dispatchToRoute()
#12 /var/www/cutera-upgradation/vendor/laravel/framework/src/Illuminate/Foundation/Http/Kernel.php(167): Illuminate\\Routing\\Router->dispatch()
#13 /var/www/cutera-upgradation/vendor/laravel/framework/src/Illuminate/Pipeline/Pipeline.php(128): Illuminate\\Foundation\\Http\\Kernel->Illuminate\\Foundation\\Http\\{closure}()
#14 /var/www/cutera-upgradation/vendor/laravel/framework/src/Illuminate/Foundation/Http/Middleware/TransformsRequest.php(21): Illuminate\\Pipeline\\Pipeline->Illuminate\\Pipeline\\{closure}()
#15 /var/www/cutera-upgradation/vendor/laravel/framework/src/Illuminate/Foundation/Http/Middleware/ConvertEmptyStringsToNull.php(31): Illuminate\\Foundation\\Http\\Middleware\\TransformsRequest->handle()
#16 /var/www/cutera-upgradation/vendor/laravel/framework/src/Illuminate/Pipeline/Pipeline.php(167): Illuminate\\Foundation\\Http\\Middleware\\ConvertEmptyStringsToNull->handle()
#17 /var/www/cutera-upgradation/vendor/laravel/framework/src/Illuminate/Foundation/Http/Middleware/TransformsRequest.php(21): Illuminate\\Pipeline\\Pipeline->Illuminate\\Pipeline\\{closure}()
#18 /var/www/cutera-upgradation/vendor/laravel/framework/src/Illuminate/Foundation/Http/Middleware/TrimStrings.php(40): Illuminate\\Foundation\\Http\\Middleware\\TransformsRequest->handle()
#19 /var/www/cutera-upgradation/vendor/laravel/framework/src/Illuminate/Pipeline/Pipeline.php(167): Illuminate\\Foundation\\Http\\Middleware\\TrimStrings->handle()
#20 /var/www/cutera-upgradation/vendor/laravel/framework/src/Illuminate/Foundation/Http/Middleware/ValidatePostSize.php(27): Illuminate\\Pipeline\\Pipeline->Illuminate\\Pipeline\\{closure}()
#21 /var/www/cutera-upgradation/vendor/laravel/framework/src/Illuminate/Pipeline/Pipeline.php(167): Illuminate\\Foundation\\Http\\Middleware\\ValidatePostSize->handle()
#22 /var/www/cutera-upgradation/vendor/laravel/framework/src/Illuminate/Foundation/Http/Middleware/PreventRequestsDuringMaintenance.php(86): Illuminate\\Pipeline\\Pipeline->Illuminate\\Pipeline\\{closure}()
#23 /var/www/cutera-upgradation/vendor/laravel/framework/src/Illuminate/Pipeline/Pipeline.php(167): Illuminate\\Foundation\\Http\\Middleware\\PreventRequestsDuringMaintenance->handle()
#24 /var/www/cutera-upgradation/vendor/fruitcake/laravel-cors/src/HandleCors.php(38): Illuminate\\Pipeline\\Pipeline->Illuminate\\Pipeline\\{closure}()
#25 /var/www/cutera-upgradation/vendor/laravel/framework/src/Illuminate/Pipeline/Pipeline.php(167): Fruitcake\\Cors\\HandleCors->handle()
#26 /var/www/cutera-upgradation/vendor/laravel/framework/src/Illuminate/Http/Middleware/TrustProxies.php(39): Illuminate\\Pipeline\\Pipeline->Illuminate\\Pipeline\\{closure}()
#27 /var/www/cutera-upgradation/vendor/laravel/framework/src/Illuminate/Pipeline/Pipeline.php(167): Illuminate\\Http\\Middleware\\TrustProxies->handle()
#28 /var/www/cutera-upgradation/vendor/laravel/framework/src/Illuminate/Pipeline/Pipeline.php(103): Illuminate\\Pipeline\\Pipeline->Illuminate\\Pipeline\\{closure}()
#29 /var/www/cutera-upgradation/vendor/laravel/framework/src/Illuminate/Foundation/Http/Kernel.php(142): Illuminate\\Pipeline\\Pipeline->then()
#30 /var/www/cutera-upgradation/vendor/laravel/framework/src/Illuminate/Foundation/Http/Kernel.php(111): Illuminate\\Foundation\\Http\\Kernel->sendRequestThroughRouter()
#31 /var/www/cutera-upgradation/public/index.php(52): Illuminate\\Foundation\\Http\\Kernel->handle()
#32 {main}

[previous exception] [object] (ReflectionException(code: -1): Class \"App\\Http\\Controllers\\Admin\eports\\FinanceReportController\" does not exist at /var/www/cutera-upgradation/vendor/laravel/framework/src/Illuminate/Container/Container.php:877)
[stacktrace]
#0 /var/www/cutera-upgradation/vendor/laravel/framework/src/Illuminate/Container/Container.php(877): ReflectionClass->__construct()
#1 /var/www/cutera-upgradation/vendor/laravel/framework/src/Illuminate/Container/Container.php(758): Illuminate\\Container\\Container->build()
#2 /var/www/cutera-upgradation/vendor/laravel/framework/src/Illuminate/Foundation/Application.php(851): Illuminate\\Container\\Container->resolve()
#3 /var/www/cutera-upgradation/vendor/laravel/framework/src/Illuminate/Container/Container.php(694): Illuminate\\Foundation\\Application->resolve()
#4 /var/www/cutera-upgradation/vendor/laravel/framework/src/Illuminate/Foundation/Application.php(836): Illuminate\\Container\\Container->make()
#5 /var/www/cutera-upgradation/vendor/laravel/framework/src/Illuminate/Routing/Route.php(276): Illuminate\\Foundation\\Application->make()
#6 /var/www/cutera-upgradation/vendor/laravel/framework/src/Illuminate/Routing/Route.php(1069): Illuminate\\Routing\\Route->getController()
#7 /var/www/cutera-upgradation/vendor/laravel/framework/src/Illuminate/Routing/Route.php(1012): Illuminate\\Routing\\Route->controllerMiddleware()
#8 /var/www/cutera-upgradation/vendor/laravel/framework/src/Illuminate/Routing/Router.php(734): Illuminate\\Routing\\Route->gatherMiddleware()
#9 /var/www/cutera-upgradation/vendor/laravel/framework/src/Illuminate/Routing/Router.php(714): Illuminate\\Routing\\Router->gatherRouteMiddleware()
#10 /var/www/cutera-upgradation/vendor/laravel/framework/src/Illuminate/Routing/Router.php(698): Illuminate\\Routing\\Router->runRouteWithinStack()
#11 /var/www/cutera-upgradation/vendor/laravel/framework/src/Illuminate/Routing/Router.php(662): Illuminate\\Routing\\Router->runRoute()
#12 /var/www/cutera-upgradation/vendor/laravel/framework/src/Illuminate/Routing/Router.php(651): Illuminate\\Routing\\Router->dispatchToRoute()
#13 /var/www/cutera-upgradation/vendor/laravel/framework/src/Illuminate/Foundation/Http/Kernel.php(167): Illuminate\\Routing\\Router->dispatch()
#14 /var/www/cutera-upgradation/vendor/laravel/framework/src/Illuminate/Pipeline/Pipeline.php(128): Illuminate\\Foundation\\Http\\Kernel->Illuminate\\Foundation\\Http\\{closure}()
#15 /var/www/cutera-upgradation/vendor/laravel/framework/src/Illuminate/Foundation/Http/Middleware/TransformsRequest.php(21): Illuminate\\Pipeline\\Pipeline->Illuminate\\Pipeline\\{closure}()
#16 /var/www/cutera-upgradation/vendor/laravel/framework/src/Illuminate/Foundation/Http/Middleware/ConvertEmptyStringsToNull.php(31): Illuminate\\Foundation\\Http\\Middleware\\TransformsRequest->handle()
#17 /var/www/cutera-upgradation/vendor/laravel/framework/src/Illuminate/Pipeline/Pipeline.php(167): Illuminate\\Foundation\\Http\\Middleware\\ConvertEmptyStringsToNull->handle()
#18 /var/www/cutera-upgradation/vendor/laravel/framework/src/Illuminate/Foundation/Http/Middleware/TransformsRequest.php(21): Illuminate\\Pipeline\\Pipeline->Illuminate\\Pipeline\\{closure}()
#19 /var/www/cutera-upgradation/vendor/laravel/framework/src/Illuminate/Foundation/Http/Middleware/TrimStrings.php(40): Illuminate\\Foundation\\Http\\Middleware\\TransformsRequest->handle()
#20 /var/www/cutera-upgradation/vendor/laravel/framework/src/Illuminate/Pipeline/Pipeline.php(167): Illuminate\\Foundation\\Http\\Middleware\\TrimStrings->handle()
#21 /var/www/cutera-upgradation/vendor/laravel/framework/src/Illuminate/Foundation/Http/Middleware/ValidatePostSize.php(27): Illuminate\\Pipeline\\Pipeline->Illuminate\\Pipeline\\{closure}()
#22 /var/www/cutera-upgradation/vendor/laravel/framework/src/Illuminate/Pipeline/Pipeline.php(167): Illuminate\\Foundation\\Http\\Middleware\\ValidatePostSize->handle()
#23 /var/www/cutera-upgradation/vendor/laravel/framework/src/Illuminate/Foundation/Http/Middleware/PreventRequestsDuringMaintenance.php(86): Illuminate\\Pipeline\\Pipeline->Illuminate\\Pipeline\\{closure}()
#24 /var/www/cutera-upgradation/vendor/laravel/framework/src/Illuminate/Pipeline/Pipeline.php(167): Illuminate\\Foundation\\Http\\Middleware\\PreventRequestsDuringMaintenance->handle()
#25 /var/www/cutera-upgradation/vendor/fruitcake/laravel-cors/src/HandleCors.php(38): Illuminate\\Pipeline\\Pipeline->Illuminate\\Pipeline\\{closure}()
#26 /var/www/cutera-upgradation/vendor/laravel/framework/src/Illuminate/Pipeline/Pipeline.php(167): Fruitcake\\Cors\\HandleCors->handle()
#27 /var/www/cutera-upgradation/vendor/laravel/framework/src/Illuminate/Http/Middleware/TrustProxies.php(39): Illuminate\\Pipeline\\Pipeline->Illuminate\\Pipeline\\{closure}()
#28 /var/www/cutera-upgradation/vendor/laravel/framework/src/Illuminate/Pipeline/Pipeline.php(167): Illuminate\\Http\\Middleware\\TrustProxies->handle()
#29 /var/www/cutera-upgradation/vendor/laravel/framework/src/Illuminate/Pipeline/Pipeline.php(103): Illuminate\\Pipeline\\Pipeline->Illuminate\\Pipeline\\{closure}()
#30 /var/www/cutera-upgradation/vendor/laravel/framework/src/Illuminate/Foundation/Http/Kernel.php(142): Illuminate\\Pipeline\\Pipeline->then()
#31 /var/www/cutera-upgradation/vendor/laravel/framework/src/Illuminate/Foundation/Http/Kernel.php(111): Illuminate\\Foundation\\Http\\Kernel->sendRequestThroughRouter()
#32 /var/www/cutera-upgradation/public/index.php(52): Illuminate\\Foundation\\Http\\Kernel->handle()
#33 {main}
"} 
[2022-06-29 12:53:49] local.ERROR: Target class [App\Http\Controllers\Admin\reports\FinanceReportController] does not exist. {"exception":"[object] (Illuminate\\Contracts\\Container\\BindingResolutionException(code: 0): Target class [App\\Http\\Controllers\\Admin\eports\\FinanceReportController] does not exist. at /var/www/cutera-upgradation/vendor/laravel/framework/src/Illuminate/Container/Container.php:879)
[stacktrace]
#0 /var/www/cutera-upgradation/vendor/laravel/framework/src/Illuminate/Container/Container.php(758): Illuminate\\Container\\Container->build()
#1 /var/www/cutera-upgradation/vendor/laravel/framework/src/Illuminate/Foundation/Application.php(851): Illuminate\\Container\\Container->resolve()
#2 /var/www/cutera-upgradation/vendor/laravel/framework/src/Illuminate/Container/Container.php(694): Illuminate\\Foundation\\Application->resolve()
#3 /var/www/cutera-upgradation/vendor/laravel/framework/src/Illuminate/Foundation/Application.php(836): Illuminate\\Container\\Container->make()
#4 /var/www/cutera-upgradation/vendor/laravel/framework/src/Illuminate/Routing/Route.php(276): Illuminate\\Foundation\\Application->make()
#5 /var/www/cutera-upgradation/vendor/laravel/framework/src/Illuminate/Routing/Route.php(1069): Illuminate\\Routing\\Route->getController()
#6 /var/www/cutera-upgradation/vendor/laravel/framework/src/Illuminate/Routing/Route.php(1012): Illuminate\\Routing\\Route->controllerMiddleware()
#7 /var/www/cutera-upgradation/vendor/laravel/framework/src/Illuminate/Routing/Router.php(734): Illuminate\\Routing\\Route->gatherMiddleware()
#8 /var/www/cutera-upgradation/vendor/laravel/framework/src/Illuminate/Routing/Router.php(714): Illuminate\\Routing\\Router->gatherRouteMiddleware()
#9 /var/www/cutera-upgradation/vendor/laravel/framework/src/Illuminate/Routing/Router.php(698): Illuminate\\Routing\\Router->runRouteWithinStack()
#10 /var/www/cutera-upgradation/vendor/laravel/framework/src/Illuminate/Routing/Router.php(662): Illuminate\\Routing\\Router->runRoute()
#11 /var/www/cutera-upgradation/vendor/laravel/framework/src/Illuminate/Routing/Router.php(651): Illuminate\\Routing\\Router->dispatchToRoute()
#12 /var/www/cutera-upgradation/vendor/laravel/framework/src/Illuminate/Foundation/Http/Kernel.php(167): Illuminate\\Routing\\Router->dispatch()
#13 /var/www/cutera-upgradation/vendor/laravel/framework/src/Illuminate/Pipeline/Pipeline.php(128): Illuminate\\Foundation\\Http\\Kernel->Illuminate\\Foundation\\Http\\{closure}()
#14 /var/www/cutera-upgradation/vendor/laravel/framework/src/Illuminate/Foundation/Http/Middleware/TransformsRequest.php(21): Illuminate\\Pipeline\\Pipeline->Illuminate\\Pipeline\\{closure}()
#15 /var/www/cutera-upgradation/vendor/laravel/framework/src/Illuminate/Foundation/Http/Middleware/ConvertEmptyStringsToNull.php(31): Illuminate\\Foundation\\Http\\Middleware\\TransformsRequest->handle()
#16 /var/www/cutera-upgradation/vendor/laravel/framework/src/Illuminate/Pipeline/Pipeline.php(167): Illuminate\\Foundation\\Http\\Middleware\\ConvertEmptyStringsToNull->handle()
#17 /var/www/cutera-upgradation/vendor/laravel/framework/src/Illuminate/Foundation/Http/Middleware/TransformsRequest.php(21): Illuminate\\Pipeline\\Pipeline->Illuminate\\Pipeline\\{closure}()
#18 /var/www/cutera-upgradation/vendor/laravel/framework/src/Illuminate/Foundation/Http/Middleware/TrimStrings.php(40): Illuminate\\Foundation\\Http\\Middleware\\TransformsRequest->handle()
#19 /var/www/cutera-upgradation/vendor/laravel/framework/src/Illuminate/Pipeline/Pipeline.php(167): Illuminate\\Foundation\\Http\\Middleware\\TrimStrings->handle()
#20 /var/www/cutera-upgradation/vendor/laravel/framework/src/Illuminate/Foundation/Http/Middleware/ValidatePostSize.php(27): Illuminate\\Pipeline\\Pipeline->Illuminate\\Pipeline\\{closure}()
#21 /var/www/cutera-upgradation/vendor/laravel/framework/src/Illuminate/Pipeline/Pipeline.php(167): Illuminate\\Foundation\\Http\\Middleware\\ValidatePostSize->handle()
#22 /var/www/cutera-upgradation/vendor/laravel/framework/src/Illuminate/Foundation/Http/Middleware/PreventRequestsDuringMaintenance.php(86): Illuminate\\Pipeline\\Pipeline->Illuminate\\Pipeline\\{closure}()
#23 /var/www/cutera-upgradation/vendor/laravel/framework/src/Illuminate/Pipeline/Pipeline.php(167): Illuminate\\Foundation\\Http\\Middleware\\PreventRequestsDuringMaintenance->handle()
#24 /var/www/cutera-upgradation/vendor/fruitcake/laravel-cors/src/HandleCors.php(38): Illuminate\\Pipeline\\Pipeline->Illuminate\\Pipeline\\{closure}()
#25 /var/www/cutera-upgradation/vendor/laravel/framework/src/Illuminate/Pipeline/Pipeline.php(167): Fruitcake\\Cors\\HandleCors->handle()
#26 /var/www/cutera-upgradation/vendor/laravel/framework/src/Illuminate/Http/Middleware/TrustProxies.php(39): Illuminate\\Pipeline\\Pipeline->Illuminate\\Pipeline\\{closure}()
#27 /var/www/cutera-upgradation/vendor/laravel/framework/src/Illuminate/Pipeline/Pipeline.php(167): Illuminate\\Http\\Middleware\\TrustProxies->handle()
#28 /var/www/cutera-upgradation/vendor/laravel/framework/src/Illuminate/Pipeline/Pipeline.php(103): Illuminate\\Pipeline\\Pipeline->Illuminate\\Pipeline\\{closure}()
#29 /var/www/cutera-upgradation/vendor/laravel/framework/src/Illuminate/Foundation/Http/Kernel.php(142): Illuminate\\Pipeline\\Pipeline->then()
#30 /var/www/cutera-upgradation/vendor/laravel/framework/src/Illuminate/Foundation/Http/Kernel.php(111): Illuminate\\Foundation\\Http\\Kernel->sendRequestThroughRouter()
#31 /var/www/cutera-upgradation/public/index.php(52): Illuminate\\Foundation\\Http\\Kernel->handle()
#32 {main}

[previous exception] [object] (ReflectionException(code: -1): Class \"App\\Http\\Controllers\\Admin\eports\\FinanceReportController\" does not exist at /var/www/cutera-upgradation/vendor/laravel/framework/src/Illuminate/Container/Container.php:877)
[stacktrace]
#0 /var/www/cutera-upgradation/vendor/laravel/framework/src/Illuminate/Container/Container.php(877): ReflectionClass->__construct()
#1 /var/www/cutera-upgradation/vendor/laravel/framework/src/Illuminate/Container/Container.php(758): Illuminate\\Container\\Container->build()
#2 /var/www/cutera-upgradation/vendor/laravel/framework/src/Illuminate/Foundation/Application.php(851): Illuminate\\Container\\Container->resolve()
#3 /var/www/cutera-upgradation/vendor/laravel/framework/src/Illuminate/Container/Container.php(694): Illuminate\\Foundation\\Application->resolve()
#4 /var/www/cutera-upgradation/vendor/laravel/framework/src/Illuminate/Foundation/Application.php(836): Illuminate\\Container\\Container->make()
#5 /var/www/cutera-upgradation/vendor/laravel/framework/src/Illuminate/Routing/Route.php(276): Illuminate\\Foundation\\Application->make()
#6 /var/www/cutera-upgradation/vendor/laravel/framework/src/Illuminate/Routing/Route.php(1069): Illuminate\\Routing\\Route->getController()
#7 /var/www/cutera-upgradation/vendor/laravel/framework/src/Illuminate/Routing/Route.php(1012): Illuminate\\Routing\\Route->controllerMiddleware()
#8 /var/www/cutera-upgradation/vendor/laravel/framework/src/Illuminate/Routing/Router.php(734): Illuminate\\Routing\\Route->gatherMiddleware()
#9 /var/www/cutera-upgradation/vendor/laravel/framework/src/Illuminate/Routing/Router.php(714): Illuminate\\Routing\\Router->gatherRouteMiddleware()
#10 /var/www/cutera-upgradation/vendor/laravel/framework/src/Illuminate/Routing/Router.php(698): Illuminate\\Routing\\Router->runRouteWithinStack()
#11 /var/www/cutera-upgradation/vendor/laravel/framework/src/Illuminate/Routing/Router.php(662): Illuminate\\Routing\\Router->runRoute()
#12 /var/www/cutera-upgradation/vendor/laravel/framework/src/Illuminate/Routing/Router.php(651): Illuminate\\Routing\\Router->dispatchToRoute()
#13 /var/www/cutera-upgradation/vendor/laravel/framework/src/Illuminate/Foundation/Http/Kernel.php(167): Illuminate\\Routing\\Router->dispatch()
#14 /var/www/cutera-upgradation/vendor/laravel/framework/src/Illuminate/Pipeline/Pipeline.php(128): Illuminate\\Foundation\\Http\\Kernel->Illuminate\\Foundation\\Http\\{closure}()
#15 /var/www/cutera-upgradation/vendor/laravel/framework/src/Illuminate/Foundation/Http/Middleware/TransformsRequest.php(21): Illuminate\\Pipeline\\Pipeline->Illuminate\\Pipeline\\{closure}()
#16 /var/www/cutera-upgradation/vendor/laravel/framework/src/Illuminate/Foundation/Http/Middleware/ConvertEmptyStringsToNull.php(31): Illuminate\\Foundation\\Http\\Middleware\\TransformsRequest->handle()
#17 /var/www/cutera-upgradation/vendor/laravel/framework/src/Illuminate/Pipeline/Pipeline.php(167): Illuminate\\Foundation\\Http\\Middleware\\ConvertEmptyStringsToNull->handle()
#18 /var/www/cutera-upgradation/vendor/laravel/framework/src/Illuminate/Foundation/Http/Middleware/TransformsRequest.php(21): Illuminate\\Pipeline\\Pipeline->Illuminate\\Pipeline\\{closure}()
#19 /var/www/cutera-upgradation/vendor/laravel/framework/src/Illuminate/Foundation/Http/Middleware/TrimStrings.php(40): Illuminate\\Foundation\\Http\\Middleware\\TransformsRequest->handle()
#20 /var/www/cutera-upgradation/vendor/laravel/framework/src/Illuminate/Pipeline/Pipeline.php(167): Illuminate\\Foundation\\Http\\Middleware\\TrimStrings->handle()
#21 /var/www/cutera-upgradation/vendor/laravel/framework/src/Illuminate/Foundation/Http/Middleware/ValidatePostSize.php(27): Illuminate\\Pipeline\\Pipeline->Illuminate\\Pipeline\\{closure}()
#22 /var/www/cutera-upgradation/vendor/laravel/framework/src/Illuminate/Pipeline/Pipeline.php(167): Illuminate\\Foundation\\Http\\Middleware\\ValidatePostSize->handle()
#23 /var/www/cutera-upgradation/vendor/laravel/framework/src/Illuminate/Foundation/Http/Middleware/PreventRequestsDuringMaintenance.php(86): Illuminate\\Pipeline\\Pipeline->Illuminate\\Pipeline\\{closure}()
#24 /var/www/cutera-upgradation/vendor/laravel/framework/src/Illuminate/Pipeline/Pipeline.php(167): Illuminate\\Foundation\\Http\\Middleware\\PreventRequestsDuringMaintenance->handle()
#25 /var/www/cutera-upgradation/vendor/fruitcake/laravel-cors/src/HandleCors.php(38): Illuminate\\Pipeline\\Pipeline->Illuminate\\Pipeline\\{closure}()
#26 /var/www/cutera-upgradation/vendor/laravel/framework/src/Illuminate/Pipeline/Pipeline.php(167): Fruitcake\\Cors\\HandleCors->handle()
#27 /var/www/cutera-upgradation/vendor/laravel/framework/src/Illuminate/Http/Middleware/TrustProxies.php(39): Illuminate\\Pipeline\\Pipeline->Illuminate\\Pipeline\\{closure}()
#28 /var/www/cutera-upgradation/vendor/laravel/framework/src/Illuminate/Pipeline/Pipeline.php(167): Illuminate\\Http\\Middleware\\TrustProxies->handle()
#29 /var/www/cutera-upgradation/vendor/laravel/framework/src/Illuminate/Pipeline/Pipeline.php(103): Illuminate\\Pipeline\\Pipeline->Illuminate\\Pipeline\\{closure}()
#30 /var/www/cutera-upgradation/vendor/laravel/framework/src/Illuminate/Foundation/Http/Kernel.php(142): Illuminate\\Pipeline\\Pipeline->then()
#31 /var/www/cutera-upgradation/vendor/laravel/framework/src/Illuminate/Foundation/Http/Kernel.php(111): Illuminate\\Foundation\\Http\\Kernel->sendRequestThroughRouter()
#32 /var/www/cutera-upgradation/public/index.php(52): Illuminate\\Foundation\\Http\\Kernel->handle()
#33 {main}
"} 
[2022-06-29 12:53:51] local.ERROR: Target class [App\Http\Controllers\Admin\reports\FinanceReportController] does not exist. {"exception":"[object] (Illuminate\\Contracts\\Container\\BindingResolutionException(code: 0): Target class [App\\Http\\Controllers\\Admin\eports\\FinanceReportController] does not exist. at /var/www/cutera-upgradation/vendor/laravel/framework/src/Illuminate/Container/Container.php:879)
[stacktrace]
#0 /var/www/cutera-upgradation/vendor/laravel/framework/src/Illuminate/Container/Container.php(758): Illuminate\\Container\\Container->build()
#1 /var/www/cutera-upgradation/vendor/laravel/framework/src/Illuminate/Foundation/Application.php(851): Illuminate\\Container\\Container->resolve()
#2 /var/www/cutera-upgradation/vendor/laravel/framework/src/Illuminate/Container/Container.php(694): Illuminate\\Foundation\\Application->resolve()
#3 /var/www/cutera-upgradation/vendor/laravel/framework/src/Illuminate/Foundation/Application.php(836): Illuminate\\Container\\Container->make()
#4 /var/www/cutera-upgradation/vendor/laravel/framework/src/Illuminate/Routing/Route.php(276): Illuminate\\Foundation\\Application->make()
#5 /var/www/cutera-upgradation/vendor/laravel/framework/src/Illuminate/Routing/Route.php(1069): Illuminate\\Routing\\Route->getController()
#6 /var/www/cutera-upgradation/vendor/laravel/framework/src/Illuminate/Routing/Route.php(1012): Illuminate\\Routing\\Route->controllerMiddleware()
#7 /var/www/cutera-upgradation/vendor/laravel/framework/src/Illuminate/Routing/Router.php(734): Illuminate\\Routing\\Route->gatherMiddleware()
#8 /var/www/cutera-upgradation/vendor/laravel/framework/src/Illuminate/Routing/Router.php(714): Illuminate\\Routing\\Router->gatherRouteMiddleware()
#9 /var/www/cutera-upgradation/vendor/laravel/framework/src/Illuminate/Routing/Router.php(698): Illuminate\\Routing\\Router->runRouteWithinStack()
#10 /var/www/cutera-upgradation/vendor/laravel/framework/src/Illuminate/Routing/Router.php(662): Illuminate\\Routing\\Router->runRoute()
#11 /var/www/cutera-upgradation/vendor/laravel/framework/src/Illuminate/Routing/Router.php(651): Illuminate\\Routing\\Router->dispatchToRoute()
#12 /var/www/cutera-upgradation/vendor/laravel/framework/src/Illuminate/Foundation/Http/Kernel.php(167): Illuminate\\Routing\\Router->dispatch()
#13 /var/www/cutera-upgradation/vendor/laravel/framework/src/Illuminate/Pipeline/Pipeline.php(128): Illuminate\\Foundation\\Http\\Kernel->Illuminate\\Foundation\\Http\\{closure}()
#14 /var/www/cutera-upgradation/vendor/laravel/framework/src/Illuminate/Foundation/Http/Middleware/TransformsRequest.php(21): Illuminate\\Pipeline\\Pipeline->Illuminate\\Pipeline\\{closure}()
#15 /var/www/cutera-upgradation/vendor/laravel/framework/src/Illuminate/Foundation/Http/Middleware/ConvertEmptyStringsToNull.php(31): Illuminate\\Foundation\\Http\\Middleware\\TransformsRequest->handle()
#16 /var/www/cutera-upgradation/vendor/laravel/framework/src/Illuminate/Pipeline/Pipeline.php(167): Illuminate\\Foundation\\Http\\Middleware\\ConvertEmptyStringsToNull->handle()
#17 /var/www/cutera-upgradation/vendor/laravel/framework/src/Illuminate/Foundation/Http/Middleware/TransformsRequest.php(21): Illuminate\\Pipeline\\Pipeline->Illuminate\\Pipeline\\{closure}()
#18 /var/www/cutera-upgradation/vendor/laravel/framework/src/Illuminate/Foundation/Http/Middleware/TrimStrings.php(40): Illuminate\\Foundation\\Http\\Middleware\\TransformsRequest->handle()
#19 /var/www/cutera-upgradation/vendor/laravel/framework/src/Illuminate/Pipeline/Pipeline.php(167): Illuminate\\Foundation\\Http\\Middleware\\TrimStrings->handle()
#20 /var/www/cutera-upgradation/vendor/laravel/framework/src/Illuminate/Foundation/Http/Middleware/ValidatePostSize.php(27): Illuminate\\Pipeline\\Pipeline->Illuminate\\Pipeline\\{closure}()
#21 /var/www/cutera-upgradation/vendor/laravel/framework/src/Illuminate/Pipeline/Pipeline.php(167): Illuminate\\Foundation\\Http\\Middleware\\ValidatePostSize->handle()
#22 /var/www/cutera-upgradation/vendor/laravel/framework/src/Illuminate/Foundation/Http/Middleware/PreventRequestsDuringMaintenance.php(86): Illuminate\\Pipeline\\Pipeline->Illuminate\\Pipeline\\{closure}()
#23 /var/www/cutera-upgradation/vendor/laravel/framework/src/Illuminate/Pipeline/Pipeline.php(167): Illuminate\\Foundation\\Http\\Middleware\\PreventRequestsDuringMaintenance->handle()
#24 /var/www/cutera-upgradation/vendor/fruitcake/laravel-cors/src/HandleCors.php(38): Illuminate\\Pipeline\\Pipeline->Illuminate\\Pipeline\\{closure}()
#25 /var/www/cutera-upgradation/vendor/laravel/framework/src/Illuminate/Pipeline/Pipeline.php(167): Fruitcake\\Cors\\HandleCors->handle()
#26 /var/www/cutera-upgradation/vendor/laravel/framework/src/Illuminate/Http/Middleware/TrustProxies.php(39): Illuminate\\Pipeline\\Pipeline->Illuminate\\Pipeline\\{closure}()
#27 /var/www/cutera-upgradation/vendor/laravel/framework/src/Illuminate/Pipeline/Pipeline.php(167): Illuminate\\Http\\Middleware\\TrustProxies->handle()
#28 /var/www/cutera-upgradation/vendor/laravel/framework/src/Illuminate/Pipeline/Pipeline.php(103): Illuminate\\Pipeline\\Pipeline->Illuminate\\Pipeline\\{closure}()
#29 /var/www/cutera-upgradation/vendor/laravel/framework/src/Illuminate/Foundation/Http/Kernel.php(142): Illuminate\\Pipeline\\Pipeline->then()
#30 /var/www/cutera-upgradation/vendor/laravel/framework/src/Illuminate/Foundation/Http/Kernel.php(111): Illuminate\\Foundation\\Http\\Kernel->sendRequestThroughRouter()
#31 /var/www/cutera-upgradation/public/index.php(52): Illuminate\\Foundation\\Http\\Kernel->handle()
#32 {main}

[previous exception] [object] (ReflectionException(code: -1): Class \"App\\Http\\Controllers\\Admin\eports\\FinanceReportController\" does not exist at /var/www/cutera-upgradation/vendor/laravel/framework/src/Illuminate/Container/Container.php:877)
[stacktrace]
#0 /var/www/cutera-upgradation/vendor/laravel/framework/src/Illuminate/Container/Container.php(877): ReflectionClass->__construct()
#1 /var/www/cutera-upgradation/vendor/laravel/framework/src/Illuminate/Container/Container.php(758): Illuminate\\Container\\Container->build()
#2 /var/www/cutera-upgradation/vendor/laravel/framework/src/Illuminate/Foundation/Application.php(851): Illuminate\\Container\\Container->resolve()
#3 /var/www/cutera-upgradation/vendor/laravel/framework/src/Illuminate/Container/Container.php(694): Illuminate\\Foundation\\Application->resolve()
#4 /var/www/cutera-upgradation/vendor/laravel/framework/src/Illuminate/Foundation/Application.php(836): Illuminate\\Container\\Container->make()
#5 /var/www/cutera-upgradation/vendor/laravel/framework/src/Illuminate/Routing/Route.php(276): Illuminate\\Foundation\\Application->make()
#6 /var/www/cutera-upgradation/vendor/laravel/framework/src/Illuminate/Routing/Route.php(1069): Illuminate\\Routing\\Route->getController()
#7 /var/www/cutera-upgradation/vendor/laravel/framework/src/Illuminate/Routing/Route.php(1012): Illuminate\\Routing\\Route->controllerMiddleware()
#8 /var/www/cutera-upgradation/vendor/laravel/framework/src/Illuminate/Routing/Router.php(734): Illuminate\\Routing\\Route->gatherMiddleware()
#9 /var/www/cutera-upgradation/vendor/laravel/framework/src/Illuminate/Routing/Router.php(714): Illuminate\\Routing\\Router->gatherRouteMiddleware()
#10 /var/www/cutera-upgradation/vendor/laravel/framework/src/Illuminate/Routing/Router.php(698): Illuminate\\Routing\\Router->runRouteWithinStack()
#11 /var/www/cutera-upgradation/vendor/laravel/framework/src/Illuminate/Routing/Router.php(662): Illuminate\\Routing\\Router->runRoute()
#12 /var/www/cutera-upgradation/vendor/laravel/framework/src/Illuminate/Routing/Router.php(651): Illuminate\\Routing\\Router->dispatchToRoute()
#13 /var/www/cutera-upgradation/vendor/laravel/framework/src/Illuminate/Foundation/Http/Kernel.php(167): Illuminate\\Routing\\Router->dispatch()
#14 /var/www/cutera-upgradation/vendor/laravel/framework/src/Illuminate/Pipeline/Pipeline.php(128): Illuminate\\Foundation\\Http\\Kernel->Illuminate\\Foundation\\Http\\{closure}()
#15 /var/www/cutera-upgradation/vendor/laravel/framework/src/Illuminate/Foundation/Http/Middleware/TransformsRequest.php(21): Illuminate\\Pipeline\\Pipeline->Illuminate\\Pipeline\\{closure}()
#16 /var/www/cutera-upgradation/vendor/laravel/framework/src/Illuminate/Foundation/Http/Middleware/ConvertEmptyStringsToNull.php(31): Illuminate\\Foundation\\Http\\Middleware\\TransformsRequest->handle()
#17 /var/www/cutera-upgradation/vendor/laravel/framework/src/Illuminate/Pipeline/Pipeline.php(167): Illuminate\\Foundation\\Http\\Middleware\\ConvertEmptyStringsToNull->handle()
#18 /var/www/cutera-upgradation/vendor/laravel/framework/src/Illuminate/Foundation/Http/Middleware/TransformsRequest.php(21): Illuminate\\Pipeline\\Pipeline->Illuminate\\Pipeline\\{closure}()
#19 /var/www/cutera-upgradation/vendor/laravel/framework/src/Illuminate/Foundation/Http/Middleware/TrimStrings.php(40): Illuminate\\Foundation\\Http\\Middleware\\TransformsRequest->handle()
#20 /var/www/cutera-upgradation/vendor/laravel/framework/src/Illuminate/Pipeline/Pipeline.php(167): Illuminate\\Foundation\\Http\\Middleware\\TrimStrings->handle()
#21 /var/www/cutera-upgradation/vendor/laravel/framework/src/Illuminate/Foundation/Http/Middleware/ValidatePostSize.php(27): Illuminate\\Pipeline\\Pipeline->Illuminate\\Pipeline\\{closure}()
#22 /var/www/cutera-upgradation/vendor/laravel/framework/src/Illuminate/Pipeline/Pipeline.php(167): Illuminate\\Foundation\\Http\\Middleware\\ValidatePostSize->handle()
#23 /var/www/cutera-upgradation/vendor/laravel/framework/src/Illuminate/Foundation/Http/Middleware/PreventRequestsDuringMaintenance.php(86): Illuminate\\Pipeline\\Pipeline->Illuminate\\Pipeline\\{closure}()
#24 /var/www/cutera-upgradation/vendor/laravel/framework/src/Illuminate/Pipeline/Pipeline.php(167): Illuminate\\Foundation\\Http\\Middleware\\PreventRequestsDuringMaintenance->handle()
#25 /var/www/cutera-upgradation/vendor/fruitcake/laravel-cors/src/HandleCors.php(38): Illuminate\\Pipeline\\Pipeline->Illuminate\\Pipeline\\{closure}()
#26 /var/www/cutera-upgradation/vendor/laravel/framework/src/Illuminate/Pipeline/Pipeline.php(167): Fruitcake\\Cors\\HandleCors->handle()
#27 /var/www/cutera-upgradation/vendor/laravel/framework/src/Illuminate/Http/Middleware/TrustProxies.php(39): Illuminate\\Pipeline\\Pipeline->Illuminate\\Pipeline\\{closure}()
#28 /var/www/cutera-upgradation/vendor/laravel/framework/src/Illuminate/Pipeline/Pipeline.php(167): Illuminate\\Http\\Middleware\\TrustProxies->handle()
#29 /var/www/cutera-upgradation/vendor/laravel/framework/src/Illuminate/Pipeline/Pipeline.php(103): Illuminate\\Pipeline\\Pipeline->Illuminate\\Pipeline\\{closure}()
#30 /var/www/cutera-upgradation/vendor/laravel/framework/src/Illuminate/Foundation/Http/Kernel.php(142): Illuminate\\Pipeline\\Pipeline->then()
#31 /var/www/cutera-upgradation/vendor/laravel/framework/src/Illuminate/Foundation/Http/Kernel.php(111): Illuminate\\Foundation\\Http\\Kernel->sendRequestThroughRouter()
#32 /var/www/cutera-upgradation/public/index.php(52): Illuminate\\Foundation\\Http\\Kernel->handle()
#33 {main}
"} 
[2022-06-29 12:56:57] local.ERROR: Unable to prepare route [admin/custom_form_feedbacks/create] for serialization. Another route has already been assigned name [admin.custom_form_feedbacks.create]. {"exception":"[object] (LogicException(code: 0): Unable to prepare route [admin/custom_form_feedbacks/create] for serialization. Another route has already been assigned name [admin.custom_form_feedbacks.create]. at /var/www/cutera-upgradation/vendor/laravel/framework/src/Illuminate/Routing/AbstractRouteCollection.php:218)
[stacktrace]
#0 /var/www/cutera-upgradation/vendor/laravel/framework/src/Illuminate/Routing/AbstractRouteCollection.php(179): Illuminate\\Routing\\AbstractRouteCollection->addToSymfonyRoutesCollection()
#1 /var/www/cutera-upgradation/vendor/laravel/framework/src/Illuminate/Routing/RouteCollection.php(246): Illuminate\\Routing\\AbstractRouteCollection->toSymfonyRouteCollection()
#2 /var/www/cutera-upgradation/vendor/laravel/framework/src/Illuminate/Routing/AbstractRouteCollection.php(163): Illuminate\\Routing\\RouteCollection->toSymfonyRouteCollection()
#3 /var/www/cutera-upgradation/vendor/laravel/framework/src/Illuminate/Routing/AbstractRouteCollection.php(134): Illuminate\\Routing\\AbstractRouteCollection->dumper()
#4 /var/www/cutera-upgradation/vendor/laravel/framework/src/Illuminate/Foundation/Console/RouteCacheCommand.php(107): Illuminate\\Routing\\AbstractRouteCollection->compile()
#5 /var/www/cutera-upgradation/vendor/laravel/framework/src/Illuminate/Foundation/Console/RouteCacheCommand.php(66): Illuminate\\Foundation\\Console\\RouteCacheCommand->buildRouteCacheFile()
#6 /var/www/cutera-upgradation/vendor/laravel/framework/src/Illuminate/Container/BoundMethod.php(36): Illuminate\\Foundation\\Console\\RouteCacheCommand->handle()
#7 /var/www/cutera-upgradation/vendor/laravel/framework/src/Illuminate/Container/Util.php(40): Illuminate\\Container\\BoundMethod::Illuminate\\Container\\{closure}()
#8 /var/www/cutera-upgradation/vendor/laravel/framework/src/Illuminate/Container/BoundMethod.php(93): Illuminate\\Container\\Util::unwrapIfClosure()
#9 /var/www/cutera-upgradation/vendor/laravel/framework/src/Illuminate/Container/BoundMethod.php(37): Illuminate\\Container\\BoundMethod::callBoundMethod()
#10 /var/www/cutera-upgradation/vendor/laravel/framework/src/Illuminate/Container/Container.php(653): Illuminate\\Container\\BoundMethod::call()
#11 /var/www/cutera-upgradation/vendor/laravel/framework/src/Illuminate/Console/Command.php(136): Illuminate\\Container\\Container->call()
#12 /var/www/cutera-upgradation/vendor/symfony/console/Command/Command.php(298): Illuminate\\Console\\Command->execute()
#13 /var/www/cutera-upgradation/vendor/laravel/framework/src/Illuminate/Console/Command.php(121): Symfony\\Component\\Console\\Command\\Command->run()
#14 /var/www/cutera-upgradation/vendor/laravel/framework/src/Illuminate/Console/Concerns/CallsCommands.php(68): Illuminate\\Console\\Command->run()
#15 /var/www/cutera-upgradation/vendor/laravel/framework/src/Illuminate/Console/Concerns/CallsCommands.php(28): Illuminate\\Console\\Command->runCommand()
#16 /var/www/cutera-upgradation/vendor/laravel/framework/src/Illuminate/Foundation/Console/OptimizeCommand.php(31): Illuminate\\Console\\Command->call()
#17 /var/www/cutera-upgradation/vendor/laravel/framework/src/Illuminate/Container/BoundMethod.php(36): Illuminate\\Foundation\\Console\\OptimizeCommand->handle()
#18 /var/www/cutera-upgradation/vendor/laravel/framework/src/Illuminate/Container/Util.php(40): Illuminate\\Container\\BoundMethod::Illuminate\\Container\\{closure}()
#19 /var/www/cutera-upgradation/vendor/laravel/framework/src/Illuminate/Container/BoundMethod.php(93): Illuminate\\Container\\Util::unwrapIfClosure()
#20 /var/www/cutera-upgradation/vendor/laravel/framework/src/Illuminate/Container/BoundMethod.php(37): Illuminate\\Container\\BoundMethod::callBoundMethod()
#21 /var/www/cutera-upgradation/vendor/laravel/framework/src/Illuminate/Container/Container.php(653): Illuminate\\Container\\BoundMethod::call()
#22 /var/www/cutera-upgradation/vendor/laravel/framework/src/Illuminate/Console/Command.php(136): Illuminate\\Container\\Container->call()
#23 /var/www/cutera-upgradation/vendor/symfony/console/Command/Command.php(298): Illuminate\\Console\\Command->execute()
#24 /var/www/cutera-upgradation/vendor/laravel/framework/src/Illuminate/Console/Command.php(121): Symfony\\Component\\Console\\Command\\Command->run()
#25 /var/www/cutera-upgradation/vendor/symfony/console/Application.php(1015): Illuminate\\Console\\Command->run()
#26 /var/www/cutera-upgradation/vendor/symfony/console/Application.php(299): Symfony\\Component\\Console\\Application->doRunCommand()
#27 /var/www/cutera-upgradation/vendor/symfony/console/Application.php(171): Symfony\\Component\\Console\\Application->doRun()
#28 /var/www/cutera-upgradation/vendor/laravel/framework/src/Illuminate/Console/Application.php(94): Symfony\\Component\\Console\\Application->run()
#29 /var/www/cutera-upgradation/vendor/laravel/framework/src/Illuminate/Foundation/Console/Kernel.php(129): Illuminate\\Console\\Application->run()
#30 /var/www/cutera-upgradation/artisan(37): Illuminate\\Foundation\\Console\\Kernel->handle()
#31 {main}
"} 
[2022-06-29 12:58:09] local.ERROR: Target class [App\Http\Controllers\Admin\reports\FinanceReportController] does not exist. {"exception":"[object] (Illuminate\\Contracts\\Container\\BindingResolutionException(code: 0): Target class [App\\Http\\Controllers\\Admin\eports\\FinanceReportController] does not exist. at /var/www/cutera-upgradation/vendor/laravel/framework/src/Illuminate/Container/Container.php:879)
[stacktrace]
#0 /var/www/cutera-upgradation/vendor/laravel/framework/src/Illuminate/Container/Container.php(758): Illuminate\\Container\\Container->build()
#1 /var/www/cutera-upgradation/vendor/laravel/framework/src/Illuminate/Foundation/Application.php(851): Illuminate\\Container\\Container->resolve()
#2 /var/www/cutera-upgradation/vendor/laravel/framework/src/Illuminate/Container/Container.php(694): Illuminate\\Foundation\\Application->resolve()
#3 /var/www/cutera-upgradation/vendor/laravel/framework/src/Illuminate/Foundation/Application.php(836): Illuminate\\Container\\Container->make()
#4 /var/www/cutera-upgradation/vendor/laravel/framework/src/Illuminate/Routing/Route.php(276): Illuminate\\Foundation\\Application->make()
#5 /var/www/cutera-upgradation/vendor/laravel/framework/src/Illuminate/Routing/Route.php(1069): Illuminate\\Routing\\Route->getController()
#6 /var/www/cutera-upgradation/vendor/laravel/framework/src/Illuminate/Routing/Route.php(1012): Illuminate\\Routing\\Route->controllerMiddleware()
#7 /var/www/cutera-upgradation/vendor/laravel/framework/src/Illuminate/Routing/Router.php(734): Illuminate\\Routing\\Route->gatherMiddleware()
#8 /var/www/cutera-upgradation/vendor/laravel/framework/src/Illuminate/Routing/Router.php(714): Illuminate\\Routing\\Router->gatherRouteMiddleware()
#9 /var/www/cutera-upgradation/vendor/laravel/framework/src/Illuminate/Routing/Router.php(698): Illuminate\\Routing\\Router->runRouteWithinStack()
#10 /var/www/cutera-upgradation/vendor/laravel/framework/src/Illuminate/Routing/Router.php(662): Illuminate\\Routing\\Router->runRoute()
#11 /var/www/cutera-upgradation/vendor/laravel/framework/src/Illuminate/Routing/Router.php(651): Illuminate\\Routing\\Router->dispatchToRoute()
#12 /var/www/cutera-upgradation/vendor/laravel/framework/src/Illuminate/Foundation/Http/Kernel.php(167): Illuminate\\Routing\\Router->dispatch()
#13 /var/www/cutera-upgradation/vendor/laravel/framework/src/Illuminate/Pipeline/Pipeline.php(128): Illuminate\\Foundation\\Http\\Kernel->Illuminate\\Foundation\\Http\\{closure}()
#14 /var/www/cutera-upgradation/vendor/laravel/framework/src/Illuminate/Foundation/Http/Middleware/TransformsRequest.php(21): Illuminate\\Pipeline\\Pipeline->Illuminate\\Pipeline\\{closure}()
#15 /var/www/cutera-upgradation/vendor/laravel/framework/src/Illuminate/Foundation/Http/Middleware/ConvertEmptyStringsToNull.php(31): Illuminate\\Foundation\\Http\\Middleware\\TransformsRequest->handle()
#16 /var/www/cutera-upgradation/vendor/laravel/framework/src/Illuminate/Pipeline/Pipeline.php(167): Illuminate\\Foundation\\Http\\Middleware\\ConvertEmptyStringsToNull->handle()
#17 /var/www/cutera-upgradation/vendor/laravel/framework/src/Illuminate/Foundation/Http/Middleware/TransformsRequest.php(21): Illuminate\\Pipeline\\Pipeline->Illuminate\\Pipeline\\{closure}()
#18 /var/www/cutera-upgradation/vendor/laravel/framework/src/Illuminate/Foundation/Http/Middleware/TrimStrings.php(40): Illuminate\\Foundation\\Http\\Middleware\\TransformsRequest->handle()
#19 /var/www/cutera-upgradation/vendor/laravel/framework/src/Illuminate/Pipeline/Pipeline.php(167): Illuminate\\Foundation\\Http\\Middleware\\TrimStrings->handle()
#20 /var/www/cutera-upgradation/vendor/laravel/framework/src/Illuminate/Foundation/Http/Middleware/ValidatePostSize.php(27): Illuminate\\Pipeline\\Pipeline->Illuminate\\Pipeline\\{closure}()
#21 /var/www/cutera-upgradation/vendor/laravel/framework/src/Illuminate/Pipeline/Pipeline.php(167): Illuminate\\Foundation\\Http\\Middleware\\ValidatePostSize->handle()
#22 /var/www/cutera-upgradation/vendor/laravel/framework/src/Illuminate/Foundation/Http/Middleware/PreventRequestsDuringMaintenance.php(86): Illuminate\\Pipeline\\Pipeline->Illuminate\\Pipeline\\{closure}()
#23 /var/www/cutera-upgradation/vendor/laravel/framework/src/Illuminate/Pipeline/Pipeline.php(167): Illuminate\\Foundation\\Http\\Middleware\\PreventRequestsDuringMaintenance->handle()
#24 /var/www/cutera-upgradation/vendor/fruitcake/laravel-cors/src/HandleCors.php(38): Illuminate\\Pipeline\\Pipeline->Illuminate\\Pipeline\\{closure}()
#25 /var/www/cutera-upgradation/vendor/laravel/framework/src/Illuminate/Pipeline/Pipeline.php(167): Fruitcake\\Cors\\HandleCors->handle()
#26 /var/www/cutera-upgradation/vendor/laravel/framework/src/Illuminate/Http/Middleware/TrustProxies.php(39): Illuminate\\Pipeline\\Pipeline->Illuminate\\Pipeline\\{closure}()
#27 /var/www/cutera-upgradation/vendor/laravel/framework/src/Illuminate/Pipeline/Pipeline.php(167): Illuminate\\Http\\Middleware\\TrustProxies->handle()
#28 /var/www/cutera-upgradation/vendor/laravel/framework/src/Illuminate/Pipeline/Pipeline.php(103): Illuminate\\Pipeline\\Pipeline->Illuminate\\Pipeline\\{closure}()
#29 /var/www/cutera-upgradation/vendor/laravel/framework/src/Illuminate/Foundation/Http/Kernel.php(142): Illuminate\\Pipeline\\Pipeline->then()
#30 /var/www/cutera-upgradation/vendor/laravel/framework/src/Illuminate/Foundation/Http/Kernel.php(111): Illuminate\\Foundation\\Http\\Kernel->sendRequestThroughRouter()
#31 /var/www/cutera-upgradation/public/index.php(52): Illuminate\\Foundation\\Http\\Kernel->handle()
#32 {main}

[previous exception] [object] (ReflectionException(code: -1): Class \"App\\Http\\Controllers\\Admin\eports\\FinanceReportController\" does not exist at /var/www/cutera-upgradation/vendor/laravel/framework/src/Illuminate/Container/Container.php:877)
[stacktrace]
#0 /var/www/cutera-upgradation/vendor/laravel/framework/src/Illuminate/Container/Container.php(877): ReflectionClass->__construct()
#1 /var/www/cutera-upgradation/vendor/laravel/framework/src/Illuminate/Container/Container.php(758): Illuminate\\Container\\Container->build()
#2 /var/www/cutera-upgradation/vendor/laravel/framework/src/Illuminate/Foundation/Application.php(851): Illuminate\\Container\\Container->resolve()
#3 /var/www/cutera-upgradation/vendor/laravel/framework/src/Illuminate/Container/Container.php(694): Illuminate\\Foundation\\Application->resolve()
#4 /var/www/cutera-upgradation/vendor/laravel/framework/src/Illuminate/Foundation/Application.php(836): Illuminate\\Container\\Container->make()
#5 /var/www/cutera-upgradation/vendor/laravel/framework/src/Illuminate/Routing/Route.php(276): Illuminate\\Foundation\\Application->make()
#6 /var/www/cutera-upgradation/vendor/laravel/framework/src/Illuminate/Routing/Route.php(1069): Illuminate\\Routing\\Route->getController()
#7 /var/www/cutera-upgradation/vendor/laravel/framework/src/Illuminate/Routing/Route.php(1012): Illuminate\\Routing\\Route->controllerMiddleware()
#8 /var/www/cutera-upgradation/vendor/laravel/framework/src/Illuminate/Routing/Router.php(734): Illuminate\\Routing\\Route->gatherMiddleware()
#9 /var/www/cutera-upgradation/vendor/laravel/framework/src/Illuminate/Routing/Router.php(714): Illuminate\\Routing\\Router->gatherRouteMiddleware()
#10 /var/www/cutera-upgradation/vendor/laravel/framework/src/Illuminate/Routing/Router.php(698): Illuminate\\Routing\\Router->runRouteWithinStack()
#11 /var/www/cutera-upgradation/vendor/laravel/framework/src/Illuminate/Routing/Router.php(662): Illuminate\\Routing\\Router->runRoute()
#12 /var/www/cutera-upgradation/vendor/laravel/framework/src/Illuminate/Routing/Router.php(651): Illuminate\\Routing\\Router->dispatchToRoute()
#13 /var/www/cutera-upgradation/vendor/laravel/framework/src/Illuminate/Foundation/Http/Kernel.php(167): Illuminate\\Routing\\Router->dispatch()
#14 /var/www/cutera-upgradation/vendor/laravel/framework/src/Illuminate/Pipeline/Pipeline.php(128): Illuminate\\Foundation\\Http\\Kernel->Illuminate\\Foundation\\Http\\{closure}()
#15 /var/www/cutera-upgradation/vendor/laravel/framework/src/Illuminate/Foundation/Http/Middleware/TransformsRequest.php(21): Illuminate\\Pipeline\\Pipeline->Illuminate\\Pipeline\\{closure}()
#16 /var/www/cutera-upgradation/vendor/laravel/framework/src/Illuminate/Foundation/Http/Middleware/ConvertEmptyStringsToNull.php(31): Illuminate\\Foundation\\Http\\Middleware\\TransformsRequest->handle()
#17 /var/www/cutera-upgradation/vendor/laravel/framework/src/Illuminate/Pipeline/Pipeline.php(167): Illuminate\\Foundation\\Http\\Middleware\\ConvertEmptyStringsToNull->handle()
#18 /var/www/cutera-upgradation/vendor/laravel/framework/src/Illuminate/Foundation/Http/Middleware/TransformsRequest.php(21): Illuminate\\Pipeline\\Pipeline->Illuminate\\Pipeline\\{closure}()
#19 /var/www/cutera-upgradation/vendor/laravel/framework/src/Illuminate/Foundation/Http/Middleware/TrimStrings.php(40): Illuminate\\Foundation\\Http\\Middleware\\TransformsRequest->handle()
#20 /var/www/cutera-upgradation/vendor/laravel/framework/src/Illuminate/Pipeline/Pipeline.php(167): Illuminate\\Foundation\\Http\\Middleware\\TrimStrings->handle()
#21 /var/www/cutera-upgradation/vendor/laravel/framework/src/Illuminate/Foundation/Http/Middleware/ValidatePostSize.php(27): Illuminate\\Pipeline\\Pipeline->Illuminate\\Pipeline\\{closure}()
#22 /var/www/cutera-upgradation/vendor/laravel/framework/src/Illuminate/Pipeline/Pipeline.php(167): Illuminate\\Foundation\\Http\\Middleware\\ValidatePostSize->handle()
#23 /var/www/cutera-upgradation/vendor/laravel/framework/src/Illuminate/Foundation/Http/Middleware/PreventRequestsDuringMaintenance.php(86): Illuminate\\Pipeline\\Pipeline->Illuminate\\Pipeline\\{closure}()
#24 /var/www/cutera-upgradation/vendor/laravel/framework/src/Illuminate/Pipeline/Pipeline.php(167): Illuminate\\Foundation\\Http\\Middleware\\PreventRequestsDuringMaintenance->handle()
#25 /var/www/cutera-upgradation/vendor/fruitcake/laravel-cors/src/HandleCors.php(38): Illuminate\\Pipeline\\Pipeline->Illuminate\\Pipeline\\{closure}()
#26 /var/www/cutera-upgradation/vendor/laravel/framework/src/Illuminate/Pipeline/Pipeline.php(167): Fruitcake\\Cors\\HandleCors->handle()
#27 /var/www/cutera-upgradation/vendor/laravel/framework/src/Illuminate/Http/Middleware/TrustProxies.php(39): Illuminate\\Pipeline\\Pipeline->Illuminate\\Pipeline\\{closure}()
#28 /var/www/cutera-upgradation/vendor/laravel/framework/src/Illuminate/Pipeline/Pipeline.php(167): Illuminate\\Http\\Middleware\\TrustProxies->handle()
#29 /var/www/cutera-upgradation/vendor/laravel/framework/src/Illuminate/Pipeline/Pipeline.php(103): Illuminate\\Pipeline\\Pipeline->Illuminate\\Pipeline\\{closure}()
#30 /var/www/cutera-upgradation/vendor/laravel/framework/src/Illuminate/Foundation/Http/Kernel.php(142): Illuminate\\Pipeline\\Pipeline->then()
#31 /var/www/cutera-upgradation/vendor/laravel/framework/src/Illuminate/Foundation/Http/Kernel.php(111): Illuminate\\Foundation\\Http\\Kernel->sendRequestThroughRouter()
#32 /var/www/cutera-upgradation/public/index.php(52): Illuminate\\Foundation\\Http\\Kernel->handle()
#33 {main}
"} 
[2022-06-29 12:58:36] local.ERROR: Class "App\Http\Controllers\Admin\Reports\Locations" not found {"userId":1,"exception":"[object] (Error(code: 0): Class \"App\\Http\\Controllers\\Admin\\Reports\\Locations\" not found at /var/www/cutera-upgradation/app/Http/Controllers/Admin/Reports/FinanceReportController.php:80)
[stacktrace]
#0 /var/www/cutera-upgradation/vendor/laravel/framework/src/Illuminate/Routing/Controller.php(54): App\\Http\\Controllers\\Admin\\Reports\\FinanceReportController->report()
#1 /var/www/cutera-upgradation/vendor/laravel/framework/src/Illuminate/Routing/ControllerDispatcher.php(45): Illuminate\\Routing\\Controller->callAction()
#2 /var/www/cutera-upgradation/vendor/laravel/framework/src/Illuminate/Routing/Route.php(262): Illuminate\\Routing\\ControllerDispatcher->dispatch()
#3 /var/www/cutera-upgradation/vendor/laravel/framework/src/Illuminate/Routing/Route.php(205): Illuminate\\Routing\\Route->runController()
#4 /var/www/cutera-upgradation/vendor/laravel/framework/src/Illuminate/Routing/Router.php(721): Illuminate\\Routing\\Route->run()
#5 /var/www/cutera-upgradation/vendor/laravel/framework/src/Illuminate/Pipeline/Pipeline.php(128): Illuminate\\Routing\\Router->Illuminate\\Routing\\{closure}()
#6 /var/www/cutera-upgradation/app/Http/Middleware/CheckAccountStatus.php(20): Illuminate\\Pipeline\\Pipeline->Illuminate\\Pipeline\\{closure}()
#7 /var/www/cutera-upgradation/vendor/laravel/framework/src/Illuminate/Pipeline/Pipeline.php(167): App\\Http\\Middleware\\CheckAccountStatus->handle()
#8 /var/www/cutera-upgradation/app/Http/Middleware/AuthenticateApiWeb.php(24): Illuminate\\Pipeline\\Pipeline->Illuminate\\Pipeline\\{closure}()
#9 /var/www/cutera-upgradation/vendor/laravel/framework/src/Illuminate/Pipeline/Pipeline.php(167): App\\Http\\Middleware\\AuthenticateApiWeb->handle()
#10 /var/www/cutera-upgradation/vendor/laravel/framework/src/Illuminate/Routing/Middleware/SubstituteBindings.php(50): Illuminate\\Pipeline\\Pipeline->Illuminate\\Pipeline\\{closure}()
#11 /var/www/cutera-upgradation/vendor/laravel/framework/src/Illuminate/Pipeline/Pipeline.php(167): Illuminate\\Routing\\Middleware\\SubstituteBindings->handle()
#12 /var/www/cutera-upgradation/app/Http/Middleware/VerifyCsrfToken.php(32): Illuminate\\Pipeline\\Pipeline->Illuminate\\Pipeline\\{closure}()
#13 /var/www/cutera-upgradation/vendor/laravel/framework/src/Illuminate/Pipeline/Pipeline.php(167): App\\Http\\Middleware\\VerifyCsrfToken->handle()
#14 /var/www/cutera-upgradation/vendor/laravel/framework/src/Illuminate/View/Middleware/ShareErrorsFromSession.php(49): Illuminate\\Pipeline\\Pipeline->Illuminate\\Pipeline\\{closure}()
#15 /var/www/cutera-upgradation/vendor/laravel/framework/src/Illuminate/Pipeline/Pipeline.php(167): Illuminate\\View\\Middleware\\ShareErrorsFromSession->handle()
#16 /var/www/cutera-upgradation/vendor/laravel/framework/src/Illuminate/Session/Middleware/StartSession.php(121): Illuminate\\Pipeline\\Pipeline->Illuminate\\Pipeline\\{closure}()
#17 /var/www/cutera-upgradation/vendor/laravel/framework/src/Illuminate/Session/Middleware/StartSession.php(64): Illuminate\\Session\\Middleware\\StartSession->handleStatefulRequest()
#18 /var/www/cutera-upgradation/vendor/laravel/framework/src/Illuminate/Pipeline/Pipeline.php(167): Illuminate\\Session\\Middleware\\StartSession->handle()
#19 /var/www/cutera-upgradation/vendor/laravel/framework/src/Illuminate/Cookie/Middleware/AddQueuedCookiesToResponse.php(37): Illuminate\\Pipeline\\Pipeline->Illuminate\\Pipeline\\{closure}()
#20 /var/www/cutera-upgradation/vendor/laravel/framework/src/Illuminate/Pipeline/Pipeline.php(167): Illuminate\\Cookie\\Middleware\\AddQueuedCookiesToResponse->handle()
#21 /var/www/cutera-upgradation/vendor/laravel/framework/src/Illuminate/Cookie/Middleware/EncryptCookies.php(67): Illuminate\\Pipeline\\Pipeline->Illuminate\\Pipeline\\{closure}()
#22 /var/www/cutera-upgradation/vendor/laravel/framework/src/Illuminate/Pipeline/Pipeline.php(167): Illuminate\\Cookie\\Middleware\\EncryptCookies->handle()
#23 /var/www/cutera-upgradation/vendor/laravel/framework/src/Illuminate/Pipeline/Pipeline.php(103): Illuminate\\Pipeline\\Pipeline->Illuminate\\Pipeline\\{closure}()
#24 /var/www/cutera-upgradation/vendor/laravel/framework/src/Illuminate/Routing/Router.php(723): Illuminate\\Pipeline\\Pipeline->then()
#25 /var/www/cutera-upgradation/vendor/laravel/framework/src/Illuminate/Routing/Router.php(698): Illuminate\\Routing\\Router->runRouteWithinStack()
#26 /var/www/cutera-upgradation/vendor/laravel/framework/src/Illuminate/Routing/Router.php(662): Illuminate\\Routing\\Router->runRoute()
#27 /var/www/cutera-upgradation/vendor/laravel/framework/src/Illuminate/Routing/Router.php(651): Illuminate\\Routing\\Router->dispatchToRoute()
#28 /var/www/cutera-upgradation/vendor/laravel/framework/src/Illuminate/Foundation/Http/Kernel.php(167): Illuminate\\Routing\\Router->dispatch()
#29 /var/www/cutera-upgradation/vendor/laravel/framework/src/Illuminate/Pipeline/Pipeline.php(128): Illuminate\\Foundation\\Http\\Kernel->Illuminate\\Foundation\\Http\\{closure}()
#30 /var/www/cutera-upgradation/vendor/laravel/framework/src/Illuminate/Foundation/Http/Middleware/TransformsRequest.php(21): Illuminate\\Pipeline\\Pipeline->Illuminate\\Pipeline\\{closure}()
#31 /var/www/cutera-upgradation/vendor/laravel/framework/src/Illuminate/Foundation/Http/Middleware/ConvertEmptyStringsToNull.php(31): Illuminate\\Foundation\\Http\\Middleware\\TransformsRequest->handle()
#32 /var/www/cutera-upgradation/vendor/laravel/framework/src/Illuminate/Pipeline/Pipeline.php(167): Illuminate\\Foundation\\Http\\Middleware\\ConvertEmptyStringsToNull->handle()
#33 /var/www/cutera-upgradation/vendor/laravel/framework/src/Illuminate/Foundation/Http/Middleware/TransformsRequest.php(21): Illuminate\\Pipeline\\Pipeline->Illuminate\\Pipeline\\{closure}()
#34 /var/www/cutera-upgradation/vendor/laravel/framework/src/Illuminate/Foundation/Http/Middleware/TrimStrings.php(40): Illuminate\\Foundation\\Http\\Middleware\\TransformsRequest->handle()
#35 /var/www/cutera-upgradation/vendor/laravel/framework/src/Illuminate/Pipeline/Pipeline.php(167): Illuminate\\Foundation\\Http\\Middleware\\TrimStrings->handle()
#36 /var/www/cutera-upgradation/vendor/laravel/framework/src/Illuminate/Foundation/Http/Middleware/ValidatePostSize.php(27): Illuminate\\Pipeline\\Pipeline->Illuminate\\Pipeline\\{closure}()
#37 /var/www/cutera-upgradation/vendor/laravel/framework/src/Illuminate/Pipeline/Pipeline.php(167): Illuminate\\Foundation\\Http\\Middleware\\ValidatePostSize->handle()
#38 /var/www/cutera-upgradation/vendor/laravel/framework/src/Illuminate/Foundation/Http/Middleware/PreventRequestsDuringMaintenance.php(86): Illuminate\\Pipeline\\Pipeline->Illuminate\\Pipeline\\{closure}()
#39 /var/www/cutera-upgradation/vendor/laravel/framework/src/Illuminate/Pipeline/Pipeline.php(167): Illuminate\\Foundation\\Http\\Middleware\\PreventRequestsDuringMaintenance->handle()
#40 /var/www/cutera-upgradation/vendor/fruitcake/laravel-cors/src/HandleCors.php(38): Illuminate\\Pipeline\\Pipeline->Illuminate\\Pipeline\\{closure}()
#41 /var/www/cutera-upgradation/vendor/laravel/framework/src/Illuminate/Pipeline/Pipeline.php(167): Fruitcake\\Cors\\HandleCors->handle()
#42 /var/www/cutera-upgradation/vendor/laravel/framework/src/Illuminate/Http/Middleware/TrustProxies.php(39): Illuminate\\Pipeline\\Pipeline->Illuminate\\Pipeline\\{closure}()
#43 /var/www/cutera-upgradation/vendor/laravel/framework/src/Illuminate/Pipeline/Pipeline.php(167): Illuminate\\Http\\Middleware\\TrustProxies->handle()
#44 /var/www/cutera-upgradation/vendor/laravel/framework/src/Illuminate/Pipeline/Pipeline.php(103): Illuminate\\Pipeline\\Pipeline->Illuminate\\Pipeline\\{closure}()
#45 /var/www/cutera-upgradation/vendor/laravel/framework/src/Illuminate/Foundation/Http/Kernel.php(142): Illuminate\\Pipeline\\Pipeline->then()
#46 /var/www/cutera-upgradation/vendor/laravel/framework/src/Illuminate/Foundation/Http/Kernel.php(111): Illuminate\\Foundation\\Http\\Kernel->sendRequestThroughRouter()
#47 /var/www/cutera-upgradation/public/index.php(52): Illuminate\\Foundation\\Http\\Kernel->handle()
#48 {main}
"} 
[2022-06-29 12:59:58] local.ERROR: View [admin.reports.accountsalesreport.index] not found. {"userId":1,"exception":"[object] (InvalidArgumentException(code: 0): View [admin.reports.accountsalesreport.index] not found. at /var/www/cutera-upgradation/vendor/laravel/framework/src/Illuminate/View/FileViewFinder.php:137)
[stacktrace]
#0 /var/www/cutera-upgradation/vendor/laravel/framework/src/Illuminate/View/FileViewFinder.php(79): Illuminate\\View\\FileViewFinder->findInPaths()
#1 /var/www/cutera-upgradation/vendor/laravel/framework/src/Illuminate/View/Factory.php(138): Illuminate\\View\\FileViewFinder->find()
#2 /var/www/cutera-upgradation/vendor/laravel/framework/src/Illuminate/Foundation/helpers.php(932): Illuminate\\View\\Factory->make()
#3 /var/www/cutera-upgradation/app/Http/Controllers/Admin/Reports/FinanceReportController.php(95): view()
#4 /var/www/cutera-upgradation/vendor/laravel/framework/src/Illuminate/Routing/Controller.php(54): App\\Http\\Controllers\\Admin\\Reports\\FinanceReportController->report()
#5 /var/www/cutera-upgradation/vendor/laravel/framework/src/Illuminate/Routing/ControllerDispatcher.php(45): Illuminate\\Routing\\Controller->callAction()
#6 /var/www/cutera-upgradation/vendor/laravel/framework/src/Illuminate/Routing/Route.php(262): Illuminate\\Routing\\ControllerDispatcher->dispatch()
#7 /var/www/cutera-upgradation/vendor/laravel/framework/src/Illuminate/Routing/Route.php(205): Illuminate\\Routing\\Route->runController()
#8 /var/www/cutera-upgradation/vendor/laravel/framework/src/Illuminate/Routing/Router.php(721): Illuminate\\Routing\\Route->run()
#9 /var/www/cutera-upgradation/vendor/laravel/framework/src/Illuminate/Pipeline/Pipeline.php(128): Illuminate\\Routing\\Router->Illuminate\\Routing\\{closure}()
#10 /var/www/cutera-upgradation/app/Http/Middleware/CheckAccountStatus.php(20): Illuminate\\Pipeline\\Pipeline->Illuminate\\Pipeline\\{closure}()
#11 /var/www/cutera-upgradation/vendor/laravel/framework/src/Illuminate/Pipeline/Pipeline.php(167): App\\Http\\Middleware\\CheckAccountStatus->handle()
#12 /var/www/cutera-upgradation/app/Http/Middleware/AuthenticateApiWeb.php(24): Illuminate\\Pipeline\\Pipeline->Illuminate\\Pipeline\\{closure}()
#13 /var/www/cutera-upgradation/vendor/laravel/framework/src/Illuminate/Pipeline/Pipeline.php(167): App\\Http\\Middleware\\AuthenticateApiWeb->handle()
#14 /var/www/cutera-upgradation/vendor/laravel/framework/src/Illuminate/Routing/Middleware/SubstituteBindings.php(50): Illuminate\\Pipeline\\Pipeline->Illuminate\\Pipeline\\{closure}()
#15 /var/www/cutera-upgradation/vendor/laravel/framework/src/Illuminate/Pipeline/Pipeline.php(167): Illuminate\\Routing\\Middleware\\SubstituteBindings->handle()
#16 /var/www/cutera-upgradation/app/Http/Middleware/VerifyCsrfToken.php(32): Illuminate\\Pipeline\\Pipeline->Illuminate\\Pipeline\\{closure}()
#17 /var/www/cutera-upgradation/vendor/laravel/framework/src/Illuminate/Pipeline/Pipeline.php(167): App\\Http\\Middleware\\VerifyCsrfToken->handle()
#18 /var/www/cutera-upgradation/vendor/laravel/framework/src/Illuminate/View/Middleware/ShareErrorsFromSession.php(49): Illuminate\\Pipeline\\Pipeline->Illuminate\\Pipeline\\{closure}()
#19 /var/www/cutera-upgradation/vendor/laravel/framework/src/Illuminate/Pipeline/Pipeline.php(167): Illuminate\\View\\Middleware\\ShareErrorsFromSession->handle()
#20 /var/www/cutera-upgradation/vendor/laravel/framework/src/Illuminate/Session/Middleware/StartSession.php(121): Illuminate\\Pipeline\\Pipeline->Illuminate\\Pipeline\\{closure}()
#21 /var/www/cutera-upgradation/vendor/laravel/framework/src/Illuminate/Session/Middleware/StartSession.php(64): Illuminate\\Session\\Middleware\\StartSession->handleStatefulRequest()
#22 /var/www/cutera-upgradation/vendor/laravel/framework/src/Illuminate/Pipeline/Pipeline.php(167): Illuminate\\Session\\Middleware\\StartSession->handle()
#23 /var/www/cutera-upgradation/vendor/laravel/framework/src/Illuminate/Cookie/Middleware/AddQueuedCookiesToResponse.php(37): Illuminate\\Pipeline\\Pipeline->Illuminate\\Pipeline\\{closure}()
#24 /var/www/cutera-upgradation/vendor/laravel/framework/src/Illuminate/Pipeline/Pipeline.php(167): Illuminate\\Cookie\\Middleware\\AddQueuedCookiesToResponse->handle()
#25 /var/www/cutera-upgradation/vendor/laravel/framework/src/Illuminate/Cookie/Middleware/EncryptCookies.php(67): Illuminate\\Pipeline\\Pipeline->Illuminate\\Pipeline\\{closure}()
#26 /var/www/cutera-upgradation/vendor/laravel/framework/src/Illuminate/Pipeline/Pipeline.php(167): Illuminate\\Cookie\\Middleware\\EncryptCookies->handle()
#27 /var/www/cutera-upgradation/vendor/laravel/framework/src/Illuminate/Pipeline/Pipeline.php(103): Illuminate\\Pipeline\\Pipeline->Illuminate\\Pipeline\\{closure}()
#28 /var/www/cutera-upgradation/vendor/laravel/framework/src/Illuminate/Routing/Router.php(723): Illuminate\\Pipeline\\Pipeline->then()
#29 /var/www/cutera-upgradation/vendor/laravel/framework/src/Illuminate/Routing/Router.php(698): Illuminate\\Routing\\Router->runRouteWithinStack()
#30 /var/www/cutera-upgradation/vendor/laravel/framework/src/Illuminate/Routing/Router.php(662): Illuminate\\Routing\\Router->runRoute()
#31 /var/www/cutera-upgradation/vendor/laravel/framework/src/Illuminate/Routing/Router.php(651): Illuminate\\Routing\\Router->dispatchToRoute()
#32 /var/www/cutera-upgradation/vendor/laravel/framework/src/Illuminate/Foundation/Http/Kernel.php(167): Illuminate\\Routing\\Router->dispatch()
#33 /var/www/cutera-upgradation/vendor/laravel/framework/src/Illuminate/Pipeline/Pipeline.php(128): Illuminate\\Foundation\\Http\\Kernel->Illuminate\\Foundation\\Http\\{closure}()
#34 /var/www/cutera-upgradation/vendor/laravel/framework/src/Illuminate/Foundation/Http/Middleware/TransformsRequest.php(21): Illuminate\\Pipeline\\Pipeline->Illuminate\\Pipeline\\{closure}()
#35 /var/www/cutera-upgradation/vendor/laravel/framework/src/Illuminate/Foundation/Http/Middleware/ConvertEmptyStringsToNull.php(31): Illuminate\\Foundation\\Http\\Middleware\\TransformsRequest->handle()
#36 /var/www/cutera-upgradation/vendor/laravel/framework/src/Illuminate/Pipeline/Pipeline.php(167): Illuminate\\Foundation\\Http\\Middleware\\ConvertEmptyStringsToNull->handle()
#37 /var/www/cutera-upgradation/vendor/laravel/framework/src/Illuminate/Foundation/Http/Middleware/TransformsRequest.php(21): Illuminate\\Pipeline\\Pipeline->Illuminate\\Pipeline\\{closure}()
#38 /var/www/cutera-upgradation/vendor/laravel/framework/src/Illuminate/Foundation/Http/Middleware/TrimStrings.php(40): Illuminate\\Foundation\\Http\\Middleware\\TransformsRequest->handle()
#39 /var/www/cutera-upgradation/vendor/laravel/framework/src/Illuminate/Pipeline/Pipeline.php(167): Illuminate\\Foundation\\Http\\Middleware\\TrimStrings->handle()
#40 /var/www/cutera-upgradation/vendor/laravel/framework/src/Illuminate/Foundation/Http/Middleware/ValidatePostSize.php(27): Illuminate\\Pipeline\\Pipeline->Illuminate\\Pipeline\\{closure}()
#41 /var/www/cutera-upgradation/vendor/laravel/framework/src/Illuminate/Pipeline/Pipeline.php(167): Illuminate\\Foundation\\Http\\Middleware\\ValidatePostSize->handle()
#42 /var/www/cutera-upgradation/vendor/laravel/framework/src/Illuminate/Foundation/Http/Middleware/PreventRequestsDuringMaintenance.php(86): Illuminate\\Pipeline\\Pipeline->Illuminate\\Pipeline\\{closure}()
#43 /var/www/cutera-upgradation/vendor/laravel/framework/src/Illuminate/Pipeline/Pipeline.php(167): Illuminate\\Foundation\\Http\\Middleware\\PreventRequestsDuringMaintenance->handle()
#44 /var/www/cutera-upgradation/vendor/fruitcake/laravel-cors/src/HandleCors.php(38): Illuminate\\Pipeline\\Pipeline->Illuminate\\Pipeline\\{closure}()
#45 /var/www/cutera-upgradation/vendor/laravel/framework/src/Illuminate/Pipeline/Pipeline.php(167): Fruitcake\\Cors\\HandleCors->handle()
#46 /var/www/cutera-upgradation/vendor/laravel/framework/src/Illuminate/Http/Middleware/TrustProxies.php(39): Illuminate\\Pipeline\\Pipeline->Illuminate\\Pipeline\\{closure}()
#47 /var/www/cutera-upgradation/vendor/laravel/framework/src/Illuminate/Pipeline/Pipeline.php(167): Illuminate\\Http\\Middleware\\TrustProxies->handle()
#48 /var/www/cutera-upgradation/vendor/laravel/framework/src/Illuminate/Pipeline/Pipeline.php(103): Illuminate\\Pipeline\\Pipeline->Illuminate\\Pipeline\\{closure}()
#49 /var/www/cutera-upgradation/vendor/laravel/framework/src/Illuminate/Foundation/Http/Kernel.php(142): Illuminate\\Pipeline\\Pipeline->then()
#50 /var/www/cutera-upgradation/vendor/laravel/framework/src/Illuminate/Foundation/Http/Kernel.php(111): Illuminate\\Foundation\\Http\\Kernel->sendRequestThroughRouter()
#51 /var/www/cutera-upgradation/public/index.php(52): Illuminate\\Foundation\\Http\\Kernel->handle()
#52 {main}
"} 
[2022-06-29 13:01:20] local.ERROR: Route [admin.reports.account_sales_report_load] not defined. (View: /var/www/cutera-upgradation/resources/views/admin/reports/accountsalesreport/index.blade.php) {"view":{"view":"/var/www/cutera-upgradation/vendor/laravel/framework/src/Illuminate/Routing/UrlGenerator.php","data":[]},"userId":1,"exception":"[object] (Facade\\Ignition\\Exceptions\\ViewException(code: 0): Route [admin.reports.account_sales_report_load] not defined. (View: /var/www/cutera-upgradation/resources/views/admin/reports/accountsalesreport/index.blade.php) at /var/www/cutera-upgradation/vendor/laravel/framework/src/Illuminate/Routing/UrlGenerator.php:444)
[stacktrace]
#0 /var/www/cutera-upgradation/vendor/laravelcollective/html/src/FormBuilder.php(1210): Illuminate\\Routing\\UrlGenerator->route()
#1 /var/www/cutera-upgradation/vendor/laravelcollective/html/src/FormBuilder.php(1165): Collective\\Html\\FormBuilder->getRouteAction()
#2 /var/www/cutera-upgradation/vendor/laravelcollective/html/src/FormBuilder.php(144): Collective\\Html\\FormBuilder->getAction()
#3 /var/www/cutera-upgradation/vendor/laravel/framework/src/Illuminate/Support/Facades/Facade.php(261): Collective\\Html\\FormBuilder->open()
#4 /var/www/cutera-upgradation/resources/views/admin/reports/accountsalesreport/index.blade.php(233): Illuminate\\Support\\Facades\\Facade::__callStatic()
#5 /var/www/cutera-upgradation/vendor/laravel/framework/src/Illuminate/Filesystem/Filesystem.php(107): require('...')
#6 /var/www/cutera-upgradation/vendor/laravel/framework/src/Illuminate/Filesystem/Filesystem.php(108): Illuminate\\Filesystem\\Filesystem::Illuminate\\Filesystem\\{closure}()
#7 /var/www/cutera-upgradation/vendor/laravel/framework/src/Illuminate/View/Engines/PhpEngine.php(58): Illuminate\\Filesystem\\Filesystem->getRequire()
#8 /var/www/cutera-upgradation/vendor/laravel/framework/src/Illuminate/View/Engines/CompilerEngine.php(61): Illuminate\\View\\Engines\\PhpEngine->evaluatePath()
#9 /var/www/cutera-upgradation/vendor/facade/ignition/src/Views/Engines/CompilerEngine.php(37): Illuminate\\View\\Engines\\CompilerEngine->get()
#10 /var/www/cutera-upgradation/vendor/laravel/framework/src/Illuminate/View/View.php(139): Facade\\Ignition\\Views\\Engines\\CompilerEngine->get()
#11 /var/www/cutera-upgradation/vendor/laravel/framework/src/Illuminate/View/View.php(122): Illuminate\\View\\View->getContents()
#12 /var/www/cutera-upgradation/vendor/laravel/framework/src/Illuminate/View/View.php(91): Illuminate\\View\\View->renderContents()
#13 /var/www/cutera-upgradation/vendor/laravel/framework/src/Illuminate/Http/Response.php(69): Illuminate\\View\\View->render()
#14 /var/www/cutera-upgradation/vendor/laravel/framework/src/Illuminate/Http/Response.php(35): Illuminate\\Http\\Response->setContent()
#15 /var/www/cutera-upgradation/vendor/laravel/framework/src/Illuminate/Routing/Router.php(820): Illuminate\\Http\\Response->__construct()
#16 /var/www/cutera-upgradation/vendor/laravel/framework/src/Illuminate/Routing/Router.php(789): Illuminate\\Routing\\Router::toResponse()
#17 /var/www/cutera-upgradation/vendor/laravel/framework/src/Illuminate/Routing/Router.php(721): Illuminate\\Routing\\Router->prepareResponse()
#18 /var/www/cutera-upgradation/vendor/laravel/framework/src/Illuminate/Pipeline/Pipeline.php(128): Illuminate\\Routing\\Router->Illuminate\\Routing\\{closure}()
#19 /var/www/cutera-upgradation/app/Http/Middleware/CheckAccountStatus.php(20): Illuminate\\Pipeline\\Pipeline->Illuminate\\Pipeline\\{closure}()
#20 /var/www/cutera-upgradation/vendor/laravel/framework/src/Illuminate/Pipeline/Pipeline.php(167): App\\Http\\Middleware\\CheckAccountStatus->handle()
#21 /var/www/cutera-upgradation/app/Http/Middleware/AuthenticateApiWeb.php(24): Illuminate\\Pipeline\\Pipeline->Illuminate\\Pipeline\\{closure}()
#22 /var/www/cutera-upgradation/vendor/laravel/framework/src/Illuminate/Pipeline/Pipeline.php(167): App\\Http\\Middleware\\AuthenticateApiWeb->handle()
#23 /var/www/cutera-upgradation/vendor/laravel/framework/src/Illuminate/Routing/Middleware/SubstituteBindings.php(50): Illuminate\\Pipeline\\Pipeline->Illuminate\\Pipeline\\{closure}()
#24 /var/www/cutera-upgradation/vendor/laravel/framework/src/Illuminate/Pipeline/Pipeline.php(167): Illuminate\\Routing\\Middleware\\SubstituteBindings->handle()
#25 /var/www/cutera-upgradation/app/Http/Middleware/VerifyCsrfToken.php(32): Illuminate\\Pipeline\\Pipeline->Illuminate\\Pipeline\\{closure}()
#26 /var/www/cutera-upgradation/vendor/laravel/framework/src/Illuminate/Pipeline/Pipeline.php(167): App\\Http\\Middleware\\VerifyCsrfToken->handle()
#27 /var/www/cutera-upgradation/vendor/laravel/framework/src/Illuminate/View/Middleware/ShareErrorsFromSession.php(49): Illuminate\\Pipeline\\Pipeline->Illuminate\\Pipeline\\{closure}()
#28 /var/www/cutera-upgradation/vendor/laravel/framework/src/Illuminate/Pipeline/Pipeline.php(167): Illuminate\\View\\Middleware\\ShareErrorsFromSession->handle()
#29 /var/www/cutera-upgradation/vendor/laravel/framework/src/Illuminate/Session/Middleware/StartSession.php(121): Illuminate\\Pipeline\\Pipeline->Illuminate\\Pipeline\\{closure}()
#30 /var/www/cutera-upgradation/vendor/laravel/framework/src/Illuminate/Session/Middleware/StartSession.php(64): Illuminate\\Session\\Middleware\\StartSession->handleStatefulRequest()
#31 /var/www/cutera-upgradation/vendor/laravel/framework/src/Illuminate/Pipeline/Pipeline.php(167): Illuminate\\Session\\Middleware\\StartSession->handle()
#32 /var/www/cutera-upgradation/vendor/laravel/framework/src/Illuminate/Cookie/Middleware/AddQueuedCookiesToResponse.php(37): Illuminate\\Pipeline\\Pipeline->Illuminate\\Pipeline\\{closure}()
#33 /var/www/cutera-upgradation/vendor/laravel/framework/src/Illuminate/Pipeline/Pipeline.php(167): Illuminate\\Cookie\\Middleware\\AddQueuedCookiesToResponse->handle()
#34 /var/www/cutera-upgradation/vendor/laravel/framework/src/Illuminate/Cookie/Middleware/EncryptCookies.php(67): Illuminate\\Pipeline\\Pipeline->Illuminate\\Pipeline\\{closure}()
#35 /var/www/cutera-upgradation/vendor/laravel/framework/src/Illuminate/Pipeline/Pipeline.php(167): Illuminate\\Cookie\\Middleware\\EncryptCookies->handle()
#36 /var/www/cutera-upgradation/vendor/laravel/framework/src/Illuminate/Pipeline/Pipeline.php(103): Illuminate\\Pipeline\\Pipeline->Illuminate\\Pipeline\\{closure}()
#37 /var/www/cutera-upgradation/vendor/laravel/framework/src/Illuminate/Routing/Router.php(723): Illuminate\\Pipeline\\Pipeline->then()
#38 /var/www/cutera-upgradation/vendor/laravel/framework/src/Illuminate/Routing/Router.php(698): Illuminate\\Routing\\Router->runRouteWithinStack()
#39 /var/www/cutera-upgradation/vendor/laravel/framework/src/Illuminate/Routing/Router.php(662): Illuminate\\Routing\\Router->runRoute()
#40 /var/www/cutera-upgradation/vendor/laravel/framework/src/Illuminate/Routing/Router.php(651): Illuminate\\Routing\\Router->dispatchToRoute()
#41 /var/www/cutera-upgradation/vendor/laravel/framework/src/Illuminate/Foundation/Http/Kernel.php(167): Illuminate\\Routing\\Router->dispatch()
#42 /var/www/cutera-upgradation/vendor/laravel/framework/src/Illuminate/Pipeline/Pipeline.php(128): Illuminate\\Foundation\\Http\\Kernel->Illuminate\\Foundation\\Http\\{closure}()
#43 /var/www/cutera-upgradation/vendor/laravel/framework/src/Illuminate/Foundation/Http/Middleware/TransformsRequest.php(21): Illuminate\\Pipeline\\Pipeline->Illuminate\\Pipeline\\{closure}()
#44 /var/www/cutera-upgradation/vendor/laravel/framework/src/Illuminate/Foundation/Http/Middleware/ConvertEmptyStringsToNull.php(31): Illuminate\\Foundation\\Http\\Middleware\\TransformsRequest->handle()
#45 /var/www/cutera-upgradation/vendor/laravel/framework/src/Illuminate/Pipeline/Pipeline.php(167): Illuminate\\Foundation\\Http\\Middleware\\ConvertEmptyStringsToNull->handle()
#46 /var/www/cutera-upgradation/vendor/laravel/framework/src/Illuminate/Foundation/Http/Middleware/TransformsRequest.php(21): Illuminate\\Pipeline\\Pipeline->Illuminate\\Pipeline\\{closure}()
#47 /var/www/cutera-upgradation/vendor/laravel/framework/src/Illuminate/Foundation/Http/Middleware/TrimStrings.php(40): Illuminate\\Foundation\\Http\\Middleware\\TransformsRequest->handle()
#48 /var/www/cutera-upgradation/vendor/laravel/framework/src/Illuminate/Pipeline/Pipeline.php(167): Illuminate\\Foundation\\Http\\Middleware\\TrimStrings->handle()
#49 /var/www/cutera-upgradation/vendor/laravel/framework/src/Illuminate/Foundation/Http/Middleware/ValidatePostSize.php(27): Illuminate\\Pipeline\\Pipeline->Illuminate\\Pipeline\\{closure}()
#50 /var/www/cutera-upgradation/vendor/laravel/framework/src/Illuminate/Pipeline/Pipeline.php(167): Illuminate\\Foundation\\Http\\Middleware\\ValidatePostSize->handle()
#51 /var/www/cutera-upgradation/vendor/laravel/framework/src/Illuminate/Foundation/Http/Middleware/PreventRequestsDuringMaintenance.php(86): Illuminate\\Pipeline\\Pipeline->Illuminate\\Pipeline\\{closure}()
#52 /var/www/cutera-upgradation/vendor/laravel/framework/src/Illuminate/Pipeline/Pipeline.php(167): Illuminate\\Foundation\\Http\\Middleware\\PreventRequestsDuringMaintenance->handle()
#53 /var/www/cutera-upgradation/vendor/fruitcake/laravel-cors/src/HandleCors.php(38): Illuminate\\Pipeline\\Pipeline->Illuminate\\Pipeline\\{closure}()
#54 /var/www/cutera-upgradation/vendor/laravel/framework/src/Illuminate/Pipeline/Pipeline.php(167): Fruitcake\\Cors\\HandleCors->handle()
#55 /var/www/cutera-upgradation/vendor/laravel/framework/src/Illuminate/Http/Middleware/TrustProxies.php(39): Illuminate\\Pipeline\\Pipeline->Illuminate\\Pipeline\\{closure}()
#56 /var/www/cutera-upgradation/vendor/laravel/framework/src/Illuminate/Pipeline/Pipeline.php(167): Illuminate\\Http\\Middleware\\TrustProxies->handle()
#57 /var/www/cutera-upgradation/vendor/laravel/framework/src/Illuminate/Pipeline/Pipeline.php(103): Illuminate\\Pipeline\\Pipeline->Illuminate\\Pipeline\\{closure}()
#58 /var/www/cutera-upgradation/vendor/laravel/framework/src/Illuminate/Foundation/Http/Kernel.php(142): Illuminate\\Pipeline\\Pipeline->then()
#59 /var/www/cutera-upgradation/vendor/laravel/framework/src/Illuminate/Foundation/Http/Kernel.php(111): Illuminate\\Foundation\\Http\\Kernel->sendRequestThroughRouter()
#60 /var/www/cutera-upgradation/public/index.php(52): Illuminate\\Foundation\\Http\\Kernel->handle()
#61 {main}

[previous exception] [object] (Symfony\\Component\\Routing\\Exception\\RouteNotFoundException(code: 0): Route [admin.reports.account_sales_report_load] not defined. at /var/www/cutera-upgradation/vendor/laravel/framework/src/Illuminate/Routing/UrlGenerator.php:444)
[stacktrace]
#0 /var/www/cutera-upgradation/vendor/laravelcollective/html/src/FormBuilder.php(1210): Illuminate\\Routing\\UrlGenerator->route()
#1 /var/www/cutera-upgradation/vendor/laravelcollective/html/src/FormBuilder.php(1165): Collective\\Html\\FormBuilder->getRouteAction()
#2 /var/www/cutera-upgradation/vendor/laravelcollective/html/src/FormBuilder.php(144): Collective\\Html\\FormBuilder->getAction()
#3 /var/www/cutera-upgradation/vendor/laravel/framework/src/Illuminate/Support/Facades/Facade.php(261): Collective\\Html\\FormBuilder->open()
#4 /var/www/cutera-upgradation/storage/framework/views/aaad51c52fb5a9c16c6271a57f54fe8c231275f1.php(233): Illuminate\\Support\\Facades\\Facade::__callStatic()
#5 /var/www/cutera-upgradation/vendor/laravel/framework/src/Illuminate/Filesystem/Filesystem.php(107): require('...')
#6 /var/www/cutera-upgradation/vendor/laravel/framework/src/Illuminate/Filesystem/Filesystem.php(108): Illuminate\\Filesystem\\Filesystem::Illuminate\\Filesystem\\{closure}()
#7 /var/www/cutera-upgradation/vendor/laravel/framework/src/Illuminate/View/Engines/PhpEngine.php(58): Illuminate\\Filesystem\\Filesystem->getRequire()
#8 /var/www/cutera-upgradation/vendor/laravel/framework/src/Illuminate/View/Engines/CompilerEngine.php(61): Illuminate\\View\\Engines\\PhpEngine->evaluatePath()
#9 /var/www/cutera-upgradation/vendor/facade/ignition/src/Views/Engines/CompilerEngine.php(37): Illuminate\\View\\Engines\\CompilerEngine->get()
#10 /var/www/cutera-upgradation/vendor/laravel/framework/src/Illuminate/View/View.php(139): Facade\\Ignition\\Views\\Engines\\CompilerEngine->get()
#11 /var/www/cutera-upgradation/vendor/laravel/framework/src/Illuminate/View/View.php(122): Illuminate\\View\\View->getContents()
#12 /var/www/cutera-upgradation/vendor/laravel/framework/src/Illuminate/View/View.php(91): Illuminate\\View\\View->renderContents()
#13 /var/www/cutera-upgradation/vendor/laravel/framework/src/Illuminate/Http/Response.php(69): Illuminate\\View\\View->render()
#14 /var/www/cutera-upgradation/vendor/laravel/framework/src/Illuminate/Http/Response.php(35): Illuminate\\Http\\Response->setContent()
#15 /var/www/cutera-upgradation/vendor/laravel/framework/src/Illuminate/Routing/Router.php(820): Illuminate\\Http\\Response->__construct()
#16 /var/www/cutera-upgradation/vendor/laravel/framework/src/Illuminate/Routing/Router.php(789): Illuminate\\Routing\\Router::toResponse()
#17 /var/www/cutera-upgradation/vendor/laravel/framework/src/Illuminate/Routing/Router.php(721): Illuminate\\Routing\\Router->prepareResponse()
#18 /var/www/cutera-upgradation/vendor/laravel/framework/src/Illuminate/Pipeline/Pipeline.php(128): Illuminate\\Routing\\Router->Illuminate\\Routing\\{closure}()
#19 /var/www/cutera-upgradation/app/Http/Middleware/CheckAccountStatus.php(20): Illuminate\\Pipeline\\Pipeline->Illuminate\\Pipeline\\{closure}()
#20 /var/www/cutera-upgradation/vendor/laravel/framework/src/Illuminate/Pipeline/Pipeline.php(167): App\\Http\\Middleware\\CheckAccountStatus->handle()
#21 /var/www/cutera-upgradation/app/Http/Middleware/AuthenticateApiWeb.php(24): Illuminate\\Pipeline\\Pipeline->Illuminate\\Pipeline\\{closure}()
#22 /var/www/cutera-upgradation/vendor/laravel/framework/src/Illuminate/Pipeline/Pipeline.php(167): App\\Http\\Middleware\\AuthenticateApiWeb->handle()
#23 /var/www/cutera-upgradation/vendor/laravel/framework/src/Illuminate/Routing/Middleware/SubstituteBindings.php(50): Illuminate\\Pipeline\\Pipeline->Illuminate\\Pipeline\\{closure}()
#24 /var/www/cutera-upgradation/vendor/laravel/framework/src/Illuminate/Pipeline/Pipeline.php(167): Illuminate\\Routing\\Middleware\\SubstituteBindings->handle()
#25 /var/www/cutera-upgradation/app/Http/Middleware/VerifyCsrfToken.php(32): Illuminate\\Pipeline\\Pipeline->Illuminate\\Pipeline\\{closure}()
#26 /var/www/cutera-upgradation/vendor/laravel/framework/src/Illuminate/Pipeline/Pipeline.php(167): App\\Http\\Middleware\\VerifyCsrfToken->handle()
#27 /var/www/cutera-upgradation/vendor/laravel/framework/src/Illuminate/View/Middleware/ShareErrorsFromSession.php(49): Illuminate\\Pipeline\\Pipeline->Illuminate\\Pipeline\\{closure}()
#28 /var/www/cutera-upgradation/vendor/laravel/framework/src/Illuminate/Pipeline/Pipeline.php(167): Illuminate\\View\\Middleware\\ShareErrorsFromSession->handle()
#29 /var/www/cutera-upgradation/vendor/laravel/framework/src/Illuminate/Session/Middleware/StartSession.php(121): Illuminate\\Pipeline\\Pipeline->Illuminate\\Pipeline\\{closure}()
#30 /var/www/cutera-upgradation/vendor/laravel/framework/src/Illuminate/Session/Middleware/StartSession.php(64): Illuminate\\Session\\Middleware\\StartSession->handleStatefulRequest()
#31 /var/www/cutera-upgradation/vendor/laravel/framework/src/Illuminate/Pipeline/Pipeline.php(167): Illuminate\\Session\\Middleware\\StartSession->handle()
#32 /var/www/cutera-upgradation/vendor/laravel/framework/src/Illuminate/Cookie/Middleware/AddQueuedCookiesToResponse.php(37): Illuminate\\Pipeline\\Pipeline->Illuminate\\Pipeline\\{closure}()
#33 /var/www/cutera-upgradation/vendor/laravel/framework/src/Illuminate/Pipeline/Pipeline.php(167): Illuminate\\Cookie\\Middleware\\AddQueuedCookiesToResponse->handle()
#34 /var/www/cutera-upgradation/vendor/laravel/framework/src/Illuminate/Cookie/Middleware/EncryptCookies.php(67): Illuminate\\Pipeline\\Pipeline->Illuminate\\Pipeline\\{closure}()
#35 /var/www/cutera-upgradation/vendor/laravel/framework/src/Illuminate/Pipeline/Pipeline.php(167): Illuminate\\Cookie\\Middleware\\EncryptCookies->handle()
#36 /var/www/cutera-upgradation/vendor/laravel/framework/src/Illuminate/Pipeline/Pipeline.php(103): Illuminate\\Pipeline\\Pipeline->Illuminate\\Pipeline\\{closure}()
#37 /var/www/cutera-upgradation/vendor/laravel/framework/src/Illuminate/Routing/Router.php(723): Illuminate\\Pipeline\\Pipeline->then()
#38 /var/www/cutera-upgradation/vendor/laravel/framework/src/Illuminate/Routing/Router.php(698): Illuminate\\Routing\\Router->runRouteWithinStack()
#39 /var/www/cutera-upgradation/vendor/laravel/framework/src/Illuminate/Routing/Router.php(662): Illuminate\\Routing\\Router->runRoute()
#40 /var/www/cutera-upgradation/vendor/laravel/framework/src/Illuminate/Routing/Router.php(651): Illuminate\\Routing\\Router->dispatchToRoute()
#41 /var/www/cutera-upgradation/vendor/laravel/framework/src/Illuminate/Foundation/Http/Kernel.php(167): Illuminate\\Routing\\Router->dispatch()
#42 /var/www/cutera-upgradation/vendor/laravel/framework/src/Illuminate/Pipeline/Pipeline.php(128): Illuminate\\Foundation\\Http\\Kernel->Illuminate\\Foundation\\Http\\{closure}()
#43 /var/www/cutera-upgradation/vendor/laravel/framework/src/Illuminate/Foundation/Http/Middleware/TransformsRequest.php(21): Illuminate\\Pipeline\\Pipeline->Illuminate\\Pipeline\\{closure}()
#44 /var/www/cutera-upgradation/vendor/laravel/framework/src/Illuminate/Foundation/Http/Middleware/ConvertEmptyStringsToNull.php(31): Illuminate\\Foundation\\Http\\Middleware\\TransformsRequest->handle()
#45 /var/www/cutera-upgradation/vendor/laravel/framework/src/Illuminate/Pipeline/Pipeline.php(167): Illuminate\\Foundation\\Http\\Middleware\\ConvertEmptyStringsToNull->handle()
#46 /var/www/cutera-upgradation/vendor/laravel/framework/src/Illuminate/Foundation/Http/Middleware/TransformsRequest.php(21): Illuminate\\Pipeline\\Pipeline->Illuminate\\Pipeline\\{closure}()
#47 /var/www/cutera-upgradation/vendor/laravel/framework/src/Illuminate/Foundation/Http/Middleware/TrimStrings.php(40): Illuminate\\Foundation\\Http\\Middleware\\TransformsRequest->handle()
#48 /var/www/cutera-upgradation/vendor/laravel/framework/src/Illuminate/Pipeline/Pipeline.php(167): Illuminate\\Foundation\\Http\\Middleware\\TrimStrings->handle()
#49 /var/www/cutera-upgradation/vendor/laravel/framework/src/Illuminate/Foundation/Http/Middleware/ValidatePostSize.php(27): Illuminate\\Pipeline\\Pipeline->Illuminate\\Pipeline\\{closure}()
#50 /var/www/cutera-upgradation/vendor/laravel/framework/src/Illuminate/Pipeline/Pipeline.php(167): Illuminate\\Foundation\\Http\\Middleware\\ValidatePostSize->handle()
#51 /var/www/cutera-upgradation/vendor/laravel/framework/src/Illuminate/Foundation/Http/Middleware/PreventRequestsDuringMaintenance.php(86): Illuminate\\Pipeline\\Pipeline->Illuminate\\Pipeline\\{closure}()
#52 /var/www/cutera-upgradation/vendor/laravel/framework/src/Illuminate/Pipeline/Pipeline.php(167): Illuminate\\Foundation\\Http\\Middleware\\PreventRequestsDuringMaintenance->handle()
#53 /var/www/cutera-upgradation/vendor/fruitcake/laravel-cors/src/HandleCors.php(38): Illuminate\\Pipeline\\Pipeline->Illuminate\\Pipeline\\{closure}()
#54 /var/www/cutera-upgradation/vendor/laravel/framework/src/Illuminate/Pipeline/Pipeline.php(167): Fruitcake\\Cors\\HandleCors->handle()
#55 /var/www/cutera-upgradation/vendor/laravel/framework/src/Illuminate/Http/Middleware/TrustProxies.php(39): Illuminate\\Pipeline\\Pipeline->Illuminate\\Pipeline\\{closure}()
#56 /var/www/cutera-upgradation/vendor/laravel/framework/src/Illuminate/Pipeline/Pipeline.php(167): Illuminate\\Http\\Middleware\\TrustProxies->handle()
#57 /var/www/cutera-upgradation/vendor/laravel/framework/src/Illuminate/Pipeline/Pipeline.php(103): Illuminate\\Pipeline\\Pipeline->Illuminate\\Pipeline\\{closure}()
#58 /var/www/cutera-upgradation/vendor/laravel/framework/src/Illuminate/Foundation/Http/Kernel.php(142): Illuminate\\Pipeline\\Pipeline->then()
#59 /var/www/cutera-upgradation/vendor/laravel/framework/src/Illuminate/Foundation/Http/Kernel.php(111): Illuminate\\Foundation\\Http\\Kernel->sendRequestThroughRouter()
#60 /var/www/cutera-upgradation/public/index.php(52): Illuminate\\Foundation\\Http\\Kernel->handle()
#61 {main}
"} 
[2022-06-29 15:58:18] local.ERROR: Target class [App\Http\Controllers\Admin\Reports\AppointmentsController] does not exist. {"exception":"[object] (Illuminate\\Contracts\\Container\\BindingResolutionException(code: 0): Target class [App\\Http\\Controllers\\Admin\\Reports\\AppointmentsController] does not exist. at /var/www/cutera-upgradation/vendor/laravel/framework/src/Illuminate/Container/Container.php:879)
[stacktrace]
#0 /var/www/cutera-upgradation/vendor/laravel/framework/src/Illuminate/Container/Container.php(758): Illuminate\\Container\\Container->build()
#1 /var/www/cutera-upgradation/vendor/laravel/framework/src/Illuminate/Foundation/Application.php(851): Illuminate\\Container\\Container->resolve()
#2 /var/www/cutera-upgradation/vendor/laravel/framework/src/Illuminate/Container/Container.php(694): Illuminate\\Foundation\\Application->resolve()
#3 /var/www/cutera-upgradation/vendor/laravel/framework/src/Illuminate/Foundation/Application.php(836): Illuminate\\Container\\Container->make()
#4 /var/www/cutera-upgradation/vendor/laravel/framework/src/Illuminate/Routing/Route.php(276): Illuminate\\Foundation\\Application->make()
#5 /var/www/cutera-upgradation/vendor/laravel/framework/src/Illuminate/Routing/Route.php(1069): Illuminate\\Routing\\Route->getController()
#6 /var/www/cutera-upgradation/vendor/laravel/framework/src/Illuminate/Routing/Route.php(1012): Illuminate\\Routing\\Route->controllerMiddleware()
#7 /var/www/cutera-upgradation/vendor/laravel/framework/src/Illuminate/Routing/Router.php(734): Illuminate\\Routing\\Route->gatherMiddleware()
#8 /var/www/cutera-upgradation/vendor/laravel/framework/src/Illuminate/Routing/Router.php(714): Illuminate\\Routing\\Router->gatherRouteMiddleware()
#9 /var/www/cutera-upgradation/vendor/laravel/framework/src/Illuminate/Routing/Router.php(698): Illuminate\\Routing\\Router->runRouteWithinStack()
#10 /var/www/cutera-upgradation/vendor/laravel/framework/src/Illuminate/Routing/Router.php(662): Illuminate\\Routing\\Router->runRoute()
#11 /var/www/cutera-upgradation/vendor/laravel/framework/src/Illuminate/Routing/Router.php(651): Illuminate\\Routing\\Router->dispatchToRoute()
#12 /var/www/cutera-upgradation/vendor/laravel/framework/src/Illuminate/Foundation/Http/Kernel.php(167): Illuminate\\Routing\\Router->dispatch()
#13 /var/www/cutera-upgradation/vendor/laravel/framework/src/Illuminate/Pipeline/Pipeline.php(128): Illuminate\\Foundation\\Http\\Kernel->Illuminate\\Foundation\\Http\\{closure}()
#14 /var/www/cutera-upgradation/vendor/laravel/framework/src/Illuminate/Foundation/Http/Middleware/TransformsRequest.php(21): Illuminate\\Pipeline\\Pipeline->Illuminate\\Pipeline\\{closure}()
#15 /var/www/cutera-upgradation/vendor/laravel/framework/src/Illuminate/Foundation/Http/Middleware/ConvertEmptyStringsToNull.php(31): Illuminate\\Foundation\\Http\\Middleware\\TransformsRequest->handle()
#16 /var/www/cutera-upgradation/vendor/laravel/framework/src/Illuminate/Pipeline/Pipeline.php(167): Illuminate\\Foundation\\Http\\Middleware\\ConvertEmptyStringsToNull->handle()
#17 /var/www/cutera-upgradation/vendor/laravel/framework/src/Illuminate/Foundation/Http/Middleware/TransformsRequest.php(21): Illuminate\\Pipeline\\Pipeline->Illuminate\\Pipeline\\{closure}()
#18 /var/www/cutera-upgradation/vendor/laravel/framework/src/Illuminate/Foundation/Http/Middleware/TrimStrings.php(40): Illuminate\\Foundation\\Http\\Middleware\\TransformsRequest->handle()
#19 /var/www/cutera-upgradation/vendor/laravel/framework/src/Illuminate/Pipeline/Pipeline.php(167): Illuminate\\Foundation\\Http\\Middleware\\TrimStrings->handle()
#20 /var/www/cutera-upgradation/vendor/laravel/framework/src/Illuminate/Foundation/Http/Middleware/ValidatePostSize.php(27): Illuminate\\Pipeline\\Pipeline->Illuminate\\Pipeline\\{closure}()
#21 /var/www/cutera-upgradation/vendor/laravel/framework/src/Illuminate/Pipeline/Pipeline.php(167): Illuminate\\Foundation\\Http\\Middleware\\ValidatePostSize->handle()
#22 /var/www/cutera-upgradation/vendor/laravel/framework/src/Illuminate/Foundation/Http/Middleware/PreventRequestsDuringMaintenance.php(86): Illuminate\\Pipeline\\Pipeline->Illuminate\\Pipeline\\{closure}()
#23 /var/www/cutera-upgradation/vendor/laravel/framework/src/Illuminate/Pipeline/Pipeline.php(167): Illuminate\\Foundation\\Http\\Middleware\\PreventRequestsDuringMaintenance->handle()
#24 /var/www/cutera-upgradation/vendor/fruitcake/laravel-cors/src/HandleCors.php(38): Illuminate\\Pipeline\\Pipeline->Illuminate\\Pipeline\\{closure}()
#25 /var/www/cutera-upgradation/vendor/laravel/framework/src/Illuminate/Pipeline/Pipeline.php(167): Fruitcake\\Cors\\HandleCors->handle()
#26 /var/www/cutera-upgradation/vendor/laravel/framework/src/Illuminate/Http/Middleware/TrustProxies.php(39): Illuminate\\Pipeline\\Pipeline->Illuminate\\Pipeline\\{closure}()
#27 /var/www/cutera-upgradation/vendor/laravel/framework/src/Illuminate/Pipeline/Pipeline.php(167): Illuminate\\Http\\Middleware\\TrustProxies->handle()
#28 /var/www/cutera-upgradation/vendor/laravel/framework/src/Illuminate/Pipeline/Pipeline.php(103): Illuminate\\Pipeline\\Pipeline->Illuminate\\Pipeline\\{closure}()
#29 /var/www/cutera-upgradation/vendor/laravel/framework/src/Illuminate/Foundation/Http/Kernel.php(142): Illuminate\\Pipeline\\Pipeline->then()
#30 /var/www/cutera-upgradation/vendor/laravel/framework/src/Illuminate/Foundation/Http/Kernel.php(111): Illuminate\\Foundation\\Http\\Kernel->sendRequestThroughRouter()
#31 /var/www/cutera-upgradation/public/index.php(52): Illuminate\\Foundation\\Http\\Kernel->handle()
#32 {main}

[previous exception] [object] (ReflectionException(code: -1): Class \"App\\Http\\Controllers\\Admin\\Reports\\AppointmentsController\" does not exist at /var/www/cutera-upgradation/vendor/laravel/framework/src/Illuminate/Container/Container.php:877)
[stacktrace]
#0 /var/www/cutera-upgradation/vendor/laravel/framework/src/Illuminate/Container/Container.php(877): ReflectionClass->__construct()
#1 /var/www/cutera-upgradation/vendor/laravel/framework/src/Illuminate/Container/Container.php(758): Illuminate\\Container\\Container->build()
#2 /var/www/cutera-upgradation/vendor/laravel/framework/src/Illuminate/Foundation/Application.php(851): Illuminate\\Container\\Container->resolve()
#3 /var/www/cutera-upgradation/vendor/laravel/framework/src/Illuminate/Container/Container.php(694): Illuminate\\Foundation\\Application->resolve()
#4 /var/www/cutera-upgradation/vendor/laravel/framework/src/Illuminate/Foundation/Application.php(836): Illuminate\\Container\\Container->make()
#5 /var/www/cutera-upgradation/vendor/laravel/framework/src/Illuminate/Routing/Route.php(276): Illuminate\\Foundation\\Application->make()
#6 /var/www/cutera-upgradation/vendor/laravel/framework/src/Illuminate/Routing/Route.php(1069): Illuminate\\Routing\\Route->getController()
#7 /var/www/cutera-upgradation/vendor/laravel/framework/src/Illuminate/Routing/Route.php(1012): Illuminate\\Routing\\Route->controllerMiddleware()
#8 /var/www/cutera-upgradation/vendor/laravel/framework/src/Illuminate/Routing/Router.php(734): Illuminate\\Routing\\Route->gatherMiddleware()
#9 /var/www/cutera-upgradation/vendor/laravel/framework/src/Illuminate/Routing/Router.php(714): Illuminate\\Routing\\Router->gatherRouteMiddleware()
#10 /var/www/cutera-upgradation/vendor/laravel/framework/src/Illuminate/Routing/Router.php(698): Illuminate\\Routing\\Router->runRouteWithinStack()
#11 /var/www/cutera-upgradation/vendor/laravel/framework/src/Illuminate/Routing/Router.php(662): Illuminate\\Routing\\Router->runRoute()
#12 /var/www/cutera-upgradation/vendor/laravel/framework/src/Illuminate/Routing/Router.php(651): Illuminate\\Routing\\Router->dispatchToRoute()
#13 /var/www/cutera-upgradation/vendor/laravel/framework/src/Illuminate/Foundation/Http/Kernel.php(167): Illuminate\\Routing\\Router->dispatch()
#14 /var/www/cutera-upgradation/vendor/laravel/framework/src/Illuminate/Pipeline/Pipeline.php(128): Illuminate\\Foundation\\Http\\Kernel->Illuminate\\Foundation\\Http\\{closure}()
#15 /var/www/cutera-upgradation/vendor/laravel/framework/src/Illuminate/Foundation/Http/Middleware/TransformsRequest.php(21): Illuminate\\Pipeline\\Pipeline->Illuminate\\Pipeline\\{closure}()
#16 /var/www/cutera-upgradation/vendor/laravel/framework/src/Illuminate/Foundation/Http/Middleware/ConvertEmptyStringsToNull.php(31): Illuminate\\Foundation\\Http\\Middleware\\TransformsRequest->handle()
#17 /var/www/cutera-upgradation/vendor/laravel/framework/src/Illuminate/Pipeline/Pipeline.php(167): Illuminate\\Foundation\\Http\\Middleware\\ConvertEmptyStringsToNull->handle()
#18 /var/www/cutera-upgradation/vendor/laravel/framework/src/Illuminate/Foundation/Http/Middleware/TransformsRequest.php(21): Illuminate\\Pipeline\\Pipeline->Illuminate\\Pipeline\\{closure}()
#19 /var/www/cutera-upgradation/vendor/laravel/framework/src/Illuminate/Foundation/Http/Middleware/TrimStrings.php(40): Illuminate\\Foundation\\Http\\Middleware\\TransformsRequest->handle()
#20 /var/www/cutera-upgradation/vendor/laravel/framework/src/Illuminate/Pipeline/Pipeline.php(167): Illuminate\\Foundation\\Http\\Middleware\\TrimStrings->handle()
#21 /var/www/cutera-upgradation/vendor/laravel/framework/src/Illuminate/Foundation/Http/Middleware/ValidatePostSize.php(27): Illuminate\\Pipeline\\Pipeline->Illuminate\\Pipeline\\{closure}()
#22 /var/www/cutera-upgradation/vendor/laravel/framework/src/Illuminate/Pipeline/Pipeline.php(167): Illuminate\\Foundation\\Http\\Middleware\\ValidatePostSize->handle()
#23 /var/www/cutera-upgradation/vendor/laravel/framework/src/Illuminate/Foundation/Http/Middleware/PreventRequestsDuringMaintenance.php(86): Illuminate\\Pipeline\\Pipeline->Illuminate\\Pipeline\\{closure}()
#24 /var/www/cutera-upgradation/vendor/laravel/framework/src/Illuminate/Pipeline/Pipeline.php(167): Illuminate\\Foundation\\Http\\Middleware\\PreventRequestsDuringMaintenance->handle()
#25 /var/www/cutera-upgradation/vendor/fruitcake/laravel-cors/src/HandleCors.php(38): Illuminate\\Pipeline\\Pipeline->Illuminate\\Pipeline\\{closure}()
#26 /var/www/cutera-upgradation/vendor/laravel/framework/src/Illuminate/Pipeline/Pipeline.php(167): Fruitcake\\Cors\\HandleCors->handle()
#27 /var/www/cutera-upgradation/vendor/laravel/framework/src/Illuminate/Http/Middleware/TrustProxies.php(39): Illuminate\\Pipeline\\Pipeline->Illuminate\\Pipeline\\{closure}()
#28 /var/www/cutera-upgradation/vendor/laravel/framework/src/Illuminate/Pipeline/Pipeline.php(167): Illuminate\\Http\\Middleware\\TrustProxies->handle()
#29 /var/www/cutera-upgradation/vendor/laravel/framework/src/Illuminate/Pipeline/Pipeline.php(103): Illuminate\\Pipeline\\Pipeline->Illuminate\\Pipeline\\{closure}()
#30 /var/www/cutera-upgradation/vendor/laravel/framework/src/Illuminate/Foundation/Http/Kernel.php(142): Illuminate\\Pipeline\\Pipeline->then()
#31 /var/www/cutera-upgradation/vendor/laravel/framework/src/Illuminate/Foundation/Http/Kernel.php(111): Illuminate\\Foundation\\Http\\Kernel->sendRequestThroughRouter()
#32 /var/www/cutera-upgradation/public/index.php(52): Illuminate\\Foundation\\Http\\Kernel->handle()
#33 {main}
"} 
[2022-06-29 15:59:50] local.ERROR: Class "App\User" not found {"userId":1,"exception":"[object] (Error(code: 0): Class \"App\\User\" not found at /var/www/cutera-upgradation/app/Http/Controllers/Admin/Reports/AppointmentsController.php:589)
[stacktrace]
#0 /var/www/cutera-upgradation/app/Http/Controllers/Admin/Reports/AppointmentsController.php(122): App\\Http\\Controllers\\Admin\\Reports\\AppointmentsController::generalReport()
#1 /var/www/cutera-upgradation/vendor/laravel/framework/src/Illuminate/Routing/Controller.php(54): App\\Http\\Controllers\\Admin\\Reports\\AppointmentsController->reportLoad()
#2 /var/www/cutera-upgradation/vendor/laravel/framework/src/Illuminate/Routing/ControllerDispatcher.php(45): Illuminate\\Routing\\Controller->callAction()
#3 /var/www/cutera-upgradation/vendor/laravel/framework/src/Illuminate/Routing/Route.php(262): Illuminate\\Routing\\ControllerDispatcher->dispatch()
#4 /var/www/cutera-upgradation/vendor/laravel/framework/src/Illuminate/Routing/Route.php(205): Illuminate\\Routing\\Route->runController()
#5 /var/www/cutera-upgradation/vendor/laravel/framework/src/Illuminate/Routing/Router.php(721): Illuminate\\Routing\\Route->run()
#6 /var/www/cutera-upgradation/vendor/laravel/framework/src/Illuminate/Pipeline/Pipeline.php(128): Illuminate\\Routing\\Router->Illuminate\\Routing\\{closure}()
#7 /var/www/cutera-upgradation/app/Http/Middleware/CheckAccountStatus.php(20): Illuminate\\Pipeline\\Pipeline->Illuminate\\Pipeline\\{closure}()
#8 /var/www/cutera-upgradation/vendor/laravel/framework/src/Illuminate/Pipeline/Pipeline.php(167): App\\Http\\Middleware\\CheckAccountStatus->handle()
#9 /var/www/cutera-upgradation/app/Http/Middleware/AuthenticateApiWeb.php(24): Illuminate\\Pipeline\\Pipeline->Illuminate\\Pipeline\\{closure}()
#10 /var/www/cutera-upgradation/vendor/laravel/framework/src/Illuminate/Pipeline/Pipeline.php(167): App\\Http\\Middleware\\AuthenticateApiWeb->handle()
#11 /var/www/cutera-upgradation/vendor/laravel/framework/src/Illuminate/Routing/Middleware/SubstituteBindings.php(50): Illuminate\\Pipeline\\Pipeline->Illuminate\\Pipeline\\{closure}()
#12 /var/www/cutera-upgradation/vendor/laravel/framework/src/Illuminate/Pipeline/Pipeline.php(167): Illuminate\\Routing\\Middleware\\SubstituteBindings->handle()
#13 /var/www/cutera-upgradation/app/Http/Middleware/VerifyCsrfToken.php(32): Illuminate\\Pipeline\\Pipeline->Illuminate\\Pipeline\\{closure}()
#14 /var/www/cutera-upgradation/vendor/laravel/framework/src/Illuminate/Pipeline/Pipeline.php(167): App\\Http\\Middleware\\VerifyCsrfToken->handle()
#15 /var/www/cutera-upgradation/vendor/laravel/framework/src/Illuminate/View/Middleware/ShareErrorsFromSession.php(49): Illuminate\\Pipeline\\Pipeline->Illuminate\\Pipeline\\{closure}()
#16 /var/www/cutera-upgradation/vendor/laravel/framework/src/Illuminate/Pipeline/Pipeline.php(167): Illuminate\\View\\Middleware\\ShareErrorsFromSession->handle()
#17 /var/www/cutera-upgradation/vendor/laravel/framework/src/Illuminate/Session/Middleware/StartSession.php(121): Illuminate\\Pipeline\\Pipeline->Illuminate\\Pipeline\\{closure}()
#18 /var/www/cutera-upgradation/vendor/laravel/framework/src/Illuminate/Session/Middleware/StartSession.php(64): Illuminate\\Session\\Middleware\\StartSession->handleStatefulRequest()
#19 /var/www/cutera-upgradation/vendor/laravel/framework/src/Illuminate/Pipeline/Pipeline.php(167): Illuminate\\Session\\Middleware\\StartSession->handle()
#20 /var/www/cutera-upgradation/vendor/laravel/framework/src/Illuminate/Cookie/Middleware/AddQueuedCookiesToResponse.php(37): Illuminate\\Pipeline\\Pipeline->Illuminate\\Pipeline\\{closure}()
#21 /var/www/cutera-upgradation/vendor/laravel/framework/src/Illuminate/Pipeline/Pipeline.php(167): Illuminate\\Cookie\\Middleware\\AddQueuedCookiesToResponse->handle()
#22 /var/www/cutera-upgradation/vendor/laravel/framework/src/Illuminate/Cookie/Middleware/EncryptCookies.php(67): Illuminate\\Pipeline\\Pipeline->Illuminate\\Pipeline\\{closure}()
#23 /var/www/cutera-upgradation/vendor/laravel/framework/src/Illuminate/Pipeline/Pipeline.php(167): Illuminate\\Cookie\\Middleware\\EncryptCookies->handle()
#24 /var/www/cutera-upgradation/vendor/laravel/framework/src/Illuminate/Pipeline/Pipeline.php(103): Illuminate\\Pipeline\\Pipeline->Illuminate\\Pipeline\\{closure}()
#25 /var/www/cutera-upgradation/vendor/laravel/framework/src/Illuminate/Routing/Router.php(723): Illuminate\\Pipeline\\Pipeline->then()
#26 /var/www/cutera-upgradation/vendor/laravel/framework/src/Illuminate/Routing/Router.php(698): Illuminate\\Routing\\Router->runRouteWithinStack()
#27 /var/www/cutera-upgradation/vendor/laravel/framework/src/Illuminate/Routing/Router.php(662): Illuminate\\Routing\\Router->runRoute()
#28 /var/www/cutera-upgradation/vendor/laravel/framework/src/Illuminate/Routing/Router.php(651): Illuminate\\Routing\\Router->dispatchToRoute()
#29 /var/www/cutera-upgradation/vendor/laravel/framework/src/Illuminate/Foundation/Http/Kernel.php(167): Illuminate\\Routing\\Router->dispatch()
#30 /var/www/cutera-upgradation/vendor/laravel/framework/src/Illuminate/Pipeline/Pipeline.php(128): Illuminate\\Foundation\\Http\\Kernel->Illuminate\\Foundation\\Http\\{closure}()
#31 /var/www/cutera-upgradation/vendor/laravel/framework/src/Illuminate/Foundation/Http/Middleware/TransformsRequest.php(21): Illuminate\\Pipeline\\Pipeline->Illuminate\\Pipeline\\{closure}()
#32 /var/www/cutera-upgradation/vendor/laravel/framework/src/Illuminate/Foundation/Http/Middleware/ConvertEmptyStringsToNull.php(31): Illuminate\\Foundation\\Http\\Middleware\\TransformsRequest->handle()
#33 /var/www/cutera-upgradation/vendor/laravel/framework/src/Illuminate/Pipeline/Pipeline.php(167): Illuminate\\Foundation\\Http\\Middleware\\ConvertEmptyStringsToNull->handle()
#34 /var/www/cutera-upgradation/vendor/laravel/framework/src/Illuminate/Foundation/Http/Middleware/TransformsRequest.php(21): Illuminate\\Pipeline\\Pipeline->Illuminate\\Pipeline\\{closure}()
#35 /var/www/cutera-upgradation/vendor/laravel/framework/src/Illuminate/Foundation/Http/Middleware/TrimStrings.php(40): Illuminate\\Foundation\\Http\\Middleware\\TransformsRequest->handle()
#36 /var/www/cutera-upgradation/vendor/laravel/framework/src/Illuminate/Pipeline/Pipeline.php(167): Illuminate\\Foundation\\Http\\Middleware\\TrimStrings->handle()
#37 /var/www/cutera-upgradation/vendor/laravel/framework/src/Illuminate/Foundation/Http/Middleware/ValidatePostSize.php(27): Illuminate\\Pipeline\\Pipeline->Illuminate\\Pipeline\\{closure}()
#38 /var/www/cutera-upgradation/vendor/laravel/framework/src/Illuminate/Pipeline/Pipeline.php(167): Illuminate\\Foundation\\Http\\Middleware\\ValidatePostSize->handle()
#39 /var/www/cutera-upgradation/vendor/laravel/framework/src/Illuminate/Foundation/Http/Middleware/PreventRequestsDuringMaintenance.php(86): Illuminate\\Pipeline\\Pipeline->Illuminate\\Pipeline\\{closure}()
#40 /var/www/cutera-upgradation/vendor/laravel/framework/src/Illuminate/Pipeline/Pipeline.php(167): Illuminate\\Foundation\\Http\\Middleware\\PreventRequestsDuringMaintenance->handle()
#41 /var/www/cutera-upgradation/vendor/fruitcake/laravel-cors/src/HandleCors.php(38): Illuminate\\Pipeline\\Pipeline->Illuminate\\Pipeline\\{closure}()
#42 /var/www/cutera-upgradation/vendor/laravel/framework/src/Illuminate/Pipeline/Pipeline.php(167): Fruitcake\\Cors\\HandleCors->handle()
#43 /var/www/cutera-upgradation/vendor/laravel/framework/src/Illuminate/Http/Middleware/TrustProxies.php(39): Illuminate\\Pipeline\\Pipeline->Illuminate\\Pipeline\\{closure}()
#44 /var/www/cutera-upgradation/vendor/laravel/framework/src/Illuminate/Pipeline/Pipeline.php(167): Illuminate\\Http\\Middleware\\TrustProxies->handle()
#45 /var/www/cutera-upgradation/vendor/laravel/framework/src/Illuminate/Pipeline/Pipeline.php(103): Illuminate\\Pipeline\\Pipeline->Illuminate\\Pipeline\\{closure}()
#46 /var/www/cutera-upgradation/vendor/laravel/framework/src/Illuminate/Foundation/Http/Kernel.php(142): Illuminate\\Pipeline\\Pipeline->then()
#47 /var/www/cutera-upgradation/vendor/laravel/framework/src/Illuminate/Foundation/Http/Kernel.php(111): Illuminate\\Foundation\\Http\\Kernel->sendRequestThroughRouter()
#48 /var/www/cutera-upgradation/public/index.php(52): Illuminate\\Foundation\\Http\\Kernel->handle()
#49 {main}
"} 
[2022-06-29 16:00:21] local.ERROR: Undefined array key "date_range_by" {"userId":1,"exception":"[object] (ErrorException(code: 0): Undefined array key \"date_range_by\" at /var/www/cutera-upgradation/app/Reports/Appointments.php:108)
[stacktrace]
#0 /var/www/cutera-upgradation/app/Reports/Appointments.php(108): Illuminate\\Foundation\\Bootstrap\\HandleExceptions->handleError()
#1 /var/www/cutera-upgradation/app/Http/Controllers/Admin/Reports/AppointmentsController.php(592): App\\Reports\\Appointments::getGeneralReport()
#2 /var/www/cutera-upgradation/app/Http/Controllers/Admin/Reports/AppointmentsController.php(122): App\\Http\\Controllers\\Admin\\Reports\\AppointmentsController::generalReport()
#3 /var/www/cutera-upgradation/vendor/laravel/framework/src/Illuminate/Routing/Controller.php(54): App\\Http\\Controllers\\Admin\\Reports\\AppointmentsController->reportLoad()
#4 /var/www/cutera-upgradation/vendor/laravel/framework/src/Illuminate/Routing/ControllerDispatcher.php(45): Illuminate\\Routing\\Controller->callAction()
#5 /var/www/cutera-upgradation/vendor/laravel/framework/src/Illuminate/Routing/Route.php(262): Illuminate\\Routing\\ControllerDispatcher->dispatch()
#6 /var/www/cutera-upgradation/vendor/laravel/framework/src/Illuminate/Routing/Route.php(205): Illuminate\\Routing\\Route->runController()
#7 /var/www/cutera-upgradation/vendor/laravel/framework/src/Illuminate/Routing/Router.php(721): Illuminate\\Routing\\Route->run()
#8 /var/www/cutera-upgradation/vendor/laravel/framework/src/Illuminate/Pipeline/Pipeline.php(128): Illuminate\\Routing\\Router->Illuminate\\Routing\\{closure}()
#9 /var/www/cutera-upgradation/app/Http/Middleware/CheckAccountStatus.php(20): Illuminate\\Pipeline\\Pipeline->Illuminate\\Pipeline\\{closure}()
#10 /var/www/cutera-upgradation/vendor/laravel/framework/src/Illuminate/Pipeline/Pipeline.php(167): App\\Http\\Middleware\\CheckAccountStatus->handle()
#11 /var/www/cutera-upgradation/app/Http/Middleware/AuthenticateApiWeb.php(24): Illuminate\\Pipeline\\Pipeline->Illuminate\\Pipeline\\{closure}()
#12 /var/www/cutera-upgradation/vendor/laravel/framework/src/Illuminate/Pipeline/Pipeline.php(167): App\\Http\\Middleware\\AuthenticateApiWeb->handle()
#13 /var/www/cutera-upgradation/vendor/laravel/framework/src/Illuminate/Routing/Middleware/SubstituteBindings.php(50): Illuminate\\Pipeline\\Pipeline->Illuminate\\Pipeline\\{closure}()
#14 /var/www/cutera-upgradation/vendor/laravel/framework/src/Illuminate/Pipeline/Pipeline.php(167): Illuminate\\Routing\\Middleware\\SubstituteBindings->handle()
#15 /var/www/cutera-upgradation/app/Http/Middleware/VerifyCsrfToken.php(32): Illuminate\\Pipeline\\Pipeline->Illuminate\\Pipeline\\{closure}()
#16 /var/www/cutera-upgradation/vendor/laravel/framework/src/Illuminate/Pipeline/Pipeline.php(167): App\\Http\\Middleware\\VerifyCsrfToken->handle()
#17 /var/www/cutera-upgradation/vendor/laravel/framework/src/Illuminate/View/Middleware/ShareErrorsFromSession.php(49): Illuminate\\Pipeline\\Pipeline->Illuminate\\Pipeline\\{closure}()
#18 /var/www/cutera-upgradation/vendor/laravel/framework/src/Illuminate/Pipeline/Pipeline.php(167): Illuminate\\View\\Middleware\\ShareErrorsFromSession->handle()
#19 /var/www/cutera-upgradation/vendor/laravel/framework/src/Illuminate/Session/Middleware/StartSession.php(121): Illuminate\\Pipeline\\Pipeline->Illuminate\\Pipeline\\{closure}()
#20 /var/www/cutera-upgradation/vendor/laravel/framework/src/Illuminate/Session/Middleware/StartSession.php(64): Illuminate\\Session\\Middleware\\StartSession->handleStatefulRequest()
#21 /var/www/cutera-upgradation/vendor/laravel/framework/src/Illuminate/Pipeline/Pipeline.php(167): Illuminate\\Session\\Middleware\\StartSession->handle()
#22 /var/www/cutera-upgradation/vendor/laravel/framework/src/Illuminate/Cookie/Middleware/AddQueuedCookiesToResponse.php(37): Illuminate\\Pipeline\\Pipeline->Illuminate\\Pipeline\\{closure}()
#23 /var/www/cutera-upgradation/vendor/laravel/framework/src/Illuminate/Pipeline/Pipeline.php(167): Illuminate\\Cookie\\Middleware\\AddQueuedCookiesToResponse->handle()
#24 /var/www/cutera-upgradation/vendor/laravel/framework/src/Illuminate/Cookie/Middleware/EncryptCookies.php(67): Illuminate\\Pipeline\\Pipeline->Illuminate\\Pipeline\\{closure}()
#25 /var/www/cutera-upgradation/vendor/laravel/framework/src/Illuminate/Pipeline/Pipeline.php(167): Illuminate\\Cookie\\Middleware\\EncryptCookies->handle()
#26 /var/www/cutera-upgradation/vendor/laravel/framework/src/Illuminate/Pipeline/Pipeline.php(103): Illuminate\\Pipeline\\Pipeline->Illuminate\\Pipeline\\{closure}()
#27 /var/www/cutera-upgradation/vendor/laravel/framework/src/Illuminate/Routing/Router.php(723): Illuminate\\Pipeline\\Pipeline->then()
#28 /var/www/cutera-upgradation/vendor/laravel/framework/src/Illuminate/Routing/Router.php(698): Illuminate\\Routing\\Router->runRouteWithinStack()
#29 /var/www/cutera-upgradation/vendor/laravel/framework/src/Illuminate/Routing/Router.php(662): Illuminate\\Routing\\Router->runRoute()
#30 /var/www/cutera-upgradation/vendor/laravel/framework/src/Illuminate/Routing/Router.php(651): Illuminate\\Routing\\Router->dispatchToRoute()
#31 /var/www/cutera-upgradation/vendor/laravel/framework/src/Illuminate/Foundation/Http/Kernel.php(167): Illuminate\\Routing\\Router->dispatch()
#32 /var/www/cutera-upgradation/vendor/laravel/framework/src/Illuminate/Pipeline/Pipeline.php(128): Illuminate\\Foundation\\Http\\Kernel->Illuminate\\Foundation\\Http\\{closure}()
#33 /var/www/cutera-upgradation/vendor/laravel/framework/src/Illuminate/Foundation/Http/Middleware/TransformsRequest.php(21): Illuminate\\Pipeline\\Pipeline->Illuminate\\Pipeline\\{closure}()
#34 /var/www/cutera-upgradation/vendor/laravel/framework/src/Illuminate/Foundation/Http/Middleware/ConvertEmptyStringsToNull.php(31): Illuminate\\Foundation\\Http\\Middleware\\TransformsRequest->handle()
#35 /var/www/cutera-upgradation/vendor/laravel/framework/src/Illuminate/Pipeline/Pipeline.php(167): Illuminate\\Foundation\\Http\\Middleware\\ConvertEmptyStringsToNull->handle()
#36 /var/www/cutera-upgradation/vendor/laravel/framework/src/Illuminate/Foundation/Http/Middleware/TransformsRequest.php(21): Illuminate\\Pipeline\\Pipeline->Illuminate\\Pipeline\\{closure}()
#37 /var/www/cutera-upgradation/vendor/laravel/framework/src/Illuminate/Foundation/Http/Middleware/TrimStrings.php(40): Illuminate\\Foundation\\Http\\Middleware\\TransformsRequest->handle()
#38 /var/www/cutera-upgradation/vendor/laravel/framework/src/Illuminate/Pipeline/Pipeline.php(167): Illuminate\\Foundation\\Http\\Middleware\\TrimStrings->handle()
#39 /var/www/cutera-upgradation/vendor/laravel/framework/src/Illuminate/Foundation/Http/Middleware/ValidatePostSize.php(27): Illuminate\\Pipeline\\Pipeline->Illuminate\\Pipeline\\{closure}()
#40 /var/www/cutera-upgradation/vendor/laravel/framework/src/Illuminate/Pipeline/Pipeline.php(167): Illuminate\\Foundation\\Http\\Middleware\\ValidatePostSize->handle()
#41 /var/www/cutera-upgradation/vendor/laravel/framework/src/Illuminate/Foundation/Http/Middleware/PreventRequestsDuringMaintenance.php(86): Illuminate\\Pipeline\\Pipeline->Illuminate\\Pipeline\\{closure}()
#42 /var/www/cutera-upgradation/vendor/laravel/framework/src/Illuminate/Pipeline/Pipeline.php(167): Illuminate\\Foundation\\Http\\Middleware\\PreventRequestsDuringMaintenance->handle()
#43 /var/www/cutera-upgradation/vendor/fruitcake/laravel-cors/src/HandleCors.php(38): Illuminate\\Pipeline\\Pipeline->Illuminate\\Pipeline\\{closure}()
#44 /var/www/cutera-upgradation/vendor/laravel/framework/src/Illuminate/Pipeline/Pipeline.php(167): Fruitcake\\Cors\\HandleCors->handle()
#45 /var/www/cutera-upgradation/vendor/laravel/framework/src/Illuminate/Http/Middleware/TrustProxies.php(39): Illuminate\\Pipeline\\Pipeline->Illuminate\\Pipeline\\{closure}()
#46 /var/www/cutera-upgradation/vendor/laravel/framework/src/Illuminate/Pipeline/Pipeline.php(167): Illuminate\\Http\\Middleware\\TrustProxies->handle()
#47 /var/www/cutera-upgradation/vendor/laravel/framework/src/Illuminate/Pipeline/Pipeline.php(103): Illuminate\\Pipeline\\Pipeline->Illuminate\\Pipeline\\{closure}()
#48 /var/www/cutera-upgradation/vendor/laravel/framework/src/Illuminate/Foundation/Http/Kernel.php(142): Illuminate\\Pipeline\\Pipeline->then()
#49 /var/www/cutera-upgradation/vendor/laravel/framework/src/Illuminate/Foundation/Http/Kernel.php(111): Illuminate\\Foundation\\Http\\Kernel->sendRequestThroughRouter()
#50 /var/www/cutera-upgradation/public/index.php(52): Illuminate\\Foundation\\Http\\Kernel->handle()
#51 {main}
"} 
[2022-06-29 16:00:35] local.ERROR: Undefined array key "date_range_by" {"userId":1,"exception":"[object] (ErrorException(code: 0): Undefined array key \"date_range_by\" at /var/www/cutera-upgradation/app/Reports/Appointments.php:108)
[stacktrace]
#0 /var/www/cutera-upgradation/app/Reports/Appointments.php(108): Illuminate\\Foundation\\Bootstrap\\HandleExceptions->handleError()
#1 /var/www/cutera-upgradation/app/Http/Controllers/Admin/Reports/AppointmentsController.php(592): App\\Reports\\Appointments::getGeneralReport()
#2 /var/www/cutera-upgradation/app/Http/Controllers/Admin/Reports/AppointmentsController.php(122): App\\Http\\Controllers\\Admin\\Reports\\AppointmentsController::generalReport()
#3 /var/www/cutera-upgradation/vendor/laravel/framework/src/Illuminate/Routing/Controller.php(54): App\\Http\\Controllers\\Admin\\Reports\\AppointmentsController->reportLoad()
#4 /var/www/cutera-upgradation/vendor/laravel/framework/src/Illuminate/Routing/ControllerDispatcher.php(45): Illuminate\\Routing\\Controller->callAction()
#5 /var/www/cutera-upgradation/vendor/laravel/framework/src/Illuminate/Routing/Route.php(262): Illuminate\\Routing\\ControllerDispatcher->dispatch()
#6 /var/www/cutera-upgradation/vendor/laravel/framework/src/Illuminate/Routing/Route.php(205): Illuminate\\Routing\\Route->runController()
#7 /var/www/cutera-upgradation/vendor/laravel/framework/src/Illuminate/Routing/Router.php(721): Illuminate\\Routing\\Route->run()
#8 /var/www/cutera-upgradation/vendor/laravel/framework/src/Illuminate/Pipeline/Pipeline.php(128): Illuminate\\Routing\\Router->Illuminate\\Routing\\{closure}()
#9 /var/www/cutera-upgradation/app/Http/Middleware/CheckAccountStatus.php(20): Illuminate\\Pipeline\\Pipeline->Illuminate\\Pipeline\\{closure}()
#10 /var/www/cutera-upgradation/vendor/laravel/framework/src/Illuminate/Pipeline/Pipeline.php(167): App\\Http\\Middleware\\CheckAccountStatus->handle()
#11 /var/www/cutera-upgradation/app/Http/Middleware/AuthenticateApiWeb.php(24): Illuminate\\Pipeline\\Pipeline->Illuminate\\Pipeline\\{closure}()
#12 /var/www/cutera-upgradation/vendor/laravel/framework/src/Illuminate/Pipeline/Pipeline.php(167): App\\Http\\Middleware\\AuthenticateApiWeb->handle()
#13 /var/www/cutera-upgradation/vendor/laravel/framework/src/Illuminate/Routing/Middleware/SubstituteBindings.php(50): Illuminate\\Pipeline\\Pipeline->Illuminate\\Pipeline\\{closure}()
#14 /var/www/cutera-upgradation/vendor/laravel/framework/src/Illuminate/Pipeline/Pipeline.php(167): Illuminate\\Routing\\Middleware\\SubstituteBindings->handle()
#15 /var/www/cutera-upgradation/app/Http/Middleware/VerifyCsrfToken.php(32): Illuminate\\Pipeline\\Pipeline->Illuminate\\Pipeline\\{closure}()
#16 /var/www/cutera-upgradation/vendor/laravel/framework/src/Illuminate/Pipeline/Pipeline.php(167): App\\Http\\Middleware\\VerifyCsrfToken->handle()
#17 /var/www/cutera-upgradation/vendor/laravel/framework/src/Illuminate/View/Middleware/ShareErrorsFromSession.php(49): Illuminate\\Pipeline\\Pipeline->Illuminate\\Pipeline\\{closure}()
#18 /var/www/cutera-upgradation/vendor/laravel/framework/src/Illuminate/Pipeline/Pipeline.php(167): Illuminate\\View\\Middleware\\ShareErrorsFromSession->handle()
#19 /var/www/cutera-upgradation/vendor/laravel/framework/src/Illuminate/Session/Middleware/StartSession.php(121): Illuminate\\Pipeline\\Pipeline->Illuminate\\Pipeline\\{closure}()
#20 /var/www/cutera-upgradation/vendor/laravel/framework/src/Illuminate/Session/Middleware/StartSession.php(64): Illuminate\\Session\\Middleware\\StartSession->handleStatefulRequest()
#21 /var/www/cutera-upgradation/vendor/laravel/framework/src/Illuminate/Pipeline/Pipeline.php(167): Illuminate\\Session\\Middleware\\StartSession->handle()
#22 /var/www/cutera-upgradation/vendor/laravel/framework/src/Illuminate/Cookie/Middleware/AddQueuedCookiesToResponse.php(37): Illuminate\\Pipeline\\Pipeline->Illuminate\\Pipeline\\{closure}()
#23 /var/www/cutera-upgradation/vendor/laravel/framework/src/Illuminate/Pipeline/Pipeline.php(167): Illuminate\\Cookie\\Middleware\\AddQueuedCookiesToResponse->handle()
#24 /var/www/cutera-upgradation/vendor/laravel/framework/src/Illuminate/Cookie/Middleware/EncryptCookies.php(67): Illuminate\\Pipeline\\Pipeline->Illuminate\\Pipeline\\{closure}()
#25 /var/www/cutera-upgradation/vendor/laravel/framework/src/Illuminate/Pipeline/Pipeline.php(167): Illuminate\\Cookie\\Middleware\\EncryptCookies->handle()
#26 /var/www/cutera-upgradation/vendor/laravel/framework/src/Illuminate/Pipeline/Pipeline.php(103): Illuminate\\Pipeline\\Pipeline->Illuminate\\Pipeline\\{closure}()
#27 /var/www/cutera-upgradation/vendor/laravel/framework/src/Illuminate/Routing/Router.php(723): Illuminate\\Pipeline\\Pipeline->then()
#28 /var/www/cutera-upgradation/vendor/laravel/framework/src/Illuminate/Routing/Router.php(698): Illuminate\\Routing\\Router->runRouteWithinStack()
#29 /var/www/cutera-upgradation/vendor/laravel/framework/src/Illuminate/Routing/Router.php(662): Illuminate\\Routing\\Router->runRoute()
#30 /var/www/cutera-upgradation/vendor/laravel/framework/src/Illuminate/Routing/Router.php(651): Illuminate\\Routing\\Router->dispatchToRoute()
#31 /var/www/cutera-upgradation/vendor/laravel/framework/src/Illuminate/Foundation/Http/Kernel.php(167): Illuminate\\Routing\\Router->dispatch()
#32 /var/www/cutera-upgradation/vendor/laravel/framework/src/Illuminate/Pipeline/Pipeline.php(128): Illuminate\\Foundation\\Http\\Kernel->Illuminate\\Foundation\\Http\\{closure}()
#33 /var/www/cutera-upgradation/vendor/laravel/framework/src/Illuminate/Foundation/Http/Middleware/TransformsRequest.php(21): Illuminate\\Pipeline\\Pipeline->Illuminate\\Pipeline\\{closure}()
#34 /var/www/cutera-upgradation/vendor/laravel/framework/src/Illuminate/Foundation/Http/Middleware/ConvertEmptyStringsToNull.php(31): Illuminate\\Foundation\\Http\\Middleware\\TransformsRequest->handle()
#35 /var/www/cutera-upgradation/vendor/laravel/framework/src/Illuminate/Pipeline/Pipeline.php(167): Illuminate\\Foundation\\Http\\Middleware\\ConvertEmptyStringsToNull->handle()
#36 /var/www/cutera-upgradation/vendor/laravel/framework/src/Illuminate/Foundation/Http/Middleware/TransformsRequest.php(21): Illuminate\\Pipeline\\Pipeline->Illuminate\\Pipeline\\{closure}()
#37 /var/www/cutera-upgradation/vendor/laravel/framework/src/Illuminate/Foundation/Http/Middleware/TrimStrings.php(40): Illuminate\\Foundation\\Http\\Middleware\\TransformsRequest->handle()
#38 /var/www/cutera-upgradation/vendor/laravel/framework/src/Illuminate/Pipeline/Pipeline.php(167): Illuminate\\Foundation\\Http\\Middleware\\TrimStrings->handle()
#39 /var/www/cutera-upgradation/vendor/laravel/framework/src/Illuminate/Foundation/Http/Middleware/ValidatePostSize.php(27): Illuminate\\Pipeline\\Pipeline->Illuminate\\Pipeline\\{closure}()
#40 /var/www/cutera-upgradation/vendor/laravel/framework/src/Illuminate/Pipeline/Pipeline.php(167): Illuminate\\Foundation\\Http\\Middleware\\ValidatePostSize->handle()
#41 /var/www/cutera-upgradation/vendor/laravel/framework/src/Illuminate/Foundation/Http/Middleware/PreventRequestsDuringMaintenance.php(86): Illuminate\\Pipeline\\Pipeline->Illuminate\\Pipeline\\{closure}()
#42 /var/www/cutera-upgradation/vendor/laravel/framework/src/Illuminate/Pipeline/Pipeline.php(167): Illuminate\\Foundation\\Http\\Middleware\\PreventRequestsDuringMaintenance->handle()
#43 /var/www/cutera-upgradation/vendor/fruitcake/laravel-cors/src/HandleCors.php(38): Illuminate\\Pipeline\\Pipeline->Illuminate\\Pipeline\\{closure}()
#44 /var/www/cutera-upgradation/vendor/laravel/framework/src/Illuminate/Pipeline/Pipeline.php(167): Fruitcake\\Cors\\HandleCors->handle()
#45 /var/www/cutera-upgradation/vendor/laravel/framework/src/Illuminate/Http/Middleware/TrustProxies.php(39): Illuminate\\Pipeline\\Pipeline->Illuminate\\Pipeline\\{closure}()
#46 /var/www/cutera-upgradation/vendor/laravel/framework/src/Illuminate/Pipeline/Pipeline.php(167): Illuminate\\Http\\Middleware\\TrustProxies->handle()
#47 /var/www/cutera-upgradation/vendor/laravel/framework/src/Illuminate/Pipeline/Pipeline.php(103): Illuminate\\Pipeline\\Pipeline->Illuminate\\Pipeline\\{closure}()
#48 /var/www/cutera-upgradation/vendor/laravel/framework/src/Illuminate/Foundation/Http/Kernel.php(142): Illuminate\\Pipeline\\Pipeline->then()
#49 /var/www/cutera-upgradation/vendor/laravel/framework/src/Illuminate/Foundation/Http/Kernel.php(111): Illuminate\\Foundation\\Http\\Kernel->sendRequestThroughRouter()
#50 /var/www/cutera-upgradation/public/index.php(52): Illuminate\\Foundation\\Http\\Kernel->handle()
#51 {main}
"} 
[2022-06-29 16:01:45] local.ERROR: Undefined array key "date_range_by" {"userId":1,"exception":"[object] (ErrorException(code: 0): Undefined array key \"date_range_by\" at /var/www/cutera-upgradation/app/Reports/Appointments.php:108)
[stacktrace]
#0 /var/www/cutera-upgradation/app/Reports/Appointments.php(108): Illuminate\\Foundation\\Bootstrap\\HandleExceptions->handleError()
#1 /var/www/cutera-upgradation/app/Http/Controllers/Admin/Reports/AppointmentsController.php(592): App\\Reports\\Appointments::getGeneralReport()
#2 /var/www/cutera-upgradation/app/Http/Controllers/Admin/Reports/AppointmentsController.php(122): App\\Http\\Controllers\\Admin\\Reports\\AppointmentsController::generalReport()
#3 /var/www/cutera-upgradation/vendor/laravel/framework/src/Illuminate/Routing/Controller.php(54): App\\Http\\Controllers\\Admin\\Reports\\AppointmentsController->reportLoad()
#4 /var/www/cutera-upgradation/vendor/laravel/framework/src/Illuminate/Routing/ControllerDispatcher.php(45): Illuminate\\Routing\\Controller->callAction()
#5 /var/www/cutera-upgradation/vendor/laravel/framework/src/Illuminate/Routing/Route.php(262): Illuminate\\Routing\\ControllerDispatcher->dispatch()
#6 /var/www/cutera-upgradation/vendor/laravel/framework/src/Illuminate/Routing/Route.php(205): Illuminate\\Routing\\Route->runController()
#7 /var/www/cutera-upgradation/vendor/laravel/framework/src/Illuminate/Routing/Router.php(721): Illuminate\\Routing\\Route->run()
#8 /var/www/cutera-upgradation/vendor/laravel/framework/src/Illuminate/Pipeline/Pipeline.php(128): Illuminate\\Routing\\Router->Illuminate\\Routing\\{closure}()
#9 /var/www/cutera-upgradation/app/Http/Middleware/CheckAccountStatus.php(20): Illuminate\\Pipeline\\Pipeline->Illuminate\\Pipeline\\{closure}()
#10 /var/www/cutera-upgradation/vendor/laravel/framework/src/Illuminate/Pipeline/Pipeline.php(167): App\\Http\\Middleware\\CheckAccountStatus->handle()
#11 /var/www/cutera-upgradation/app/Http/Middleware/AuthenticateApiWeb.php(24): Illuminate\\Pipeline\\Pipeline->Illuminate\\Pipeline\\{closure}()
#12 /var/www/cutera-upgradation/vendor/laravel/framework/src/Illuminate/Pipeline/Pipeline.php(167): App\\Http\\Middleware\\AuthenticateApiWeb->handle()
#13 /var/www/cutera-upgradation/vendor/laravel/framework/src/Illuminate/Routing/Middleware/SubstituteBindings.php(50): Illuminate\\Pipeline\\Pipeline->Illuminate\\Pipeline\\{closure}()
#14 /var/www/cutera-upgradation/vendor/laravel/framework/src/Illuminate/Pipeline/Pipeline.php(167): Illuminate\\Routing\\Middleware\\SubstituteBindings->handle()
#15 /var/www/cutera-upgradation/app/Http/Middleware/VerifyCsrfToken.php(32): Illuminate\\Pipeline\\Pipeline->Illuminate\\Pipeline\\{closure}()
#16 /var/www/cutera-upgradation/vendor/laravel/framework/src/Illuminate/Pipeline/Pipeline.php(167): App\\Http\\Middleware\\VerifyCsrfToken->handle()
#17 /var/www/cutera-upgradation/vendor/laravel/framework/src/Illuminate/View/Middleware/ShareErrorsFromSession.php(49): Illuminate\\Pipeline\\Pipeline->Illuminate\\Pipeline\\{closure}()
#18 /var/www/cutera-upgradation/vendor/laravel/framework/src/Illuminate/Pipeline/Pipeline.php(167): Illuminate\\View\\Middleware\\ShareErrorsFromSession->handle()
#19 /var/www/cutera-upgradation/vendor/laravel/framework/src/Illuminate/Session/Middleware/StartSession.php(121): Illuminate\\Pipeline\\Pipeline->Illuminate\\Pipeline\\{closure}()
#20 /var/www/cutera-upgradation/vendor/laravel/framework/src/Illuminate/Session/Middleware/StartSession.php(64): Illuminate\\Session\\Middleware\\StartSession->handleStatefulRequest()
#21 /var/www/cutera-upgradation/vendor/laravel/framework/src/Illuminate/Pipeline/Pipeline.php(167): Illuminate\\Session\\Middleware\\StartSession->handle()
#22 /var/www/cutera-upgradation/vendor/laravel/framework/src/Illuminate/Cookie/Middleware/AddQueuedCookiesToResponse.php(37): Illuminate\\Pipeline\\Pipeline->Illuminate\\Pipeline\\{closure}()
#23 /var/www/cutera-upgradation/vendor/laravel/framework/src/Illuminate/Pipeline/Pipeline.php(167): Illuminate\\Cookie\\Middleware\\AddQueuedCookiesToResponse->handle()
#24 /var/www/cutera-upgradation/vendor/laravel/framework/src/Illuminate/Cookie/Middleware/EncryptCookies.php(67): Illuminate\\Pipeline\\Pipeline->Illuminate\\Pipeline\\{closure}()
#25 /var/www/cutera-upgradation/vendor/laravel/framework/src/Illuminate/Pipeline/Pipeline.php(167): Illuminate\\Cookie\\Middleware\\EncryptCookies->handle()
#26 /var/www/cutera-upgradation/vendor/laravel/framework/src/Illuminate/Pipeline/Pipeline.php(103): Illuminate\\Pipeline\\Pipeline->Illuminate\\Pipeline\\{closure}()
#27 /var/www/cutera-upgradation/vendor/laravel/framework/src/Illuminate/Routing/Router.php(723): Illuminate\\Pipeline\\Pipeline->then()
#28 /var/www/cutera-upgradation/vendor/laravel/framework/src/Illuminate/Routing/Router.php(698): Illuminate\\Routing\\Router->runRouteWithinStack()
#29 /var/www/cutera-upgradation/vendor/laravel/framework/src/Illuminate/Routing/Router.php(662): Illuminate\\Routing\\Router->runRoute()
#30 /var/www/cutera-upgradation/vendor/laravel/framework/src/Illuminate/Routing/Router.php(651): Illuminate\\Routing\\Router->dispatchToRoute()
#31 /var/www/cutera-upgradation/vendor/laravel/framework/src/Illuminate/Foundation/Http/Kernel.php(167): Illuminate\\Routing\\Router->dispatch()
#32 /var/www/cutera-upgradation/vendor/laravel/framework/src/Illuminate/Pipeline/Pipeline.php(128): Illuminate\\Foundation\\Http\\Kernel->Illuminate\\Foundation\\Http\\{closure}()
#33 /var/www/cutera-upgradation/vendor/laravel/framework/src/Illuminate/Foundation/Http/Middleware/TransformsRequest.php(21): Illuminate\\Pipeline\\Pipeline->Illuminate\\Pipeline\\{closure}()
#34 /var/www/cutera-upgradation/vendor/laravel/framework/src/Illuminate/Foundation/Http/Middleware/ConvertEmptyStringsToNull.php(31): Illuminate\\Foundation\\Http\\Middleware\\TransformsRequest->handle()
#35 /var/www/cutera-upgradation/vendor/laravel/framework/src/Illuminate/Pipeline/Pipeline.php(167): Illuminate\\Foundation\\Http\\Middleware\\ConvertEmptyStringsToNull->handle()
#36 /var/www/cutera-upgradation/vendor/laravel/framework/src/Illuminate/Foundation/Http/Middleware/TransformsRequest.php(21): Illuminate\\Pipeline\\Pipeline->Illuminate\\Pipeline\\{closure}()
#37 /var/www/cutera-upgradation/vendor/laravel/framework/src/Illuminate/Foundation/Http/Middleware/TrimStrings.php(40): Illuminate\\Foundation\\Http\\Middleware\\TransformsRequest->handle()
#38 /var/www/cutera-upgradation/vendor/laravel/framework/src/Illuminate/Pipeline/Pipeline.php(167): Illuminate\\Foundation\\Http\\Middleware\\TrimStrings->handle()
#39 /var/www/cutera-upgradation/vendor/laravel/framework/src/Illuminate/Foundation/Http/Middleware/ValidatePostSize.php(27): Illuminate\\Pipeline\\Pipeline->Illuminate\\Pipeline\\{closure}()
#40 /var/www/cutera-upgradation/vendor/laravel/framework/src/Illuminate/Pipeline/Pipeline.php(167): Illuminate\\Foundation\\Http\\Middleware\\ValidatePostSize->handle()
#41 /var/www/cutera-upgradation/vendor/laravel/framework/src/Illuminate/Foundation/Http/Middleware/PreventRequestsDuringMaintenance.php(86): Illuminate\\Pipeline\\Pipeline->Illuminate\\Pipeline\\{closure}()
#42 /var/www/cutera-upgradation/vendor/laravel/framework/src/Illuminate/Pipeline/Pipeline.php(167): Illuminate\\Foundation\\Http\\Middleware\\PreventRequestsDuringMaintenance->handle()
#43 /var/www/cutera-upgradation/vendor/fruitcake/laravel-cors/src/HandleCors.php(38): Illuminate\\Pipeline\\Pipeline->Illuminate\\Pipeline\\{closure}()
#44 /var/www/cutera-upgradation/vendor/laravel/framework/src/Illuminate/Pipeline/Pipeline.php(167): Fruitcake\\Cors\\HandleCors->handle()
#45 /var/www/cutera-upgradation/vendor/laravel/framework/src/Illuminate/Http/Middleware/TrustProxies.php(39): Illuminate\\Pipeline\\Pipeline->Illuminate\\Pipeline\\{closure}()
#46 /var/www/cutera-upgradation/vendor/laravel/framework/src/Illuminate/Pipeline/Pipeline.php(167): Illuminate\\Http\\Middleware\\TrustProxies->handle()
#47 /var/www/cutera-upgradation/vendor/laravel/framework/src/Illuminate/Pipeline/Pipeline.php(103): Illuminate\\Pipeline\\Pipeline->Illuminate\\Pipeline\\{closure}()
#48 /var/www/cutera-upgradation/vendor/laravel/framework/src/Illuminate/Foundation/Http/Kernel.php(142): Illuminate\\Pipeline\\Pipeline->then()
#49 /var/www/cutera-upgradation/vendor/laravel/framework/src/Illuminate/Foundation/Http/Kernel.php(111): Illuminate\\Foundation\\Http\\Kernel->sendRequestThroughRouter()
#50 /var/www/cutera-upgradation/public/index.php(52): Illuminate\\Foundation\\Http\\Kernel->handle()
#51 {main}
"} 
[2022-06-29 16:04:16] local.ERROR: SQLSTATE[42S22]: Column not found: 1054 Unknown column 'appointments.06/29/2022 - 06/29/2022' in 'where clause' (SQL: select `appointments`.*, `users`.`referred_by` from `appointments` inner join `users` on `users`.`id` = `appointments`.`patient_id` where date(`appointments`.`06/29/2022 - 06/29/2022`) >= 2022-06-29 and date(`appointments`.`06/29/2022 - 06/29/2022`) <= 2022-06-29 and (`appointments`.`account_id` = 1) and `appointments`.`location_id` in (2, 3, 30, 34, 35, 36, 37, 38, 44, 45, 46, 47) and `appointments`.`deleted_at` is null) {"userId":1,"exception":"[object] (Illuminate\\Database\\QueryException(code: 42S22): SQLSTATE[42S22]: Column not found: 1054 Unknown column 'appointments.06/29/2022 - 06/29/2022' in 'where clause' (SQL: select `appointments`.*, `users`.`referred_by` from `appointments` inner join `users` on `users`.`id` = `appointments`.`patient_id` where date(`appointments`.`06/29/2022 - 06/29/2022`) >= 2022-06-29 and date(`appointments`.`06/29/2022 - 06/29/2022`) <= 2022-06-29 and (`appointments`.`account_id` = 1) and `appointments`.`location_id` in (2, 3, 30, 34, 35, 36, 37, 38, 44, 45, 46, 47) and `appointments`.`deleted_at` is null) at /var/www/cutera-upgradation/vendor/laravel/framework/src/Illuminate/Database/Connection.php:712)
[stacktrace]
#0 /var/www/cutera-upgradation/vendor/laravel/framework/src/Illuminate/Database/Connection.php(672): Illuminate\\Database\\Connection->runQueryCallback()
#1 /var/www/cutera-upgradation/vendor/laravel/framework/src/Illuminate/Database/Connection.php(376): Illuminate\\Database\\Connection->run()
#2 /var/www/cutera-upgradation/vendor/laravel/framework/src/Illuminate/Database/Query/Builder.php(2414): Illuminate\\Database\\Connection->select()
#3 /var/www/cutera-upgradation/vendor/laravel/framework/src/Illuminate/Database/Query/Builder.php(2402): Illuminate\\Database\\Query\\Builder->runSelect()
#4 /var/www/cutera-upgradation/vendor/laravel/framework/src/Illuminate/Database/Query/Builder.php(2936): Illuminate\\Database\\Query\\Builder->Illuminate\\Database\\Query\\{closure}()
#5 /var/www/cutera-upgradation/vendor/laravel/framework/src/Illuminate/Database/Query/Builder.php(2403): Illuminate\\Database\\Query\\Builder->onceWithColumns()
#6 /var/www/cutera-upgradation/vendor/laravel/framework/src/Illuminate/Database/Eloquent/Builder.php(625): Illuminate\\Database\\Query\\Builder->get()
#7 /var/www/cutera-upgradation/vendor/laravel/framework/src/Illuminate/Database/Eloquent/Builder.php(609): Illuminate\\Database\\Eloquent\\Builder->getModels()
#8 /var/www/cutera-upgradation/app/Reports/Appointments.php(113): Illuminate\\Database\\Eloquent\\Builder->get()
#9 /var/www/cutera-upgradation/app/Http/Controllers/Admin/Reports/AppointmentsController.php(592): App\\Reports\\Appointments::getGeneralReport()
#10 /var/www/cutera-upgradation/app/Http/Controllers/Admin/Reports/AppointmentsController.php(122): App\\Http\\Controllers\\Admin\\Reports\\AppointmentsController::generalReport()
#11 /var/www/cutera-upgradation/vendor/laravel/framework/src/Illuminate/Routing/Controller.php(54): App\\Http\\Controllers\\Admin\\Reports\\AppointmentsController->reportLoad()
#12 /var/www/cutera-upgradation/vendor/laravel/framework/src/Illuminate/Routing/ControllerDispatcher.php(45): Illuminate\\Routing\\Controller->callAction()
#13 /var/www/cutera-upgradation/vendor/laravel/framework/src/Illuminate/Routing/Route.php(262): Illuminate\\Routing\\ControllerDispatcher->dispatch()
#14 /var/www/cutera-upgradation/vendor/laravel/framework/src/Illuminate/Routing/Route.php(205): Illuminate\\Routing\\Route->runController()
#15 /var/www/cutera-upgradation/vendor/laravel/framework/src/Illuminate/Routing/Router.php(721): Illuminate\\Routing\\Route->run()
#16 /var/www/cutera-upgradation/vendor/laravel/framework/src/Illuminate/Pipeline/Pipeline.php(128): Illuminate\\Routing\\Router->Illuminate\\Routing\\{closure}()
#17 /var/www/cutera-upgradation/app/Http/Middleware/CheckAccountStatus.php(20): Illuminate\\Pipeline\\Pipeline->Illuminate\\Pipeline\\{closure}()
#18 /var/www/cutera-upgradation/vendor/laravel/framework/src/Illuminate/Pipeline/Pipeline.php(167): App\\Http\\Middleware\\CheckAccountStatus->handle()
#19 /var/www/cutera-upgradation/app/Http/Middleware/AuthenticateApiWeb.php(24): Illuminate\\Pipeline\\Pipeline->Illuminate\\Pipeline\\{closure}()
#20 /var/www/cutera-upgradation/vendor/laravel/framework/src/Illuminate/Pipeline/Pipeline.php(167): App\\Http\\Middleware\\AuthenticateApiWeb->handle()
#21 /var/www/cutera-upgradation/vendor/laravel/framework/src/Illuminate/Routing/Middleware/SubstituteBindings.php(50): Illuminate\\Pipeline\\Pipeline->Illuminate\\Pipeline\\{closure}()
#22 /var/www/cutera-upgradation/vendor/laravel/framework/src/Illuminate/Pipeline/Pipeline.php(167): Illuminate\\Routing\\Middleware\\SubstituteBindings->handle()
#23 /var/www/cutera-upgradation/app/Http/Middleware/VerifyCsrfToken.php(32): Illuminate\\Pipeline\\Pipeline->Illuminate\\Pipeline\\{closure}()
#24 /var/www/cutera-upgradation/vendor/laravel/framework/src/Illuminate/Pipeline/Pipeline.php(167): App\\Http\\Middleware\\VerifyCsrfToken->handle()
#25 /var/www/cutera-upgradation/vendor/laravel/framework/src/Illuminate/View/Middleware/ShareErrorsFromSession.php(49): Illuminate\\Pipeline\\Pipeline->Illuminate\\Pipeline\\{closure}()
#26 /var/www/cutera-upgradation/vendor/laravel/framework/src/Illuminate/Pipeline/Pipeline.php(167): Illuminate\\View\\Middleware\\ShareErrorsFromSession->handle()
#27 /var/www/cutera-upgradation/vendor/laravel/framework/src/Illuminate/Session/Middleware/StartSession.php(121): Illuminate\\Pipeline\\Pipeline->Illuminate\\Pipeline\\{closure}()
#28 /var/www/cutera-upgradation/vendor/laravel/framework/src/Illuminate/Session/Middleware/StartSession.php(64): Illuminate\\Session\\Middleware\\StartSession->handleStatefulRequest()
#29 /var/www/cutera-upgradation/vendor/laravel/framework/src/Illuminate/Pipeline/Pipeline.php(167): Illuminate\\Session\\Middleware\\StartSession->handle()
#30 /var/www/cutera-upgradation/vendor/laravel/framework/src/Illuminate/Cookie/Middleware/AddQueuedCookiesToResponse.php(37): Illuminate\\Pipeline\\Pipeline->Illuminate\\Pipeline\\{closure}()
#31 /var/www/cutera-upgradation/vendor/laravel/framework/src/Illuminate/Pipeline/Pipeline.php(167): Illuminate\\Cookie\\Middleware\\AddQueuedCookiesToResponse->handle()
#32 /var/www/cutera-upgradation/vendor/laravel/framework/src/Illuminate/Cookie/Middleware/EncryptCookies.php(67): Illuminate\\Pipeline\\Pipeline->Illuminate\\Pipeline\\{closure}()
#33 /var/www/cutera-upgradation/vendor/laravel/framework/src/Illuminate/Pipeline/Pipeline.php(167): Illuminate\\Cookie\\Middleware\\EncryptCookies->handle()
#34 /var/www/cutera-upgradation/vendor/laravel/framework/src/Illuminate/Pipeline/Pipeline.php(103): Illuminate\\Pipeline\\Pipeline->Illuminate\\Pipeline\\{closure}()
#35 /var/www/cutera-upgradation/vendor/laravel/framework/src/Illuminate/Routing/Router.php(723): Illuminate\\Pipeline\\Pipeline->then()
#36 /var/www/cutera-upgradation/vendor/laravel/framework/src/Illuminate/Routing/Router.php(698): Illuminate\\Routing\\Router->runRouteWithinStack()
#37 /var/www/cutera-upgradation/vendor/laravel/framework/src/Illuminate/Routing/Router.php(662): Illuminate\\Routing\\Router->runRoute()
#38 /var/www/cutera-upgradation/vendor/laravel/framework/src/Illuminate/Routing/Router.php(651): Illuminate\\Routing\\Router->dispatchToRoute()
#39 /var/www/cutera-upgradation/vendor/laravel/framework/src/Illuminate/Foundation/Http/Kernel.php(167): Illuminate\\Routing\\Router->dispatch()
#40 /var/www/cutera-upgradation/vendor/laravel/framework/src/Illuminate/Pipeline/Pipeline.php(128): Illuminate\\Foundation\\Http\\Kernel->Illuminate\\Foundation\\Http\\{closure}()
#41 /var/www/cutera-upgradation/vendor/laravel/framework/src/Illuminate/Foundation/Http/Middleware/TransformsRequest.php(21): Illuminate\\Pipeline\\Pipeline->Illuminate\\Pipeline\\{closure}()
#42 /var/www/cutera-upgradation/vendor/laravel/framework/src/Illuminate/Foundation/Http/Middleware/ConvertEmptyStringsToNull.php(31): Illuminate\\Foundation\\Http\\Middleware\\TransformsRequest->handle()
#43 /var/www/cutera-upgradation/vendor/laravel/framework/src/Illuminate/Pipeline/Pipeline.php(167): Illuminate\\Foundation\\Http\\Middleware\\ConvertEmptyStringsToNull->handle()
#44 /var/www/cutera-upgradation/vendor/laravel/framework/src/Illuminate/Foundation/Http/Middleware/TransformsRequest.php(21): Illuminate\\Pipeline\\Pipeline->Illuminate\\Pipeline\\{closure}()
#45 /var/www/cutera-upgradation/vendor/laravel/framework/src/Illuminate/Foundation/Http/Middleware/TrimStrings.php(40): Illuminate\\Foundation\\Http\\Middleware\\TransformsRequest->handle()
#46 /var/www/cutera-upgradation/vendor/laravel/framework/src/Illuminate/Pipeline/Pipeline.php(167): Illuminate\\Foundation\\Http\\Middleware\\TrimStrings->handle()
#47 /var/www/cutera-upgradation/vendor/laravel/framework/src/Illuminate/Foundation/Http/Middleware/ValidatePostSize.php(27): Illuminate\\Pipeline\\Pipeline->Illuminate\\Pipeline\\{closure}()
#48 /var/www/cutera-upgradation/vendor/laravel/framework/src/Illuminate/Pipeline/Pipeline.php(167): Illuminate\\Foundation\\Http\\Middleware\\ValidatePostSize->handle()
#49 /var/www/cutera-upgradation/vendor/laravel/framework/src/Illuminate/Foundation/Http/Middleware/PreventRequestsDuringMaintenance.php(86): Illuminate\\Pipeline\\Pipeline->Illuminate\\Pipeline\\{closure}()
#50 /var/www/cutera-upgradation/vendor/laravel/framework/src/Illuminate/Pipeline/Pipeline.php(167): Illuminate\\Foundation\\Http\\Middleware\\PreventRequestsDuringMaintenance->handle()
#51 /var/www/cutera-upgradation/vendor/fruitcake/laravel-cors/src/HandleCors.php(38): Illuminate\\Pipeline\\Pipeline->Illuminate\\Pipeline\\{closure}()
#52 /var/www/cutera-upgradation/vendor/laravel/framework/src/Illuminate/Pipeline/Pipeline.php(167): Fruitcake\\Cors\\HandleCors->handle()
#53 /var/www/cutera-upgradation/vendor/laravel/framework/src/Illuminate/Http/Middleware/TrustProxies.php(39): Illuminate\\Pipeline\\Pipeline->Illuminate\\Pipeline\\{closure}()
#54 /var/www/cutera-upgradation/vendor/laravel/framework/src/Illuminate/Pipeline/Pipeline.php(167): Illuminate\\Http\\Middleware\\TrustProxies->handle()
#55 /var/www/cutera-upgradation/vendor/laravel/framework/src/Illuminate/Pipeline/Pipeline.php(103): Illuminate\\Pipeline\\Pipeline->Illuminate\\Pipeline\\{closure}()
#56 /var/www/cutera-upgradation/vendor/laravel/framework/src/Illuminate/Foundation/Http/Kernel.php(142): Illuminate\\Pipeline\\Pipeline->then()
#57 /var/www/cutera-upgradation/vendor/laravel/framework/src/Illuminate/Foundation/Http/Kernel.php(111): Illuminate\\Foundation\\Http\\Kernel->sendRequestThroughRouter()
#58 /var/www/cutera-upgradation/public/index.php(52): Illuminate\\Foundation\\Http\\Kernel->handle()
#59 {main}

[previous exception] [object] (PDOException(code: 42S22): SQLSTATE[42S22]: Column not found: 1054 Unknown column 'appointments.06/29/2022 - 06/29/2022' in 'where clause' at /var/www/cutera-upgradation/vendor/laravel/framework/src/Illuminate/Database/Connection.php:368)
[stacktrace]
#0 /var/www/cutera-upgradation/vendor/laravel/framework/src/Illuminate/Database/Connection.php(368): PDO->prepare()
#1 /var/www/cutera-upgradation/vendor/laravel/framework/src/Illuminate/Database/Connection.php(705): Illuminate\\Database\\Connection->Illuminate\\Database\\{closure}()
#2 /var/www/cutera-upgradation/vendor/laravel/framework/src/Illuminate/Database/Connection.php(672): Illuminate\\Database\\Connection->runQueryCallback()
#3 /var/www/cutera-upgradation/vendor/laravel/framework/src/Illuminate/Database/Connection.php(376): Illuminate\\Database\\Connection->run()
#4 /var/www/cutera-upgradation/vendor/laravel/framework/src/Illuminate/Database/Query/Builder.php(2414): Illuminate\\Database\\Connection->select()
#5 /var/www/cutera-upgradation/vendor/laravel/framework/src/Illuminate/Database/Query/Builder.php(2402): Illuminate\\Database\\Query\\Builder->runSelect()
#6 /var/www/cutera-upgradation/vendor/laravel/framework/src/Illuminate/Database/Query/Builder.php(2936): Illuminate\\Database\\Query\\Builder->Illuminate\\Database\\Query\\{closure}()
#7 /var/www/cutera-upgradation/vendor/laravel/framework/src/Illuminate/Database/Query/Builder.php(2403): Illuminate\\Database\\Query\\Builder->onceWithColumns()
#8 /var/www/cutera-upgradation/vendor/laravel/framework/src/Illuminate/Database/Eloquent/Builder.php(625): Illuminate\\Database\\Query\\Builder->get()
#9 /var/www/cutera-upgradation/vendor/laravel/framework/src/Illuminate/Database/Eloquent/Builder.php(609): Illuminate\\Database\\Eloquent\\Builder->getModels()
#10 /var/www/cutera-upgradation/app/Reports/Appointments.php(113): Illuminate\\Database\\Eloquent\\Builder->get()
#11 /var/www/cutera-upgradation/app/Http/Controllers/Admin/Reports/AppointmentsController.php(592): App\\Reports\\Appointments::getGeneralReport()
#12 /var/www/cutera-upgradation/app/Http/Controllers/Admin/Reports/AppointmentsController.php(122): App\\Http\\Controllers\\Admin\\Reports\\AppointmentsController::generalReport()
#13 /var/www/cutera-upgradation/vendor/laravel/framework/src/Illuminate/Routing/Controller.php(54): App\\Http\\Controllers\\Admin\\Reports\\AppointmentsController->reportLoad()
#14 /var/www/cutera-upgradation/vendor/laravel/framework/src/Illuminate/Routing/ControllerDispatcher.php(45): Illuminate\\Routing\\Controller->callAction()
#15 /var/www/cutera-upgradation/vendor/laravel/framework/src/Illuminate/Routing/Route.php(262): Illuminate\\Routing\\ControllerDispatcher->dispatch()
#16 /var/www/cutera-upgradation/vendor/laravel/framework/src/Illuminate/Routing/Route.php(205): Illuminate\\Routing\\Route->runController()
#17 /var/www/cutera-upgradation/vendor/laravel/framework/src/Illuminate/Routing/Router.php(721): Illuminate\\Routing\\Route->run()
#18 /var/www/cutera-upgradation/vendor/laravel/framework/src/Illuminate/Pipeline/Pipeline.php(128): Illuminate\\Routing\\Router->Illuminate\\Routing\\{closure}()
#19 /var/www/cutera-upgradation/app/Http/Middleware/CheckAccountStatus.php(20): Illuminate\\Pipeline\\Pipeline->Illuminate\\Pipeline\\{closure}()
#20 /var/www/cutera-upgradation/vendor/laravel/framework/src/Illuminate/Pipeline/Pipeline.php(167): App\\Http\\Middleware\\CheckAccountStatus->handle()
#21 /var/www/cutera-upgradation/app/Http/Middleware/AuthenticateApiWeb.php(24): Illuminate\\Pipeline\\Pipeline->Illuminate\\Pipeline\\{closure}()
#22 /var/www/cutera-upgradation/vendor/laravel/framework/src/Illuminate/Pipeline/Pipeline.php(167): App\\Http\\Middleware\\AuthenticateApiWeb->handle()
#23 /var/www/cutera-upgradation/vendor/laravel/framework/src/Illuminate/Routing/Middleware/SubstituteBindings.php(50): Illuminate\\Pipeline\\Pipeline->Illuminate\\Pipeline\\{closure}()
#24 /var/www/cutera-upgradation/vendor/laravel/framework/src/Illuminate/Pipeline/Pipeline.php(167): Illuminate\\Routing\\Middleware\\SubstituteBindings->handle()
#25 /var/www/cutera-upgradation/app/Http/Middleware/VerifyCsrfToken.php(32): Illuminate\\Pipeline\\Pipeline->Illuminate\\Pipeline\\{closure}()
#26 /var/www/cutera-upgradation/vendor/laravel/framework/src/Illuminate/Pipeline/Pipeline.php(167): App\\Http\\Middleware\\VerifyCsrfToken->handle()
#27 /var/www/cutera-upgradation/vendor/laravel/framework/src/Illuminate/View/Middleware/ShareErrorsFromSession.php(49): Illuminate\\Pipeline\\Pipeline->Illuminate\\Pipeline\\{closure}()
#28 /var/www/cutera-upgradation/vendor/laravel/framework/src/Illuminate/Pipeline/Pipeline.php(167): Illuminate\\View\\Middleware\\ShareErrorsFromSession->handle()
#29 /var/www/cutera-upgradation/vendor/laravel/framework/src/Illuminate/Session/Middleware/StartSession.php(121): Illuminate\\Pipeline\\Pipeline->Illuminate\\Pipeline\\{closure}()
#30 /var/www/cutera-upgradation/vendor/laravel/framework/src/Illuminate/Session/Middleware/StartSession.php(64): Illuminate\\Session\\Middleware\\StartSession->handleStatefulRequest()
#31 /var/www/cutera-upgradation/vendor/laravel/framework/src/Illuminate/Pipeline/Pipeline.php(167): Illuminate\\Session\\Middleware\\StartSession->handle()
#32 /var/www/cutera-upgradation/vendor/laravel/framework/src/Illuminate/Cookie/Middleware/AddQueuedCookiesToResponse.php(37): Illuminate\\Pipeline\\Pipeline->Illuminate\\Pipeline\\{closure}()
#33 /var/www/cutera-upgradation/vendor/laravel/framework/src/Illuminate/Pipeline/Pipeline.php(167): Illuminate\\Cookie\\Middleware\\AddQueuedCookiesToResponse->handle()
#34 /var/www/cutera-upgradation/vendor/laravel/framework/src/Illuminate/Cookie/Middleware/EncryptCookies.php(67): Illuminate\\Pipeline\\Pipeline->Illuminate\\Pipeline\\{closure}()
#35 /var/www/cutera-upgradation/vendor/laravel/framework/src/Illuminate/Pipeline/Pipeline.php(167): Illuminate\\Cookie\\Middleware\\EncryptCookies->handle()
#36 /var/www/cutera-upgradation/vendor/laravel/framework/src/Illuminate/Pipeline/Pipeline.php(103): Illuminate\\Pipeline\\Pipeline->Illuminate\\Pipeline\\{closure}()
#37 /var/www/cutera-upgradation/vendor/laravel/framework/src/Illuminate/Routing/Router.php(723): Illuminate\\Pipeline\\Pipeline->then()
#38 /var/www/cutera-upgradation/vendor/laravel/framework/src/Illuminate/Routing/Router.php(698): Illuminate\\Routing\\Router->runRouteWithinStack()
#39 /var/www/cutera-upgradation/vendor/laravel/framework/src/Illuminate/Routing/Router.php(662): Illuminate\\Routing\\Router->runRoute()
#40 /var/www/cutera-upgradation/vendor/laravel/framework/src/Illuminate/Routing/Router.php(651): Illuminate\\Routing\\Router->dispatchToRoute()
#41 /var/www/cutera-upgradation/vendor/laravel/framework/src/Illuminate/Foundation/Http/Kernel.php(167): Illuminate\\Routing\\Router->dispatch()
#42 /var/www/cutera-upgradation/vendor/laravel/framework/src/Illuminate/Pipeline/Pipeline.php(128): Illuminate\\Foundation\\Http\\Kernel->Illuminate\\Foundation\\Http\\{closure}()
#43 /var/www/cutera-upgradation/vendor/laravel/framework/src/Illuminate/Foundation/Http/Middleware/TransformsRequest.php(21): Illuminate\\Pipeline\\Pipeline->Illuminate\\Pipeline\\{closure}()
#44 /var/www/cutera-upgradation/vendor/laravel/framework/src/Illuminate/Foundation/Http/Middleware/ConvertEmptyStringsToNull.php(31): Illuminate\\Foundation\\Http\\Middleware\\TransformsRequest->handle()
#45 /var/www/cutera-upgradation/vendor/laravel/framework/src/Illuminate/Pipeline/Pipeline.php(167): Illuminate\\Foundation\\Http\\Middleware\\ConvertEmptyStringsToNull->handle()
#46 /var/www/cutera-upgradation/vendor/laravel/framework/src/Illuminate/Foundation/Http/Middleware/TransformsRequest.php(21): Illuminate\\Pipeline\\Pipeline->Illuminate\\Pipeline\\{closure}()
#47 /var/www/cutera-upgradation/vendor/laravel/framework/src/Illuminate/Foundation/Http/Middleware/TrimStrings.php(40): Illuminate\\Foundation\\Http\\Middleware\\TransformsRequest->handle()
#48 /var/www/cutera-upgradation/vendor/laravel/framework/src/Illuminate/Pipeline/Pipeline.php(167): Illuminate\\Foundation\\Http\\Middleware\\TrimStrings->handle()
#49 /var/www/cutera-upgradation/vendor/laravel/framework/src/Illuminate/Foundation/Http/Middleware/ValidatePostSize.php(27): Illuminate\\Pipeline\\Pipeline->Illuminate\\Pipeline\\{closure}()
#50 /var/www/cutera-upgradation/vendor/laravel/framework/src/Illuminate/Pipeline/Pipeline.php(167): Illuminate\\Foundation\\Http\\Middleware\\ValidatePostSize->handle()
#51 /var/www/cutera-upgradation/vendor/laravel/framework/src/Illuminate/Foundation/Http/Middleware/PreventRequestsDuringMaintenance.php(86): Illuminate\\Pipeline\\Pipeline->Illuminate\\Pipeline\\{closure}()
#52 /var/www/cutera-upgradation/vendor/laravel/framework/src/Illuminate/Pipeline/Pipeline.php(167): Illuminate\\Foundation\\Http\\Middleware\\PreventRequestsDuringMaintenance->handle()
#53 /var/www/cutera-upgradation/vendor/fruitcake/laravel-cors/src/HandleCors.php(38): Illuminate\\Pipeline\\Pipeline->Illuminate\\Pipeline\\{closure}()
#54 /var/www/cutera-upgradation/vendor/laravel/framework/src/Illuminate/Pipeline/Pipeline.php(167): Fruitcake\\Cors\\HandleCors->handle()
#55 /var/www/cutera-upgradation/vendor/laravel/framework/src/Illuminate/Http/Middleware/TrustProxies.php(39): Illuminate\\Pipeline\\Pipeline->Illuminate\\Pipeline\\{closure}()
#56 /var/www/cutera-upgradation/vendor/laravel/framework/src/Illuminate/Pipeline/Pipeline.php(167): Illuminate\\Http\\Middleware\\TrustProxies->handle()
#57 /var/www/cutera-upgradation/vendor/laravel/framework/src/Illuminate/Pipeline/Pipeline.php(103): Illuminate\\Pipeline\\Pipeline->Illuminate\\Pipeline\\{closure}()
#58 /var/www/cutera-upgradation/vendor/laravel/framework/src/Illuminate/Foundation/Http/Kernel.php(142): Illuminate\\Pipeline\\Pipeline->then()
#59 /var/www/cutera-upgradation/vendor/laravel/framework/src/Illuminate/Foundation/Http/Kernel.php(111): Illuminate\\Foundation\\Http\\Kernel->sendRequestThroughRouter()
#60 /var/www/cutera-upgradation/public/index.php(52): Illuminate\\Foundation\\Http\\Kernel->handle()
#61 {main}
"} 
[2022-06-29 16:05:48] local.ERROR: Undefined array key "date_range_by" {"userId":1,"exception":"[object] (ErrorException(code: 0): Undefined array key \"date_range_by\" at /var/www/cutera-upgradation/app/Reports/Appointments.php:108)
[stacktrace]
#0 /var/www/cutera-upgradation/app/Reports/Appointments.php(108): Illuminate\\Foundation\\Bootstrap\\HandleExceptions->handleError()
#1 /var/www/cutera-upgradation/app/Http/Controllers/Admin/Reports/AppointmentsController.php(592): App\\Reports\\Appointments::getGeneralReport()
#2 /var/www/cutera-upgradation/app/Http/Controllers/Admin/Reports/AppointmentsController.php(122): App\\Http\\Controllers\\Admin\\Reports\\AppointmentsController::generalReport()
#3 /var/www/cutera-upgradation/vendor/laravel/framework/src/Illuminate/Routing/Controller.php(54): App\\Http\\Controllers\\Admin\\Reports\\AppointmentsController->reportLoad()
#4 /var/www/cutera-upgradation/vendor/laravel/framework/src/Illuminate/Routing/ControllerDispatcher.php(45): Illuminate\\Routing\\Controller->callAction()
#5 /var/www/cutera-upgradation/vendor/laravel/framework/src/Illuminate/Routing/Route.php(262): Illuminate\\Routing\\ControllerDispatcher->dispatch()
#6 /var/www/cutera-upgradation/vendor/laravel/framework/src/Illuminate/Routing/Route.php(205): Illuminate\\Routing\\Route->runController()
#7 /var/www/cutera-upgradation/vendor/laravel/framework/src/Illuminate/Routing/Router.php(721): Illuminate\\Routing\\Route->run()
#8 /var/www/cutera-upgradation/vendor/laravel/framework/src/Illuminate/Pipeline/Pipeline.php(128): Illuminate\\Routing\\Router->Illuminate\\Routing\\{closure}()
#9 /var/www/cutera-upgradation/app/Http/Middleware/CheckAccountStatus.php(20): Illuminate\\Pipeline\\Pipeline->Illuminate\\Pipeline\\{closure}()
#10 /var/www/cutera-upgradation/vendor/laravel/framework/src/Illuminate/Pipeline/Pipeline.php(167): App\\Http\\Middleware\\CheckAccountStatus->handle()
#11 /var/www/cutera-upgradation/app/Http/Middleware/AuthenticateApiWeb.php(24): Illuminate\\Pipeline\\Pipeline->Illuminate\\Pipeline\\{closure}()
#12 /var/www/cutera-upgradation/vendor/laravel/framework/src/Illuminate/Pipeline/Pipeline.php(167): App\\Http\\Middleware\\AuthenticateApiWeb->handle()
#13 /var/www/cutera-upgradation/vendor/laravel/framework/src/Illuminate/Routing/Middleware/SubstituteBindings.php(50): Illuminate\\Pipeline\\Pipeline->Illuminate\\Pipeline\\{closure}()
#14 /var/www/cutera-upgradation/vendor/laravel/framework/src/Illuminate/Pipeline/Pipeline.php(167): Illuminate\\Routing\\Middleware\\SubstituteBindings->handle()
#15 /var/www/cutera-upgradation/app/Http/Middleware/VerifyCsrfToken.php(32): Illuminate\\Pipeline\\Pipeline->Illuminate\\Pipeline\\{closure}()
#16 /var/www/cutera-upgradation/vendor/laravel/framework/src/Illuminate/Pipeline/Pipeline.php(167): App\\Http\\Middleware\\VerifyCsrfToken->handle()
#17 /var/www/cutera-upgradation/vendor/laravel/framework/src/Illuminate/View/Middleware/ShareErrorsFromSession.php(49): Illuminate\\Pipeline\\Pipeline->Illuminate\\Pipeline\\{closure}()
#18 /var/www/cutera-upgradation/vendor/laravel/framework/src/Illuminate/Pipeline/Pipeline.php(167): Illuminate\\View\\Middleware\\ShareErrorsFromSession->handle()
#19 /var/www/cutera-upgradation/vendor/laravel/framework/src/Illuminate/Session/Middleware/StartSession.php(121): Illuminate\\Pipeline\\Pipeline->Illuminate\\Pipeline\\{closure}()
#20 /var/www/cutera-upgradation/vendor/laravel/framework/src/Illuminate/Session/Middleware/StartSession.php(64): Illuminate\\Session\\Middleware\\StartSession->handleStatefulRequest()
#21 /var/www/cutera-upgradation/vendor/laravel/framework/src/Illuminate/Pipeline/Pipeline.php(167): Illuminate\\Session\\Middleware\\StartSession->handle()
#22 /var/www/cutera-upgradation/vendor/laravel/framework/src/Illuminate/Cookie/Middleware/AddQueuedCookiesToResponse.php(37): Illuminate\\Pipeline\\Pipeline->Illuminate\\Pipeline\\{closure}()
#23 /var/www/cutera-upgradation/vendor/laravel/framework/src/Illuminate/Pipeline/Pipeline.php(167): Illuminate\\Cookie\\Middleware\\AddQueuedCookiesToResponse->handle()
#24 /var/www/cutera-upgradation/vendor/laravel/framework/src/Illuminate/Cookie/Middleware/EncryptCookies.php(67): Illuminate\\Pipeline\\Pipeline->Illuminate\\Pipeline\\{closure}()
#25 /var/www/cutera-upgradation/vendor/laravel/framework/src/Illuminate/Pipeline/Pipeline.php(167): Illuminate\\Cookie\\Middleware\\EncryptCookies->handle()
#26 /var/www/cutera-upgradation/vendor/laravel/framework/src/Illuminate/Pipeline/Pipeline.php(103): Illuminate\\Pipeline\\Pipeline->Illuminate\\Pipeline\\{closure}()
#27 /var/www/cutera-upgradation/vendor/laravel/framework/src/Illuminate/Routing/Router.php(723): Illuminate\\Pipeline\\Pipeline->then()
#28 /var/www/cutera-upgradation/vendor/laravel/framework/src/Illuminate/Routing/Router.php(698): Illuminate\\Routing\\Router->runRouteWithinStack()
#29 /var/www/cutera-upgradation/vendor/laravel/framework/src/Illuminate/Routing/Router.php(662): Illuminate\\Routing\\Router->runRoute()
#30 /var/www/cutera-upgradation/vendor/laravel/framework/src/Illuminate/Routing/Router.php(651): Illuminate\\Routing\\Router->dispatchToRoute()
#31 /var/www/cutera-upgradation/vendor/laravel/framework/src/Illuminate/Foundation/Http/Kernel.php(167): Illuminate\\Routing\\Router->dispatch()
#32 /var/www/cutera-upgradation/vendor/laravel/framework/src/Illuminate/Pipeline/Pipeline.php(128): Illuminate\\Foundation\\Http\\Kernel->Illuminate\\Foundation\\Http\\{closure}()
#33 /var/www/cutera-upgradation/vendor/laravel/framework/src/Illuminate/Foundation/Http/Middleware/TransformsRequest.php(21): Illuminate\\Pipeline\\Pipeline->Illuminate\\Pipeline\\{closure}()
#34 /var/www/cutera-upgradation/vendor/laravel/framework/src/Illuminate/Foundation/Http/Middleware/ConvertEmptyStringsToNull.php(31): Illuminate\\Foundation\\Http\\Middleware\\TransformsRequest->handle()
#35 /var/www/cutera-upgradation/vendor/laravel/framework/src/Illuminate/Pipeline/Pipeline.php(167): Illuminate\\Foundation\\Http\\Middleware\\ConvertEmptyStringsToNull->handle()
#36 /var/www/cutera-upgradation/vendor/laravel/framework/src/Illuminate/Foundation/Http/Middleware/TransformsRequest.php(21): Illuminate\\Pipeline\\Pipeline->Illuminate\\Pipeline\\{closure}()
#37 /var/www/cutera-upgradation/vendor/laravel/framework/src/Illuminate/Foundation/Http/Middleware/TrimStrings.php(40): Illuminate\\Foundation\\Http\\Middleware\\TransformsRequest->handle()
#38 /var/www/cutera-upgradation/vendor/laravel/framework/src/Illuminate/Pipeline/Pipeline.php(167): Illuminate\\Foundation\\Http\\Middleware\\TrimStrings->handle()
#39 /var/www/cutera-upgradation/vendor/laravel/framework/src/Illuminate/Foundation/Http/Middleware/ValidatePostSize.php(27): Illuminate\\Pipeline\\Pipeline->Illuminate\\Pipeline\\{closure}()
#40 /var/www/cutera-upgradation/vendor/laravel/framework/src/Illuminate/Pipeline/Pipeline.php(167): Illuminate\\Foundation\\Http\\Middleware\\ValidatePostSize->handle()
#41 /var/www/cutera-upgradation/vendor/laravel/framework/src/Illuminate/Foundation/Http/Middleware/PreventRequestsDuringMaintenance.php(86): Illuminate\\Pipeline\\Pipeline->Illuminate\\Pipeline\\{closure}()
#42 /var/www/cutera-upgradation/vendor/laravel/framework/src/Illuminate/Pipeline/Pipeline.php(167): Illuminate\\Foundation\\Http\\Middleware\\PreventRequestsDuringMaintenance->handle()
#43 /var/www/cutera-upgradation/vendor/fruitcake/laravel-cors/src/HandleCors.php(38): Illuminate\\Pipeline\\Pipeline->Illuminate\\Pipeline\\{closure}()
#44 /var/www/cutera-upgradation/vendor/laravel/framework/src/Illuminate/Pipeline/Pipeline.php(167): Fruitcake\\Cors\\HandleCors->handle()
#45 /var/www/cutera-upgradation/vendor/laravel/framework/src/Illuminate/Http/Middleware/TrustProxies.php(39): Illuminate\\Pipeline\\Pipeline->Illuminate\\Pipeline\\{closure}()
#46 /var/www/cutera-upgradation/vendor/laravel/framework/src/Illuminate/Pipeline/Pipeline.php(167): Illuminate\\Http\\Middleware\\TrustProxies->handle()
#47 /var/www/cutera-upgradation/vendor/laravel/framework/src/Illuminate/Pipeline/Pipeline.php(103): Illuminate\\Pipeline\\Pipeline->Illuminate\\Pipeline\\{closure}()
#48 /var/www/cutera-upgradation/vendor/laravel/framework/src/Illuminate/Foundation/Http/Kernel.php(142): Illuminate\\Pipeline\\Pipeline->then()
#49 /var/www/cutera-upgradation/vendor/laravel/framework/src/Illuminate/Foundation/Http/Kernel.php(111): Illuminate\\Foundation\\Http\\Kernel->sendRequestThroughRouter()
#50 /var/www/cutera-upgradation/public/index.php(52): Illuminate\\Foundation\\Http\\Kernel->handle()
#51 {main}
"} 
[2022-06-29 16:06:03] local.ERROR: Undefined array key "date_range_by" {"userId":1,"exception":"[object] (ErrorException(code: 0): Undefined array key \"date_range_by\" at /var/www/cutera-upgradation/app/Reports/Appointments.php:108)
[stacktrace]
#0 /var/www/cutera-upgradation/app/Reports/Appointments.php(108): Illuminate\\Foundation\\Bootstrap\\HandleExceptions->handleError()
#1 /var/www/cutera-upgradation/app/Http/Controllers/Admin/Reports/AppointmentsController.php(592): App\\Reports\\Appointments::getGeneralReport()
#2 /var/www/cutera-upgradation/app/Http/Controllers/Admin/Reports/AppointmentsController.php(122): App\\Http\\Controllers\\Admin\\Reports\\AppointmentsController::generalReport()
#3 /var/www/cutera-upgradation/vendor/laravel/framework/src/Illuminate/Routing/Controller.php(54): App\\Http\\Controllers\\Admin\\Reports\\AppointmentsController->reportLoad()
#4 /var/www/cutera-upgradation/vendor/laravel/framework/src/Illuminate/Routing/ControllerDispatcher.php(45): Illuminate\\Routing\\Controller->callAction()
#5 /var/www/cutera-upgradation/vendor/laravel/framework/src/Illuminate/Routing/Route.php(262): Illuminate\\Routing\\ControllerDispatcher->dispatch()
#6 /var/www/cutera-upgradation/vendor/laravel/framework/src/Illuminate/Routing/Route.php(205): Illuminate\\Routing\\Route->runController()
#7 /var/www/cutera-upgradation/vendor/laravel/framework/src/Illuminate/Routing/Router.php(721): Illuminate\\Routing\\Route->run()
#8 /var/www/cutera-upgradation/vendor/laravel/framework/src/Illuminate/Pipeline/Pipeline.php(128): Illuminate\\Routing\\Router->Illuminate\\Routing\\{closure}()
#9 /var/www/cutera-upgradation/app/Http/Middleware/CheckAccountStatus.php(20): Illuminate\\Pipeline\\Pipeline->Illuminate\\Pipeline\\{closure}()
#10 /var/www/cutera-upgradation/vendor/laravel/framework/src/Illuminate/Pipeline/Pipeline.php(167): App\\Http\\Middleware\\CheckAccountStatus->handle()
#11 /var/www/cutera-upgradation/app/Http/Middleware/AuthenticateApiWeb.php(24): Illuminate\\Pipeline\\Pipeline->Illuminate\\Pipeline\\{closure}()
#12 /var/www/cutera-upgradation/vendor/laravel/framework/src/Illuminate/Pipeline/Pipeline.php(167): App\\Http\\Middleware\\AuthenticateApiWeb->handle()
#13 /var/www/cutera-upgradation/vendor/laravel/framework/src/Illuminate/Routing/Middleware/SubstituteBindings.php(50): Illuminate\\Pipeline\\Pipeline->Illuminate\\Pipeline\\{closure}()
#14 /var/www/cutera-upgradation/vendor/laravel/framework/src/Illuminate/Pipeline/Pipeline.php(167): Illuminate\\Routing\\Middleware\\SubstituteBindings->handle()
#15 /var/www/cutera-upgradation/app/Http/Middleware/VerifyCsrfToken.php(32): Illuminate\\Pipeline\\Pipeline->Illuminate\\Pipeline\\{closure}()
#16 /var/www/cutera-upgradation/vendor/laravel/framework/src/Illuminate/Pipeline/Pipeline.php(167): App\\Http\\Middleware\\VerifyCsrfToken->handle()
#17 /var/www/cutera-upgradation/vendor/laravel/framework/src/Illuminate/View/Middleware/ShareErrorsFromSession.php(49): Illuminate\\Pipeline\\Pipeline->Illuminate\\Pipeline\\{closure}()
#18 /var/www/cutera-upgradation/vendor/laravel/framework/src/Illuminate/Pipeline/Pipeline.php(167): Illuminate\\View\\Middleware\\ShareErrorsFromSession->handle()
#19 /var/www/cutera-upgradation/vendor/laravel/framework/src/Illuminate/Session/Middleware/StartSession.php(121): Illuminate\\Pipeline\\Pipeline->Illuminate\\Pipeline\\{closure}()
#20 /var/www/cutera-upgradation/vendor/laravel/framework/src/Illuminate/Session/Middleware/StartSession.php(64): Illuminate\\Session\\Middleware\\StartSession->handleStatefulRequest()
#21 /var/www/cutera-upgradation/vendor/laravel/framework/src/Illuminate/Pipeline/Pipeline.php(167): Illuminate\\Session\\Middleware\\StartSession->handle()
#22 /var/www/cutera-upgradation/vendor/laravel/framework/src/Illuminate/Cookie/Middleware/AddQueuedCookiesToResponse.php(37): Illuminate\\Pipeline\\Pipeline->Illuminate\\Pipeline\\{closure}()
#23 /var/www/cutera-upgradation/vendor/laravel/framework/src/Illuminate/Pipeline/Pipeline.php(167): Illuminate\\Cookie\\Middleware\\AddQueuedCookiesToResponse->handle()
#24 /var/www/cutera-upgradation/vendor/laravel/framework/src/Illuminate/Cookie/Middleware/EncryptCookies.php(67): Illuminate\\Pipeline\\Pipeline->Illuminate\\Pipeline\\{closure}()
#25 /var/www/cutera-upgradation/vendor/laravel/framework/src/Illuminate/Pipeline/Pipeline.php(167): Illuminate\\Cookie\\Middleware\\EncryptCookies->handle()
#26 /var/www/cutera-upgradation/vendor/laravel/framework/src/Illuminate/Pipeline/Pipeline.php(103): Illuminate\\Pipeline\\Pipeline->Illuminate\\Pipeline\\{closure}()
#27 /var/www/cutera-upgradation/vendor/laravel/framework/src/Illuminate/Routing/Router.php(723): Illuminate\\Pipeline\\Pipeline->then()
#28 /var/www/cutera-upgradation/vendor/laravel/framework/src/Illuminate/Routing/Router.php(698): Illuminate\\Routing\\Router->runRouteWithinStack()
#29 /var/www/cutera-upgradation/vendor/laravel/framework/src/Illuminate/Routing/Router.php(662): Illuminate\\Routing\\Router->runRoute()
#30 /var/www/cutera-upgradation/vendor/laravel/framework/src/Illuminate/Routing/Router.php(651): Illuminate\\Routing\\Router->dispatchToRoute()
#31 /var/www/cutera-upgradation/vendor/laravel/framework/src/Illuminate/Foundation/Http/Kernel.php(167): Illuminate\\Routing\\Router->dispatch()
#32 /var/www/cutera-upgradation/vendor/laravel/framework/src/Illuminate/Pipeline/Pipeline.php(128): Illuminate\\Foundation\\Http\\Kernel->Illuminate\\Foundation\\Http\\{closure}()
#33 /var/www/cutera-upgradation/vendor/laravel/framework/src/Illuminate/Foundation/Http/Middleware/TransformsRequest.php(21): Illuminate\\Pipeline\\Pipeline->Illuminate\\Pipeline\\{closure}()
#34 /var/www/cutera-upgradation/vendor/laravel/framework/src/Illuminate/Foundation/Http/Middleware/ConvertEmptyStringsToNull.php(31): Illuminate\\Foundation\\Http\\Middleware\\TransformsRequest->handle()
#35 /var/www/cutera-upgradation/vendor/laravel/framework/src/Illuminate/Pipeline/Pipeline.php(167): Illuminate\\Foundation\\Http\\Middleware\\ConvertEmptyStringsToNull->handle()
#36 /var/www/cutera-upgradation/vendor/laravel/framework/src/Illuminate/Foundation/Http/Middleware/TransformsRequest.php(21): Illuminate\\Pipeline\\Pipeline->Illuminate\\Pipeline\\{closure}()
#37 /var/www/cutera-upgradation/vendor/laravel/framework/src/Illuminate/Foundation/Http/Middleware/TrimStrings.php(40): Illuminate\\Foundation\\Http\\Middleware\\TransformsRequest->handle()
#38 /var/www/cutera-upgradation/vendor/laravel/framework/src/Illuminate/Pipeline/Pipeline.php(167): Illuminate\\Foundation\\Http\\Middleware\\TrimStrings->handle()
#39 /var/www/cutera-upgradation/vendor/laravel/framework/src/Illuminate/Foundation/Http/Middleware/ValidatePostSize.php(27): Illuminate\\Pipeline\\Pipeline->Illuminate\\Pipeline\\{closure}()
#40 /var/www/cutera-upgradation/vendor/laravel/framework/src/Illuminate/Pipeline/Pipeline.php(167): Illuminate\\Foundation\\Http\\Middleware\\ValidatePostSize->handle()
#41 /var/www/cutera-upgradation/vendor/laravel/framework/src/Illuminate/Foundation/Http/Middleware/PreventRequestsDuringMaintenance.php(86): Illuminate\\Pipeline\\Pipeline->Illuminate\\Pipeline\\{closure}()
#42 /var/www/cutera-upgradation/vendor/laravel/framework/src/Illuminate/Pipeline/Pipeline.php(167): Illuminate\\Foundation\\Http\\Middleware\\PreventRequestsDuringMaintenance->handle()
#43 /var/www/cutera-upgradation/vendor/fruitcake/laravel-cors/src/HandleCors.php(38): Illuminate\\Pipeline\\Pipeline->Illuminate\\Pipeline\\{closure}()
#44 /var/www/cutera-upgradation/vendor/laravel/framework/src/Illuminate/Pipeline/Pipeline.php(167): Fruitcake\\Cors\\HandleCors->handle()
#45 /var/www/cutera-upgradation/vendor/laravel/framework/src/Illuminate/Http/Middleware/TrustProxies.php(39): Illuminate\\Pipeline\\Pipeline->Illuminate\\Pipeline\\{closure}()
#46 /var/www/cutera-upgradation/vendor/laravel/framework/src/Illuminate/Pipeline/Pipeline.php(167): Illuminate\\Http\\Middleware\\TrustProxies->handle()
#47 /var/www/cutera-upgradation/vendor/laravel/framework/src/Illuminate/Pipeline/Pipeline.php(103): Illuminate\\Pipeline\\Pipeline->Illuminate\\Pipeline\\{closure}()
#48 /var/www/cutera-upgradation/vendor/laravel/framework/src/Illuminate/Foundation/Http/Kernel.php(142): Illuminate\\Pipeline\\Pipeline->then()
#49 /var/www/cutera-upgradation/vendor/laravel/framework/src/Illuminate/Foundation/Http/Kernel.php(111): Illuminate\\Foundation\\Http\\Kernel->sendRequestThroughRouter()
#50 /var/www/cutera-upgradation/public/index.php(52): Illuminate\\Foundation\\Http\\Kernel->handle()
#51 {main}
"} 
[2022-06-29 16:08:54] local.ERROR: View [admin.reports.centerperformancestatsbyrevenue.report] not found. {"userId":1,"exception":"[object] (InvalidArgumentException(code: 0): View [admin.reports.centerperformancestatsbyrevenue.report] not found. at /var/www/cutera-upgradation/vendor/laravel/framework/src/Illuminate/View/FileViewFinder.php:137)
[stacktrace]
#0 /var/www/cutera-upgradation/vendor/laravel/framework/src/Illuminate/View/FileViewFinder.php(79): Illuminate\\View\\FileViewFinder->findInPaths()
#1 /var/www/cutera-upgradation/vendor/laravel/framework/src/Illuminate/View/Factory.php(138): Illuminate\\View\\FileViewFinder->find()
#2 /var/www/cutera-upgradation/vendor/laravel/framework/src/Illuminate/Foundation/helpers.php(932): Illuminate\\View\\Factory->make()
#3 /var/www/cutera-upgradation/app/Http/Controllers/Admin/Reports/FinanceReportController.php(219): view()
#4 /var/www/cutera-upgradation/app/Http/Controllers/Admin/Reports/FinanceReportController.php(158): App\\Http\\Controllers\\Admin\\Reports\\FinanceReportController::centerperformancestatsbyrevenue()
#5 /var/www/cutera-upgradation/vendor/laravel/framework/src/Illuminate/Routing/Controller.php(54): App\\Http\\Controllers\\Admin\\Reports\\FinanceReportController->reportLoad()
#6 /var/www/cutera-upgradation/vendor/laravel/framework/src/Illuminate/Routing/ControllerDispatcher.php(45): Illuminate\\Routing\\Controller->callAction()
#7 /var/www/cutera-upgradation/vendor/laravel/framework/src/Illuminate/Routing/Route.php(262): Illuminate\\Routing\\ControllerDispatcher->dispatch()
#8 /var/www/cutera-upgradation/vendor/laravel/framework/src/Illuminate/Routing/Route.php(205): Illuminate\\Routing\\Route->runController()
#9 /var/www/cutera-upgradation/vendor/laravel/framework/src/Illuminate/Routing/Router.php(721): Illuminate\\Routing\\Route->run()
#10 /var/www/cutera-upgradation/vendor/laravel/framework/src/Illuminate/Pipeline/Pipeline.php(128): Illuminate\\Routing\\Router->Illuminate\\Routing\\{closure}()
#11 /var/www/cutera-upgradation/app/Http/Middleware/CheckAccountStatus.php(20): Illuminate\\Pipeline\\Pipeline->Illuminate\\Pipeline\\{closure}()
#12 /var/www/cutera-upgradation/vendor/laravel/framework/src/Illuminate/Pipeline/Pipeline.php(167): App\\Http\\Middleware\\CheckAccountStatus->handle()
#13 /var/www/cutera-upgradation/app/Http/Middleware/AuthenticateApiWeb.php(24): Illuminate\\Pipeline\\Pipeline->Illuminate\\Pipeline\\{closure}()
#14 /var/www/cutera-upgradation/vendor/laravel/framework/src/Illuminate/Pipeline/Pipeline.php(167): App\\Http\\Middleware\\AuthenticateApiWeb->handle()
#15 /var/www/cutera-upgradation/vendor/laravel/framework/src/Illuminate/Routing/Middleware/SubstituteBindings.php(50): Illuminate\\Pipeline\\Pipeline->Illuminate\\Pipeline\\{closure}()
#16 /var/www/cutera-upgradation/vendor/laravel/framework/src/Illuminate/Pipeline/Pipeline.php(167): Illuminate\\Routing\\Middleware\\SubstituteBindings->handle()
#17 /var/www/cutera-upgradation/app/Http/Middleware/VerifyCsrfToken.php(32): Illuminate\\Pipeline\\Pipeline->Illuminate\\Pipeline\\{closure}()
#18 /var/www/cutera-upgradation/vendor/laravel/framework/src/Illuminate/Pipeline/Pipeline.php(167): App\\Http\\Middleware\\VerifyCsrfToken->handle()
#19 /var/www/cutera-upgradation/vendor/laravel/framework/src/Illuminate/View/Middleware/ShareErrorsFromSession.php(49): Illuminate\\Pipeline\\Pipeline->Illuminate\\Pipeline\\{closure}()
#20 /var/www/cutera-upgradation/vendor/laravel/framework/src/Illuminate/Pipeline/Pipeline.php(167): Illuminate\\View\\Middleware\\ShareErrorsFromSession->handle()
#21 /var/www/cutera-upgradation/vendor/laravel/framework/src/Illuminate/Session/Middleware/StartSession.php(121): Illuminate\\Pipeline\\Pipeline->Illuminate\\Pipeline\\{closure}()
#22 /var/www/cutera-upgradation/vendor/laravel/framework/src/Illuminate/Session/Middleware/StartSession.php(64): Illuminate\\Session\\Middleware\\StartSession->handleStatefulRequest()
#23 /var/www/cutera-upgradation/vendor/laravel/framework/src/Illuminate/Pipeline/Pipeline.php(167): Illuminate\\Session\\Middleware\\StartSession->handle()
#24 /var/www/cutera-upgradation/vendor/laravel/framework/src/Illuminate/Cookie/Middleware/AddQueuedCookiesToResponse.php(37): Illuminate\\Pipeline\\Pipeline->Illuminate\\Pipeline\\{closure}()
#25 /var/www/cutera-upgradation/vendor/laravel/framework/src/Illuminate/Pipeline/Pipeline.php(167): Illuminate\\Cookie\\Middleware\\AddQueuedCookiesToResponse->handle()
#26 /var/www/cutera-upgradation/vendor/laravel/framework/src/Illuminate/Cookie/Middleware/EncryptCookies.php(67): Illuminate\\Pipeline\\Pipeline->Illuminate\\Pipeline\\{closure}()
#27 /var/www/cutera-upgradation/vendor/laravel/framework/src/Illuminate/Pipeline/Pipeline.php(167): Illuminate\\Cookie\\Middleware\\EncryptCookies->handle()
#28 /var/www/cutera-upgradation/vendor/laravel/framework/src/Illuminate/Pipeline/Pipeline.php(103): Illuminate\\Pipeline\\Pipeline->Illuminate\\Pipeline\\{closure}()
#29 /var/www/cutera-upgradation/vendor/laravel/framework/src/Illuminate/Routing/Router.php(723): Illuminate\\Pipeline\\Pipeline->then()
#30 /var/www/cutera-upgradation/vendor/laravel/framework/src/Illuminate/Routing/Router.php(698): Illuminate\\Routing\\Router->runRouteWithinStack()
#31 /var/www/cutera-upgradation/vendor/laravel/framework/src/Illuminate/Routing/Router.php(662): Illuminate\\Routing\\Router->runRoute()
#32 /var/www/cutera-upgradation/vendor/laravel/framework/src/Illuminate/Routing/Router.php(651): Illuminate\\Routing\\Router->dispatchToRoute()
#33 /var/www/cutera-upgradation/vendor/laravel/framework/src/Illuminate/Foundation/Http/Kernel.php(167): Illuminate\\Routing\\Router->dispatch()
#34 /var/www/cutera-upgradation/vendor/laravel/framework/src/Illuminate/Pipeline/Pipeline.php(128): Illuminate\\Foundation\\Http\\Kernel->Illuminate\\Foundation\\Http\\{closure}()
#35 /var/www/cutera-upgradation/vendor/laravel/framework/src/Illuminate/Foundation/Http/Middleware/TransformsRequest.php(21): Illuminate\\Pipeline\\Pipeline->Illuminate\\Pipeline\\{closure}()
#36 /var/www/cutera-upgradation/vendor/laravel/framework/src/Illuminate/Foundation/Http/Middleware/ConvertEmptyStringsToNull.php(31): Illuminate\\Foundation\\Http\\Middleware\\TransformsRequest->handle()
#37 /var/www/cutera-upgradation/vendor/laravel/framework/src/Illuminate/Pipeline/Pipeline.php(167): Illuminate\\Foundation\\Http\\Middleware\\ConvertEmptyStringsToNull->handle()
#38 /var/www/cutera-upgradation/vendor/laravel/framework/src/Illuminate/Foundation/Http/Middleware/TransformsRequest.php(21): Illuminate\\Pipeline\\Pipeline->Illuminate\\Pipeline\\{closure}()
#39 /var/www/cutera-upgradation/vendor/laravel/framework/src/Illuminate/Foundation/Http/Middleware/TrimStrings.php(40): Illuminate\\Foundation\\Http\\Middleware\\TransformsRequest->handle()
#40 /var/www/cutera-upgradation/vendor/laravel/framework/src/Illuminate/Pipeline/Pipeline.php(167): Illuminate\\Foundation\\Http\\Middleware\\TrimStrings->handle()
#41 /var/www/cutera-upgradation/vendor/laravel/framework/src/Illuminate/Foundation/Http/Middleware/ValidatePostSize.php(27): Illuminate\\Pipeline\\Pipeline->Illuminate\\Pipeline\\{closure}()
#42 /var/www/cutera-upgradation/vendor/laravel/framework/src/Illuminate/Pipeline/Pipeline.php(167): Illuminate\\Foundation\\Http\\Middleware\\ValidatePostSize->handle()
#43 /var/www/cutera-upgradation/vendor/laravel/framework/src/Illuminate/Foundation/Http/Middleware/PreventRequestsDuringMaintenance.php(86): Illuminate\\Pipeline\\Pipeline->Illuminate\\Pipeline\\{closure}()
#44 /var/www/cutera-upgradation/vendor/laravel/framework/src/Illuminate/Pipeline/Pipeline.php(167): Illuminate\\Foundation\\Http\\Middleware\\PreventRequestsDuringMaintenance->handle()
#45 /var/www/cutera-upgradation/vendor/fruitcake/laravel-cors/src/HandleCors.php(38): Illuminate\\Pipeline\\Pipeline->Illuminate\\Pipeline\\{closure}()
#46 /var/www/cutera-upgradation/vendor/laravel/framework/src/Illuminate/Pipeline/Pipeline.php(167): Fruitcake\\Cors\\HandleCors->handle()
#47 /var/www/cutera-upgradation/vendor/laravel/framework/src/Illuminate/Http/Middleware/TrustProxies.php(39): Illuminate\\Pipeline\\Pipeline->Illuminate\\Pipeline\\{closure}()
#48 /var/www/cutera-upgradation/vendor/laravel/framework/src/Illuminate/Pipeline/Pipeline.php(167): Illuminate\\Http\\Middleware\\TrustProxies->handle()
#49 /var/www/cutera-upgradation/vendor/laravel/framework/src/Illuminate/Pipeline/Pipeline.php(103): Illuminate\\Pipeline\\Pipeline->Illuminate\\Pipeline\\{closure}()
#50 /var/www/cutera-upgradation/vendor/laravel/framework/src/Illuminate/Foundation/Http/Kernel.php(142): Illuminate\\Pipeline\\Pipeline->then()
#51 /var/www/cutera-upgradation/vendor/laravel/framework/src/Illuminate/Foundation/Http/Kernel.php(111): Illuminate\\Foundation\\Http\\Kernel->sendRequestThroughRouter()
#52 /var/www/cutera-upgradation/public/index.php(52): Illuminate\\Foundation\\Http\\Kernel->handle()
#53 {main}
"} 
[2022-06-29 17:52:52] local.ERROR: View [admin.reports.collectionbyservice.report] not found. {"userId":1,"exception":"[object] (InvalidArgumentException(code: 0): View [admin.reports.collectionbyservice.report] not found. at /var/www/cutera-upgradation/vendor/laravel/framework/src/Illuminate/View/FileViewFinder.php:137)
[stacktrace]
#0 /var/www/cutera-upgradation/vendor/laravel/framework/src/Illuminate/View/FileViewFinder.php(79): Illuminate\\View\\FileViewFinder->findInPaths()
#1 /var/www/cutera-upgradation/vendor/laravel/framework/src/Illuminate/View/Factory.php(138): Illuminate\\View\\FileViewFinder->find()
#2 /var/www/cutera-upgradation/vendor/laravel/framework/src/Illuminate/Foundation/helpers.php(932): Illuminate\\View\\Factory->make()
#3 /var/www/cutera-upgradation/app/Http/Controllers/Admin/Reports/FinanceReportController.php(2374): view()
#4 /var/www/cutera-upgradation/app/Http/Controllers/Admin/Reports/FinanceReportController.php(116): App\\Http\\Controllers\\Admin\\Reports\\FinanceReportController->collectionbyservice()
#5 /var/www/cutera-upgradation/vendor/laravel/framework/src/Illuminate/Routing/Controller.php(54): App\\Http\\Controllers\\Admin\\Reports\\FinanceReportController->reportLoad()
#6 /var/www/cutera-upgradation/vendor/laravel/framework/src/Illuminate/Routing/ControllerDispatcher.php(45): Illuminate\\Routing\\Controller->callAction()
#7 /var/www/cutera-upgradation/vendor/laravel/framework/src/Illuminate/Routing/Route.php(262): Illuminate\\Routing\\ControllerDispatcher->dispatch()
#8 /var/www/cutera-upgradation/vendor/laravel/framework/src/Illuminate/Routing/Route.php(205): Illuminate\\Routing\\Route->runController()
#9 /var/www/cutera-upgradation/vendor/laravel/framework/src/Illuminate/Routing/Router.php(721): Illuminate\\Routing\\Route->run()
#10 /var/www/cutera-upgradation/vendor/laravel/framework/src/Illuminate/Pipeline/Pipeline.php(128): Illuminate\\Routing\\Router->Illuminate\\Routing\\{closure}()
#11 /var/www/cutera-upgradation/app/Http/Middleware/CheckAccountStatus.php(20): Illuminate\\Pipeline\\Pipeline->Illuminate\\Pipeline\\{closure}()
#12 /var/www/cutera-upgradation/vendor/laravel/framework/src/Illuminate/Pipeline/Pipeline.php(167): App\\Http\\Middleware\\CheckAccountStatus->handle()
#13 /var/www/cutera-upgradation/app/Http/Middleware/AuthenticateApiWeb.php(24): Illuminate\\Pipeline\\Pipeline->Illuminate\\Pipeline\\{closure}()
#14 /var/www/cutera-upgradation/vendor/laravel/framework/src/Illuminate/Pipeline/Pipeline.php(167): App\\Http\\Middleware\\AuthenticateApiWeb->handle()
#15 /var/www/cutera-upgradation/vendor/laravel/framework/src/Illuminate/Routing/Middleware/SubstituteBindings.php(50): Illuminate\\Pipeline\\Pipeline->Illuminate\\Pipeline\\{closure}()
#16 /var/www/cutera-upgradation/vendor/laravel/framework/src/Illuminate/Pipeline/Pipeline.php(167): Illuminate\\Routing\\Middleware\\SubstituteBindings->handle()
#17 /var/www/cutera-upgradation/app/Http/Middleware/VerifyCsrfToken.php(32): Illuminate\\Pipeline\\Pipeline->Illuminate\\Pipeline\\{closure}()
#18 /var/www/cutera-upgradation/vendor/laravel/framework/src/Illuminate/Pipeline/Pipeline.php(167): App\\Http\\Middleware\\VerifyCsrfToken->handle()
#19 /var/www/cutera-upgradation/vendor/laravel/framework/src/Illuminate/View/Middleware/ShareErrorsFromSession.php(49): Illuminate\\Pipeline\\Pipeline->Illuminate\\Pipeline\\{closure}()
#20 /var/www/cutera-upgradation/vendor/laravel/framework/src/Illuminate/Pipeline/Pipeline.php(167): Illuminate\\View\\Middleware\\ShareErrorsFromSession->handle()
#21 /var/www/cutera-upgradation/vendor/laravel/framework/src/Illuminate/Session/Middleware/StartSession.php(121): Illuminate\\Pipeline\\Pipeline->Illuminate\\Pipeline\\{closure}()
#22 /var/www/cutera-upgradation/vendor/laravel/framework/src/Illuminate/Session/Middleware/StartSession.php(64): Illuminate\\Session\\Middleware\\StartSession->handleStatefulRequest()
#23 /var/www/cutera-upgradation/vendor/laravel/framework/src/Illuminate/Pipeline/Pipeline.php(167): Illuminate\\Session\\Middleware\\StartSession->handle()
#24 /var/www/cutera-upgradation/vendor/laravel/framework/src/Illuminate/Cookie/Middleware/AddQueuedCookiesToResponse.php(37): Illuminate\\Pipeline\\Pipeline->Illuminate\\Pipeline\\{closure}()
#25 /var/www/cutera-upgradation/vendor/laravel/framework/src/Illuminate/Pipeline/Pipeline.php(167): Illuminate\\Cookie\\Middleware\\AddQueuedCookiesToResponse->handle()
#26 /var/www/cutera-upgradation/vendor/laravel/framework/src/Illuminate/Cookie/Middleware/EncryptCookies.php(67): Illuminate\\Pipeline\\Pipeline->Illuminate\\Pipeline\\{closure}()
#27 /var/www/cutera-upgradation/vendor/laravel/framework/src/Illuminate/Pipeline/Pipeline.php(167): Illuminate\\Cookie\\Middleware\\EncryptCookies->handle()
#28 /var/www/cutera-upgradation/vendor/laravel/framework/src/Illuminate/Pipeline/Pipeline.php(103): Illuminate\\Pipeline\\Pipeline->Illuminate\\Pipeline\\{closure}()
#29 /var/www/cutera-upgradation/vendor/laravel/framework/src/Illuminate/Routing/Router.php(723): Illuminate\\Pipeline\\Pipeline->then()
#30 /var/www/cutera-upgradation/vendor/laravel/framework/src/Illuminate/Routing/Router.php(698): Illuminate\\Routing\\Router->runRouteWithinStack()
#31 /var/www/cutera-upgradation/vendor/laravel/framework/src/Illuminate/Routing/Router.php(662): Illuminate\\Routing\\Router->runRoute()
#32 /var/www/cutera-upgradation/vendor/laravel/framework/src/Illuminate/Routing/Router.php(651): Illuminate\\Routing\\Router->dispatchToRoute()
#33 /var/www/cutera-upgradation/vendor/laravel/framework/src/Illuminate/Foundation/Http/Kernel.php(167): Illuminate\\Routing\\Router->dispatch()
#34 /var/www/cutera-upgradation/vendor/laravel/framework/src/Illuminate/Pipeline/Pipeline.php(128): Illuminate\\Foundation\\Http\\Kernel->Illuminate\\Foundation\\Http\\{closure}()
#35 /var/www/cutera-upgradation/vendor/laravel/framework/src/Illuminate/Foundation/Http/Middleware/TransformsRequest.php(21): Illuminate\\Pipeline\\Pipeline->Illuminate\\Pipeline\\{closure}()
#36 /var/www/cutera-upgradation/vendor/laravel/framework/src/Illuminate/Foundation/Http/Middleware/ConvertEmptyStringsToNull.php(31): Illuminate\\Foundation\\Http\\Middleware\\TransformsRequest->handle()
#37 /var/www/cutera-upgradation/vendor/laravel/framework/src/Illuminate/Pipeline/Pipeline.php(167): Illuminate\\Foundation\\Http\\Middleware\\ConvertEmptyStringsToNull->handle()
#38 /var/www/cutera-upgradation/vendor/laravel/framework/src/Illuminate/Foundation/Http/Middleware/TransformsRequest.php(21): Illuminate\\Pipeline\\Pipeline->Illuminate\\Pipeline\\{closure}()
#39 /var/www/cutera-upgradation/vendor/laravel/framework/src/Illuminate/Foundation/Http/Middleware/TrimStrings.php(40): Illuminate\\Foundation\\Http\\Middleware\\TransformsRequest->handle()
#40 /var/www/cutera-upgradation/vendor/laravel/framework/src/Illuminate/Pipeline/Pipeline.php(167): Illuminate\\Foundation\\Http\\Middleware\\TrimStrings->handle()
#41 /var/www/cutera-upgradation/vendor/laravel/framework/src/Illuminate/Foundation/Http/Middleware/ValidatePostSize.php(27): Illuminate\\Pipeline\\Pipeline->Illuminate\\Pipeline\\{closure}()
#42 /var/www/cutera-upgradation/vendor/laravel/framework/src/Illuminate/Pipeline/Pipeline.php(167): Illuminate\\Foundation\\Http\\Middleware\\ValidatePostSize->handle()
#43 /var/www/cutera-upgradation/vendor/laravel/framework/src/Illuminate/Foundation/Http/Middleware/PreventRequestsDuringMaintenance.php(86): Illuminate\\Pipeline\\Pipeline->Illuminate\\Pipeline\\{closure}()
#44 /var/www/cutera-upgradation/vendor/laravel/framework/src/Illuminate/Pipeline/Pipeline.php(167): Illuminate\\Foundation\\Http\\Middleware\\PreventRequestsDuringMaintenance->handle()
#45 /var/www/cutera-upgradation/vendor/fruitcake/laravel-cors/src/HandleCors.php(38): Illuminate\\Pipeline\\Pipeline->Illuminate\\Pipeline\\{closure}()
#46 /var/www/cutera-upgradation/vendor/laravel/framework/src/Illuminate/Pipeline/Pipeline.php(167): Fruitcake\\Cors\\HandleCors->handle()
#47 /var/www/cutera-upgradation/vendor/laravel/framework/src/Illuminate/Http/Middleware/TrustProxies.php(39): Illuminate\\Pipeline\\Pipeline->Illuminate\\Pipeline\\{closure}()
#48 /var/www/cutera-upgradation/vendor/laravel/framework/src/Illuminate/Pipeline/Pipeline.php(167): Illuminate\\Http\\Middleware\\TrustProxies->handle()
#49 /var/www/cutera-upgradation/vendor/laravel/framework/src/Illuminate/Pipeline/Pipeline.php(103): Illuminate\\Pipeline\\Pipeline->Illuminate\\Pipeline\\{closure}()
#50 /var/www/cutera-upgradation/vendor/laravel/framework/src/Illuminate/Foundation/Http/Kernel.php(142): Illuminate\\Pipeline\\Pipeline->then()
#51 /var/www/cutera-upgradation/vendor/laravel/framework/src/Illuminate/Foundation/Http/Kernel.php(111): Illuminate\\Foundation\\Http\\Kernel->sendRequestThroughRouter()
#52 /var/www/cutera-upgradation/public/index.php(52): Illuminate\\Foundation\\Http\\Kernel->handle()
#53 {main}
"} 
[2022-06-29 18:27:27] local.ERROR: syntax error, unexpected token "endif", expecting end of file (View: /var/www/cutera-upgradation/resources/views/admin/reports/accountsalesreport/index.blade.php) {"view":{"view":"/var/www/cutera-upgradation/resources/views/admin/reports/accountsalesreport/index.blade.php","data":{"errors":"<pre class=sf-dump id=sf-dump-394821379 data-indent-pad=\"  \"><span class=sf-dump-note>Illuminate\\Support\\ViewErrorBag</span> {<a class=sf-dump-ref>#2275</a><samp data-depth=1 class=sf-dump-expanded>
  #<span class=sf-dump-protected title=\"Protected property\">bags</span>: []
</samp>}
</pre><script>Sfdump(\"sf-dump-394821379\", {\"maxDepth\":3,\"maxStringLength\":160})</script>
","locations":"<pre class=sf-dump id=sf-dump-598210740 data-indent-pad=\"  \"><span class=sf-dump-note>Illuminate\\Support\\Collection</span> {<a class=sf-dump-ref>#3311</a><samp data-depth=1 class=sf-dump-expanded>
  #<span class=sf-dump-protected title=\"Protected property\">items</span>: <span class=sf-dump-note>array:6</span> [<samp data-depth=2 class=sf-dump-compact>
    \"\" => \"<span class=sf-dump-str title=\"3 characters\">All</span>\"
    <span class=sf-dump-key>2</span> => \"<span class=sf-dump-str title=\"19 characters\">CUTERA, DHA Karachi</span>\"
    <span class=sf-dump-key>3</span> => \"<span class=sf-dump-str title=\"27 characters\">CUTERA, Bahadurabad Karachi</span>\"
    <span class=sf-dump-key>35</span> => \"<span class=sf-dump-str title=\"10 characters\">RED SIGNAL</span>\"
    <span class=sf-dump-key>46</span> => \"<span class=sf-dump-str title=\"26 characters\">CUTERA, Johar Town, Lahore</span>\"
    <span class=sf-dump-key>47</span> => \"<span class=sf-dump-str title=\"29 characters\">CUTERA, Gulshan/Johar Karachi</span>\"
  </samp>]
  #<span class=sf-dump-protected title=\"Protected property\">escapeWhenCastingToString</span>: <span class=sf-dump-const>false</span>
</samp>}
</pre><script>Sfdump(\"sf-dump-598210740\", {\"maxDepth\":3,\"maxStringLength\":160})</script>
","services":"<pre class=sf-dump id=sf-dump-438657627 data-indent-pad=\"  \"><span class=sf-dump-note>array:128</span> [<samp data-depth=1 class=sf-dump-expanded>
  <span class=sf-dump-key>0</span> => \"<span class=sf-dump-str title=\"16 characters\">Please select...</span>\"
  <span class=sf-dump-key>-1</span> => <span class=sf-dump-note>array:10</span> [<samp data-depth=2 class=sf-dump-compact>
    \"<span class=sf-dump-key>id</span>\" => <span class=sf-dump-num>1</span>
    \"<span class=sf-dump-key>name</span>\" => \"<span class=sf-dump-str title=\"15 characters\">Body Contouring</span>\"
    \"<span class=sf-dump-key>parent_id</span>\" => <span class=sf-dump-num>0</span>
    \"<span class=sf-dump-key>slug</span>\" => \"<span class=sf-dump-str title=\"6 characters\">custom</span>\"
    \"<span class=sf-dump-key>complimentory</span>\" => <span class=sf-dump-num>0</span>
    \"<span class=sf-dump-key>active</span>\" => <span class=sf-dump-num>1</span>
    \"<span class=sf-dump-key>duration</span>\" => \"<span class=sf-dump-str title=\"5 characters\">00:30</span>\"
    \"<span class=sf-dump-key>price</span>\" => <span class=sf-dump-num>0.0</span>
    \"<span class=sf-dump-key>color</span>\" => \"<span class=sf-dump-str title=\"7 characters\">#2d2aea</span>\"
    \"<span class=sf-dump-key>end_node</span>\" => <span class=sf-dump-num>0</span>
  </samp>]
  <span class=sf-dump-key>66</span> => <span class=sf-dump-note>array:10</span> [<samp data-depth=2 class=sf-dump-compact>
    \"<span class=sf-dump-key>id</span>\" => <span class=sf-dump-num>66</span>
    \"<span class=sf-dump-key>name</span>\" => \"<span class=sf-dump-str title=\"55 characters\">&amp;nbsp;&amp;nbsp;&amp;nbsp;4D - Body HIFU (Abdomen &amp; Lower back)</span>\"
    \"<span class=sf-dump-key>parent_id</span>\" => <span class=sf-dump-num>1</span>
    \"<span class=sf-dump-key>slug</span>\" => \"<span class=sf-dump-str title=\"6 characters\">custom</span>\"
    \"<span class=sf-dump-key>complimentory</span>\" => <span class=sf-dump-num>0</span>
    \"<span class=sf-dump-key>duration</span>\" => \"<span class=sf-dump-str title=\"5 characters\">02:00</span>\"
    \"<span class=sf-dump-key>price</span>\" => <span class=sf-dump-num>50000.0</span>
    \"<span class=sf-dump-key>color</span>\" => \"<span class=sf-dump-str title=\"7 characters\">#c03535</span>\"
    \"<span class=sf-dump-key>end_node</span>\" => <span class=sf-dump-num>1</span>
    \"<span class=sf-dump-key>active</span>\" => <span class=sf-dump-num>1</span>
  </samp>]
  <span class=sf-dump-key>113</span> => <span class=sf-dump-note>array:10</span> [<samp data-depth=2 class=sf-dump-compact>
    \"<span class=sf-dump-key>id</span>\" => <span class=sf-dump-num>113</span>
    \"<span class=sf-dump-key>name</span>\" => \"<span class=sf-dump-str title=\"39 characters\">&amp;nbsp;&amp;nbsp;&amp;nbsp;4D - HIFU Bingo Wings</span>\"
    \"<span class=sf-dump-key>parent_id</span>\" => <span class=sf-dump-num>1</span>
    \"<span class=sf-dump-key>slug</span>\" => \"<span class=sf-dump-str title=\"6 characters\">custom</span>\"
    \"<span class=sf-dump-key>complimentory</span>\" => <span class=sf-dump-num>0</span>
    \"<span class=sf-dump-key>duration</span>\" => \"<span class=sf-dump-str title=\"5 characters\">01:00</span>\"
    \"<span class=sf-dump-key>price</span>\" => <span class=sf-dump-num>30000.0</span>
    \"<span class=sf-dump-key>color</span>\" => \"<span class=sf-dump-str title=\"7 characters\">#000000</span>\"
    \"<span class=sf-dump-key>end_node</span>\" => <span class=sf-dump-num>1</span>
    \"<span class=sf-dump-key>active</span>\" => <span class=sf-dump-num>1</span>
  </samp>]
  <span class=sf-dump-key>68</span> => <span class=sf-dump-note>array:10</span> [<samp data-depth=2 class=sf-dump-compact>
    \"<span class=sf-dump-key>id</span>\" => <span class=sf-dump-num>68</span>
    \"<span class=sf-dump-key>name</span>\" => \"<span class=sf-dump-str title=\"44 characters\">&amp;nbsp;&amp;nbsp;&amp;nbsp;Cutera SCULPT - Dual probe</span>\"
    \"<span class=sf-dump-key>parent_id</span>\" => <span class=sf-dump-num>1</span>
    \"<span class=sf-dump-key>slug</span>\" => \"<span class=sf-dump-str title=\"6 characters\">custom</span>\"
    \"<span class=sf-dump-key>complimentory</span>\" => <span class=sf-dump-num>0</span>
    \"<span class=sf-dump-key>duration</span>\" => \"<span class=sf-dump-str title=\"5 characters\">00:40</span>\"
    \"<span class=sf-dump-key>price</span>\" => <span class=sf-dump-num>12000.0</span>
    \"<span class=sf-dump-key>color</span>\" => \"<span class=sf-dump-str title=\"7 characters\">#6711e8</span>\"
    \"<span class=sf-dump-key>end_node</span>\" => <span class=sf-dump-num>1</span>
    \"<span class=sf-dump-key>active</span>\" => <span class=sf-dump-num>1</span>
  </samp>]
  <span class=sf-dump-key>75</span> => <span class=sf-dump-note>array:10</span> [<samp data-depth=2 class=sf-dump-compact>
    \"<span class=sf-dump-key>id</span>\" => <span class=sf-dump-num>75</span>
    \"<span class=sf-dump-key>name</span>\" => \"<span class=sf-dump-str title=\"46 characters\">&amp;nbsp;&amp;nbsp;&amp;nbsp;Cutera SCULPT - Single probe</span>\"
    \"<span class=sf-dump-key>parent_id</span>\" => <span class=sf-dump-num>1</span>
    \"<span class=sf-dump-key>slug</span>\" => \"<span class=sf-dump-str title=\"6 characters\">custom</span>\"
    \"<span class=sf-dump-key>complimentory</span>\" => <span class=sf-dump-num>0</span>
    \"<span class=sf-dump-key>duration</span>\" => \"<span class=sf-dump-str title=\"5 characters\">00:40</span>\"
    \"<span class=sf-dump-key>price</span>\" => <span class=sf-dump-num>10000.0</span>
    \"<span class=sf-dump-key>color</span>\" => \"<span class=sf-dump-str title=\"7 characters\">#6711e8</span>\"
    \"<span class=sf-dump-key>end_node</span>\" => <span class=sf-dump-num>1</span>
    \"<span class=sf-dump-key>active</span>\" => <span class=sf-dump-num>1</span>
  </samp>]
  <span class=sf-dump-key>61</span> => <span class=sf-dump-note>array:10</span> [<samp data-depth=2 class=sf-dump-compact>
    \"<span class=sf-dump-key>id</span>\" => <span class=sf-dump-num>61</span>
    \"<span class=sf-dump-key>name</span>\" => \"<span class=sf-dump-str title=\"43 characters\">&amp;nbsp;&amp;nbsp;&amp;nbsp;Injection Lipolysis - 1ml</span>\"
    \"<span class=sf-dump-key>parent_id</span>\" => <span class=sf-dump-num>1</span>
    \"<span class=sf-dump-key>slug</span>\" => \"<span class=sf-dump-str title=\"6 characters\">custom</span>\"
    \"<span class=sf-dump-key>complimentory</span>\" => <span class=sf-dump-num>0</span>
    \"<span class=sf-dump-key>duration</span>\" => \"<span class=sf-dump-str title=\"5 characters\">00:20</span>\"
    \"<span class=sf-dump-key>price</span>\" => <span class=sf-dump-num>5000.0</span>
    \"<span class=sf-dump-key>color</span>\" => \"<span class=sf-dump-str title=\"7 characters\">#2d2aea</span>\"
    \"<span class=sf-dump-key>end_node</span>\" => <span class=sf-dump-num>1</span>
    \"<span class=sf-dump-key>active</span>\" => <span class=sf-dump-num>0</span>
  </samp>]
  <span class=sf-dump-key>63</span> => <span class=sf-dump-note>array:10</span> [<samp data-depth=2 class=sf-dump-compact>
    \"<span class=sf-dump-key>id</span>\" => <span class=sf-dump-num>63</span>
    \"<span class=sf-dump-key>name</span>\" => \"<span class=sf-dump-str title=\"43 characters\">&amp;nbsp;&amp;nbsp;&amp;nbsp;Injection Lipolysis - 3ml</span>\"
    \"<span class=sf-dump-key>parent_id</span>\" => <span class=sf-dump-num>1</span>
    \"<span class=sf-dump-key>slug</span>\" => \"<span class=sf-dump-str title=\"6 characters\">custom</span>\"
    \"<span class=sf-dump-key>complimentory</span>\" => <span class=sf-dump-num>0</span>
    \"<span class=sf-dump-key>duration</span>\" => \"<span class=sf-dump-str title=\"5 characters\">00:25</span>\"
    \"<span class=sf-dump-key>price</span>\" => <span class=sf-dump-num>14000.0</span>
    \"<span class=sf-dump-key>color</span>\" => \"<span class=sf-dump-str title=\"7 characters\">#2d2aea</span>\"
    \"<span class=sf-dump-key>end_node</span>\" => <span class=sf-dump-num>1</span>
    \"<span class=sf-dump-key>active</span>\" => <span class=sf-dump-num>0</span>
  </samp>]
  <span class=sf-dump-key>62</span> => <span class=sf-dump-note>array:10</span> [<samp data-depth=2 class=sf-dump-compact>
    \"<span class=sf-dump-key>id</span>\" => <span class=sf-dump-num>62</span>
    \"<span class=sf-dump-key>name</span>\" => \"<span class=sf-dump-str title=\"48 characters\">&amp;nbsp;&amp;nbsp;&amp;nbsp;Injection Lipolysis FatX - 2ml</span>\"
    \"<span class=sf-dump-key>parent_id</span>\" => <span class=sf-dump-num>1</span>
    \"<span class=sf-dump-key>slug</span>\" => \"<span class=sf-dump-str title=\"6 characters\">custom</span>\"
    \"<span class=sf-dump-key>complimentory</span>\" => <span class=sf-dump-num>0</span>
    \"<span class=sf-dump-key>duration</span>\" => \"<span class=sf-dump-str title=\"5 characters\">00:20</span>\"
    \"<span class=sf-dump-key>price</span>\" => <span class=sf-dump-num>10000.0</span>
    \"<span class=sf-dump-key>color</span>\" => \"<span class=sf-dump-str title=\"7 characters\">#2d2aea</span>\"
    \"<span class=sf-dump-key>end_node</span>\" => <span class=sf-dump-num>1</span>
    \"<span class=sf-dump-key>active</span>\" => <span class=sf-dump-num>1</span>
  </samp>]
  <span class=sf-dump-key>65</span> => <span class=sf-dump-note>array:10</span> [<samp data-depth=2 class=sf-dump-compact>
    \"<span class=sf-dump-key>id</span>\" => <span class=sf-dump-num>65</span>
    \"<span class=sf-dump-key>name</span>\" => \"<span class=sf-dump-str title=\"52 characters\">&amp;nbsp;&amp;nbsp;&amp;nbsp;Injection Lipolysis Lipolab - 10ml</span>\"
    \"<span class=sf-dump-key>parent_id</span>\" => <span class=sf-dump-num>1</span>
    \"<span class=sf-dump-key>slug</span>\" => \"<span class=sf-dump-str title=\"6 characters\">custom</span>\"
    \"<span class=sf-dump-key>complimentory</span>\" => <span class=sf-dump-num>0</span>
    \"<span class=sf-dump-key>duration</span>\" => \"<span class=sf-dump-str title=\"5 characters\">00:30</span>\"
    \"<span class=sf-dump-key>price</span>\" => <span class=sf-dump-num>15000.0</span>
    \"<span class=sf-dump-key>color</span>\" => \"<span class=sf-dump-str title=\"7 characters\">#2d2aea</span>\"
    \"<span class=sf-dump-key>end_node</span>\" => <span class=sf-dump-num>1</span>
    \"<span class=sf-dump-key>active</span>\" => <span class=sf-dump-num>1</span>
  </samp>]
  <span class=sf-dump-key>64</span> => <span class=sf-dump-note>array:10</span> [<samp data-depth=2 class=sf-dump-compact>
    \"<span class=sf-dump-key>id</span>\" => <span class=sf-dump-num>64</span>
    \"<span class=sf-dump-key>name</span>\" => \"<span class=sf-dump-str title=\"51 characters\">&amp;nbsp;&amp;nbsp;&amp;nbsp;Injection Lipolysis Lipolab - 5ml</span>\"
    \"<span class=sf-dump-key>parent_id</span>\" => <span class=sf-dump-num>1</span>
    \"<span class=sf-dump-key>slug</span>\" => \"<span class=sf-dump-str title=\"6 characters\">custom</span>\"
    \"<span class=sf-dump-key>complimentory</span>\" => <span class=sf-dump-num>0</span>
    \"<span class=sf-dump-key>duration</span>\" => \"<span class=sf-dump-str title=\"5 characters\">00:30</span>\"
    \"<span class=sf-dump-key>price</span>\" => <span class=sf-dump-num>10000.0</span>
    \"<span class=sf-dump-key>color</span>\" => \"<span class=sf-dump-str title=\"7 characters\">#2d2aea</span>\"
    \"<span class=sf-dump-key>end_node</span>\" => <span class=sf-dump-num>1</span>
    \"<span class=sf-dump-key>active</span>\" => <span class=sf-dump-num>1</span>
  </samp>]
  <span class=sf-dump-key>69</span> => <span class=sf-dump-note>array:10</span> [<samp data-depth=2 class=sf-dump-compact>
    \"<span class=sf-dump-key>id</span>\" => <span class=sf-dump-num>69</span>
    \"<span class=sf-dump-key>name</span>\" => \"<span class=sf-dump-str title=\"40 characters\">&amp;nbsp;&amp;nbsp;&amp;nbsp;Skinny / Slimming Drip</span>\"
    \"<span class=sf-dump-key>parent_id</span>\" => <span class=sf-dump-num>1</span>
    \"<span class=sf-dump-key>slug</span>\" => \"<span class=sf-dump-str title=\"6 characters\">custom</span>\"
    \"<span class=sf-dump-key>complimentory</span>\" => <span class=sf-dump-num>0</span>
    \"<span class=sf-dump-key>duration</span>\" => \"<span class=sf-dump-str title=\"5 characters\">00:45</span>\"
    \"<span class=sf-dump-key>price</span>\" => <span class=sf-dump-num>10000.0</span>
    \"<span class=sf-dump-key>color</span>\" => \"<span class=sf-dump-str title=\"7 characters\">#ee2bb0</span>\"
    \"<span class=sf-dump-key>end_node</span>\" => <span class=sf-dump-num>1</span>
    \"<span class=sf-dump-key>active</span>\" => <span class=sf-dump-num>1</span>
  </samp>]
  <span class=sf-dump-key>49</span> => <span class=sf-dump-note>array:10</span> [<samp data-depth=2 class=sf-dump-compact>
    \"<span class=sf-dump-key>id</span>\" => <span class=sf-dump-num>49</span>
    \"<span class=sf-dump-key>name</span>\" => \"<span class=sf-dump-str title=\"49 characters\">&amp;nbsp;&amp;nbsp;&amp;nbsp;ULTIMATE - Cavitation (Abdomen)</span>\"
    \"<span class=sf-dump-key>parent_id</span>\" => <span class=sf-dump-num>1</span>
    \"<span class=sf-dump-key>slug</span>\" => \"<span class=sf-dump-str title=\"6 characters\">custom</span>\"
    \"<span class=sf-dump-key>complimentory</span>\" => <span class=sf-dump-num>0</span>
    \"<span class=sf-dump-key>duration</span>\" => \"<span class=sf-dump-str title=\"5 characters\">00:40</span>\"
    \"<span class=sf-dump-key>price</span>\" => <span class=sf-dump-num>8000.0</span>
    \"<span class=sf-dump-key>color</span>\" => \"<span class=sf-dump-str title=\"7 characters\">#06d09c</span>\"
    \"<span class=sf-dump-key>end_node</span>\" => <span class=sf-dump-num>1</span>
    \"<span class=sf-dump-key>active</span>\" => <span class=sf-dump-num>0</span>
  </samp>]
  <span class=sf-dump-key>72</span> => <span class=sf-dump-note>array:10</span> [<samp data-depth=2 class=sf-dump-compact>
    \"<span class=sf-dump-key>id</span>\" => <span class=sf-dump-num>72</span>
    \"<span class=sf-dump-key>name</span>\" => \"<span class=sf-dump-str title=\"73 characters\">&amp;nbsp;&amp;nbsp;&amp;nbsp;ULTIMATE - Cavitation + Shockwave + RF (Hips cellulite)</span>\"
    \"<span class=sf-dump-key>parent_id</span>\" => <span class=sf-dump-num>1</span>
    \"<span class=sf-dump-key>slug</span>\" => \"<span class=sf-dump-str title=\"6 characters\">custom</span>\"
    \"<span class=sf-dump-key>complimentory</span>\" => <span class=sf-dump-num>0</span>
    \"<span class=sf-dump-key>duration</span>\" => \"<span class=sf-dump-str title=\"5 characters\">01:00</span>\"
    \"<span class=sf-dump-key>price</span>\" => <span class=sf-dump-num>15000.0</span>
    \"<span class=sf-dump-key>color</span>\" => \"<span class=sf-dump-str title=\"7 characters\">#bb3a3a</span>\"
    \"<span class=sf-dump-key>end_node</span>\" => <span class=sf-dump-num>1</span>
    \"<span class=sf-dump-key>active</span>\" => <span class=sf-dump-num>0</span>
  </samp>]
  <span class=sf-dump-key>71</span> => <span class=sf-dump-note>array:10</span> [<samp data-depth=2 class=sf-dump-compact>
    \"<span class=sf-dump-key>id</span>\" => <span class=sf-dump-num>71</span>
    \"<span class=sf-dump-key>name</span>\" => \"<span class=sf-dump-str title=\"75 characters\">&amp;nbsp;&amp;nbsp;&amp;nbsp;ULTIMATE - Cavitation + Shockwave + RF (Thighs Cellulite)</span>\"
    \"<span class=sf-dump-key>parent_id</span>\" => <span class=sf-dump-num>1</span>
    \"<span class=sf-dump-key>slug</span>\" => \"<span class=sf-dump-str title=\"6 characters\">custom</span>\"
    \"<span class=sf-dump-key>complimentory</span>\" => <span class=sf-dump-num>0</span>
    \"<span class=sf-dump-key>duration</span>\" => \"<span class=sf-dump-str title=\"5 characters\">01:00</span>\"
    \"<span class=sf-dump-key>price</span>\" => <span class=sf-dump-num>15000.0</span>
    \"<span class=sf-dump-key>color</span>\" => \"<span class=sf-dump-str title=\"7 characters\">#06d09d</span>\"
    \"<span class=sf-dump-key>end_node</span>\" => <span class=sf-dump-num>1</span>
    \"<span class=sf-dump-key>active</span>\" => <span class=sf-dump-num>0</span>
  </samp>]
  <span class=sf-dump-key>73</span> => <span class=sf-dump-note>array:10</span> [<samp data-depth=2 class=sf-dump-compact>
    \"<span class=sf-dump-key>id</span>\" => <span class=sf-dump-num>73</span>
    \"<span class=sf-dump-key>name</span>\" => \"<span class=sf-dump-str title=\"79 characters\">&amp;nbsp;&amp;nbsp;&amp;nbsp;ULTIMATE - Cavitation + Shockwave + RF (Upper Legs Cellulite)</span>\"
    \"<span class=sf-dump-key>parent_id</span>\" => <span class=sf-dump-num>1</span>
    \"<span class=sf-dump-key>slug</span>\" => \"<span class=sf-dump-str title=\"6 characters\">custom</span>\"
    \"<span class=sf-dump-key>complimentory</span>\" => <span class=sf-dump-num>0</span>
    \"<span class=sf-dump-key>duration</span>\" => \"<span class=sf-dump-str title=\"5 characters\">01:30</span>\"
    \"<span class=sf-dump-key>price</span>\" => <span class=sf-dump-num>15000.0</span>
    \"<span class=sf-dump-key>color</span>\" => \"<span class=sf-dump-str title=\"7 characters\">#ba2c2c</span>\"
    \"<span class=sf-dump-key>end_node</span>\" => <span class=sf-dump-num>1</span>
    \"<span class=sf-dump-key>active</span>\" => <span class=sf-dump-num>0</span>
  </samp>]
  <span class=sf-dump-key>2</span> => <span class=sf-dump-note>array:10</span> [<samp data-depth=2 class=sf-dump-compact>
    \"<span class=sf-dump-key>id</span>\" => <span class=sf-dump-num>2</span>
    \"<span class=sf-dump-key>name</span>\" => \"<span class=sf-dump-str title=\"51 characters\">&amp;nbsp;&amp;nbsp;&amp;nbsp;ULTIMATE - Cool Sculpting (large)</span>\"
    \"<span class=sf-dump-key>parent_id</span>\" => <span class=sf-dump-num>1</span>
    \"<span class=sf-dump-key>slug</span>\" => \"<span class=sf-dump-str title=\"6 characters\">custom</span>\"
    \"<span class=sf-dump-key>complimentory</span>\" => <span class=sf-dump-num>0</span>
    \"<span class=sf-dump-key>duration</span>\" => \"<span class=sf-dump-str title=\"5 characters\">00:45</span>\"
    \"<span class=sf-dump-key>price</span>\" => <span class=sf-dump-num>30000.0</span>
    \"<span class=sf-dump-key>color</span>\" => \"<span class=sf-dump-str title=\"7 characters\">#0d7a82</span>\"
    \"<span class=sf-dump-key>end_node</span>\" => <span class=sf-dump-num>1</span>
    \"<span class=sf-dump-key>active</span>\" => <span class=sf-dump-num>1</span>
  </samp>]
  <span class=sf-dump-key>57</span> => <span class=sf-dump-note>array:10</span> [<samp data-depth=2 class=sf-dump-compact>
    \"<span class=sf-dump-key>id</span>\" => <span class=sf-dump-num>57</span>
    \"<span class=sf-dump-key>name</span>\" => \"<span class=sf-dump-str title=\"52 characters\">&amp;nbsp;&amp;nbsp;&amp;nbsp;ULTIMATE - Cool Sculpting (medium)</span>\"
    \"<span class=sf-dump-key>parent_id</span>\" => <span class=sf-dump-num>1</span>
    \"<span class=sf-dump-key>slug</span>\" => \"<span class=sf-dump-str title=\"6 characters\">custom</span>\"
    \"<span class=sf-dump-key>complimentory</span>\" => <span class=sf-dump-num>0</span>
    \"<span class=sf-dump-key>duration</span>\" => \"<span class=sf-dump-str title=\"5 characters\">00:45</span>\"
    \"<span class=sf-dump-key>price</span>\" => <span class=sf-dump-num>25000.0</span>
    \"<span class=sf-dump-key>color</span>\" => \"<span class=sf-dump-str title=\"7 characters\">#b74ea0</span>\"
    \"<span class=sf-dump-key>end_node</span>\" => <span class=sf-dump-num>1</span>
    \"<span class=sf-dump-key>active</span>\" => <span class=sf-dump-num>1</span>
  </samp>]
  <span class=sf-dump-key>74</span> => <span class=sf-dump-note>array:10</span> [<samp data-depth=2 class=sf-dump-compact>
    \"<span class=sf-dump-key>id</span>\" => <span class=sf-dump-num>74</span>
    \"<span class=sf-dump-key>name</span>\" => \"<span class=sf-dump-str title=\"56 characters\">&amp;nbsp;&amp;nbsp;&amp;nbsp;ULTIMATE - Cool Sculpting Duo (medium)</span>\"
    \"<span class=sf-dump-key>parent_id</span>\" => <span class=sf-dump-num>1</span>
    \"<span class=sf-dump-key>slug</span>\" => \"<span class=sf-dump-str title=\"6 characters\">custom</span>\"
    \"<span class=sf-dump-key>complimentory</span>\" => <span class=sf-dump-num>0</span>
    \"<span class=sf-dump-key>duration</span>\" => \"<span class=sf-dump-str title=\"5 characters\">01:30</span>\"
    \"<span class=sf-dump-key>price</span>\" => <span class=sf-dump-num>35000.0</span>
    \"<span class=sf-dump-key>color</span>\" => \"<span class=sf-dump-str title=\"7 characters\">#ab3636</span>\"
    \"<span class=sf-dump-key>end_node</span>\" => <span class=sf-dump-num>1</span>
    \"<span class=sf-dump-key>active</span>\" => <span class=sf-dump-num>1</span>
  </samp>]
  <span class=sf-dump-key>67</span> => <span class=sf-dump-note>array:10</span> [<samp data-depth=2 class=sf-dump-compact>
    \"<span class=sf-dump-key>id</span>\" => <span class=sf-dump-num>67</span>
    \"<span class=sf-dump-key>name</span>\" => \"<span class=sf-dump-str title=\"41 characters\">&amp;nbsp;&amp;nbsp;&amp;nbsp;ULTIMATE - RF (Abdomen)</span>\"
    \"<span class=sf-dump-key>parent_id</span>\" => <span class=sf-dump-num>1</span>
    \"<span class=sf-dump-key>slug</span>\" => \"<span class=sf-dump-str title=\"6 characters\">custom</span>\"
    \"<span class=sf-dump-key>complimentory</span>\" => <span class=sf-dump-num>0</span>
    \"<span class=sf-dump-key>duration</span>\" => \"<span class=sf-dump-str title=\"5 characters\">00:25</span>\"
    \"<span class=sf-dump-key>price</span>\" => <span class=sf-dump-num>7000.0</span>
    \"<span class=sf-dump-key>color</span>\" => \"<span class=sf-dump-str title=\"7 characters\">#2eb25c</span>\"
    \"<span class=sf-dump-key>end_node</span>\" => <span class=sf-dump-num>1</span>
    \"<span class=sf-dump-key>active</span>\" => <span class=sf-dump-num>1</span>
  </samp>]
  <span class=sf-dump-key>50</span> => <span class=sf-dump-note>array:10</span> [<samp data-depth=2 class=sf-dump-compact>
    \"<span class=sf-dump-key>id</span>\" => <span class=sf-dump-num>50</span>
    \"<span class=sf-dump-key>name</span>\" => \"<span class=sf-dump-str title=\"58 characters\">&amp;nbsp;&amp;nbsp;&amp;nbsp;ULTRASHAPE - Cavitation + Shockwave + RF</span>\"
    \"<span class=sf-dump-key>parent_id</span>\" => <span class=sf-dump-num>1</span>
    \"<span class=sf-dump-key>slug</span>\" => \"<span class=sf-dump-str title=\"6 characters\">custom</span>\"
    \"<span class=sf-dump-key>complimentory</span>\" => <span class=sf-dump-num>0</span>
    \"<span class=sf-dump-key>duration</span>\" => \"<span class=sf-dump-str title=\"5 characters\">01:00</span>\"
    \"<span class=sf-dump-key>price</span>\" => <span class=sf-dump-num>15000.0</span>
    \"<span class=sf-dump-key>color</span>\" => \"<span class=sf-dump-str title=\"7 characters\">#761919</span>\"
    \"<span class=sf-dump-key>end_node</span>\" => <span class=sf-dump-num>1</span>
    \"<span class=sf-dump-key>active</span>\" => <span class=sf-dump-num>1</span>
  </samp>]
  <span class=sf-dump-key>-55</span> => <span class=sf-dump-note>array:10</span> [<samp data-depth=2 class=sf-dump-compact>
    \"<span class=sf-dump-key>id</span>\" => <span class=sf-dump-num>55</span>
    \"<span class=sf-dump-key>name</span>\" => \"<span class=sf-dump-str title=\"17 characters\">Facial Contouring</span>\"
    \"<span class=sf-dump-key>parent_id</span>\" => <span class=sf-dump-num>0</span>
    \"<span class=sf-dump-key>slug</span>\" => \"<span class=sf-dump-str title=\"6 characters\">custom</span>\"
    \"<span class=sf-dump-key>complimentory</span>\" => <span class=sf-dump-num>0</span>
    \"<span class=sf-dump-key>active</span>\" => <span class=sf-dump-num>1</span>
    \"<span class=sf-dump-key>duration</span>\" => \"<span class=sf-dump-str title=\"5 characters\">00:30</span>\"
    \"<span class=sf-dump-key>price</span>\" => <span class=sf-dump-num>0.0</span>
    \"<span class=sf-dump-key>color</span>\" => \"<span class=sf-dump-str title=\"7 characters\">#46d28a</span>\"
    \"<span class=sf-dump-key>end_node</span>\" => <span class=sf-dump-num>0</span>
  </samp>]
  <span class=sf-dump-key>59</span> => <span class=sf-dump-note>array:10</span> [<samp data-depth=2 class=sf-dump-compact>
    \"<span class=sf-dump-key>id</span>\" => <span class=sf-dump-num>59</span>
    \"<span class=sf-dump-key>name</span>\" => \"<span class=sf-dump-str title=\"39 characters\">&amp;nbsp;&amp;nbsp;&amp;nbsp;4D - Double Chin HIFU</span>\"
    \"<span class=sf-dump-key>parent_id</span>\" => <span class=sf-dump-num>55</span>
    \"<span class=sf-dump-key>slug</span>\" => \"<span class=sf-dump-str title=\"6 characters\">custom</span>\"
    \"<span class=sf-dump-key>complimentory</span>\" => <span class=sf-dump-num>0</span>
    \"<span class=sf-dump-key>duration</span>\" => \"<span class=sf-dump-str title=\"5 characters\">00:30</span>\"
    \"<span class=sf-dump-key>price</span>\" => <span class=sf-dump-num>25000.0</span>
    \"<span class=sf-dump-key>color</span>\" => \"<span class=sf-dump-str title=\"7 characters\">#c13333</span>\"
    \"<span class=sf-dump-key>end_node</span>\" => <span class=sf-dump-num>1</span>
    \"<span class=sf-dump-key>active</span>\" => <span class=sf-dump-num>0</span>
  </samp>]
  <span class=sf-dump-key>120</span> => <span class=sf-dump-note>array:10</span> [<samp data-depth=2 class=sf-dump-compact>
    \"<span class=sf-dump-key>id</span>\" => <span class=sf-dump-num>120</span>
    \"<span class=sf-dump-key>name</span>\" => \"<span class=sf-dump-str title=\"36 characters\">&amp;nbsp;&amp;nbsp;&amp;nbsp;4D - Forehead HIFU</span>\"
    \"<span class=sf-dump-key>parent_id</span>\" => <span class=sf-dump-num>55</span>
    \"<span class=sf-dump-key>slug</span>\" => \"<span class=sf-dump-str title=\"6 characters\">custom</span>\"
    \"<span class=sf-dump-key>complimentory</span>\" => <span class=sf-dump-num>0</span>
    \"<span class=sf-dump-key>duration</span>\" => \"<span class=sf-dump-str title=\"5 characters\">00:30</span>\"
    \"<span class=sf-dump-key>price</span>\" => <span class=sf-dump-num>25000.0</span>
    \"<span class=sf-dump-key>color</span>\" => \"<span class=sf-dump-str title=\"7 characters\">#be2d2d</span>\"
    \"<span class=sf-dump-key>end_node</span>\" => <span class=sf-dump-num>1</span>
    \"<span class=sf-dump-key>active</span>\" => <span class=sf-dump-num>0</span>
  </samp>]
  <span class=sf-dump-key>121</span> => <span class=sf-dump-note>array:10</span> [<samp data-depth=2 class=sf-dump-compact>
    \"<span class=sf-dump-key>id</span>\" => <span class=sf-dump-num>121</span>
    \"<span class=sf-dump-key>name</span>\" => \"<span class=sf-dump-str title=\"39 characters\">&amp;nbsp;&amp;nbsp;&amp;nbsp;4D - Frown lines HIFU</span>\"
    \"<span class=sf-dump-key>parent_id</span>\" => <span class=sf-dump-num>55</span>
    \"<span class=sf-dump-key>slug</span>\" => \"<span class=sf-dump-str title=\"6 characters\">custom</span>\"
    \"<span class=sf-dump-key>complimentory</span>\" => <span class=sf-dump-num>0</span>
    \"<span class=sf-dump-key>duration</span>\" => \"<span class=sf-dump-str title=\"5 characters\">00:30</span>\"
    \"<span class=sf-dump-key>price</span>\" => <span class=sf-dump-num>25000.0</span>
    \"<span class=sf-dump-key>color</span>\" => \"<span class=sf-dump-str title=\"7 characters\">#bb1111</span>\"
    \"<span class=sf-dump-key>end_node</span>\" => <span class=sf-dump-num>1</span>
    \"<span class=sf-dump-key>active</span>\" => <span class=sf-dump-num>0</span>
  </samp>]
  <span class=sf-dump-key>116</span> => <span class=sf-dump-note>array:10</span> [<samp data-depth=2 class=sf-dump-compact>
    \"<span class=sf-dump-key>id</span>\" => <span class=sf-dump-num>116</span>
    \"<span class=sf-dump-key>name</span>\" => \"<span class=sf-dump-str title=\"35 characters\">&amp;nbsp;&amp;nbsp;&amp;nbsp;4D - Jawline HIFU</span>\"
    \"<span class=sf-dump-key>parent_id</span>\" => <span class=sf-dump-num>55</span>
    \"<span class=sf-dump-key>slug</span>\" => \"<span class=sf-dump-str title=\"6 characters\">custom</span>\"
    \"<span class=sf-dump-key>complimentory</span>\" => <span class=sf-dump-num>0</span>
    \"<span class=sf-dump-key>duration</span>\" => \"<span class=sf-dump-str title=\"5 characters\">00:30</span>\"
    \"<span class=sf-dump-key>price</span>\" => <span class=sf-dump-num>25000.0</span>
    \"<span class=sf-dump-key>color</span>\" => \"<span class=sf-dump-str title=\"7 characters\">#c62a2a</span>\"
    \"<span class=sf-dump-key>end_node</span>\" => <span class=sf-dump-num>1</span>
    \"<span class=sf-dump-key>active</span>\" => <span class=sf-dump-num>1</span>
  </samp>]
  <span class=sf-dump-key>119</span> => <span class=sf-dump-note>array:10</span> [<samp data-depth=2 class=sf-dump-compact>
    \"<span class=sf-dump-key>id</span>\" => <span class=sf-dump-num>119</span>
    \"<span class=sf-dump-key>name</span>\" => \"<span class=sf-dump-str title=\"39 characters\">&amp;nbsp;&amp;nbsp;&amp;nbsp;4D - Laugh lines HIFU</span>\"
    \"<span class=sf-dump-key>parent_id</span>\" => <span class=sf-dump-num>55</span>
    \"<span class=sf-dump-key>slug</span>\" => \"<span class=sf-dump-str title=\"6 characters\">custom</span>\"
    \"<span class=sf-dump-key>complimentory</span>\" => <span class=sf-dump-num>0</span>
    \"<span class=sf-dump-key>duration</span>\" => \"<span class=sf-dump-str title=\"5 characters\">00:30</span>\"
    \"<span class=sf-dump-key>price</span>\" => <span class=sf-dump-num>25000.0</span>
    \"<span class=sf-dump-key>color</span>\" => \"<span class=sf-dump-str title=\"7 characters\">#c72929</span>\"
    \"<span class=sf-dump-key>end_node</span>\" => <span class=sf-dump-num>1</span>
    \"<span class=sf-dump-key>active</span>\" => <span class=sf-dump-num>0</span>
  </samp>]
  <span class=sf-dump-key>117</span> => <span class=sf-dump-note>array:10</span> [<samp data-depth=2 class=sf-dump-compact>
    \"<span class=sf-dump-key>id</span>\" => <span class=sf-dump-num>117</span>
    \"<span class=sf-dump-key>name</span>\" => \"<span class=sf-dump-str title=\"40 characters\">&amp;nbsp;&amp;nbsp;&amp;nbsp;4D - Saggy Cheeks HIFU</span>\"
    \"<span class=sf-dump-key>parent_id</span>\" => <span class=sf-dump-num>55</span>
    \"<span class=sf-dump-key>slug</span>\" => \"<span class=sf-dump-str title=\"6 characters\">custom</span>\"
    \"<span class=sf-dump-key>complimentory</span>\" => <span class=sf-dump-num>0</span>
    \"<span class=sf-dump-key>duration</span>\" => \"<span class=sf-dump-str title=\"5 characters\">00:45</span>\"
    \"<span class=sf-dump-key>price</span>\" => <span class=sf-dump-num>25000.0</span>
    \"<span class=sf-dump-key>color</span>\" => \"<span class=sf-dump-str title=\"7 characters\">#cd3232</span>\"
    \"<span class=sf-dump-key>end_node</span>\" => <span class=sf-dump-num>1</span>
    \"<span class=sf-dump-key>active</span>\" => <span class=sf-dump-num>0</span>
  </samp>]
  <span class=sf-dump-key>118</span> => <span class=sf-dump-note>array:10</span> [<samp data-depth=2 class=sf-dump-compact>
    \"<span class=sf-dump-key>id</span>\" => <span class=sf-dump-num>118</span>
    \"<span class=sf-dump-key>name</span>\" => \"<span class=sf-dump-str title=\"41 characters\">&amp;nbsp;&amp;nbsp;&amp;nbsp;7D HIFU (One Face Area)</span>\"
    \"<span class=sf-dump-key>parent_id</span>\" => <span class=sf-dump-num>55</span>
    \"<span class=sf-dump-key>slug</span>\" => \"<span class=sf-dump-str title=\"6 characters\">custom</span>\"
    \"<span class=sf-dump-key>complimentory</span>\" => <span class=sf-dump-num>0</span>
    \"<span class=sf-dump-key>duration</span>\" => \"<span class=sf-dump-str title=\"5 characters\">00:30</span>\"
    \"<span class=sf-dump-key>price</span>\" => <span class=sf-dump-num>25000.0</span>
    \"<span class=sf-dump-key>color</span>\" => \"<span class=sf-dump-str title=\"7 characters\">#db2424</span>\"
    \"<span class=sf-dump-key>end_node</span>\" => <span class=sf-dump-num>1</span>
    \"<span class=sf-dump-key>active</span>\" => <span class=sf-dump-num>1</span>
  </samp>]
  <span class=sf-dump-key>124</span> => <span class=sf-dump-note>array:10</span> [<samp data-depth=2 class=sf-dump-compact>
    \"<span class=sf-dump-key>id</span>\" => <span class=sf-dump-num>124</span>
    \"<span class=sf-dump-key>name</span>\" => \"<span class=sf-dump-str title=\"37 characters\">&amp;nbsp;&amp;nbsp;&amp;nbsp;7D HIFU Face + Neck</span>\"
    \"<span class=sf-dump-key>parent_id</span>\" => <span class=sf-dump-num>55</span>
    \"<span class=sf-dump-key>slug</span>\" => \"<span class=sf-dump-str title=\"6 characters\">custom</span>\"
    \"<span class=sf-dump-key>complimentory</span>\" => <span class=sf-dump-num>0</span>
    \"<span class=sf-dump-key>duration</span>\" => \"<span class=sf-dump-str title=\"5 characters\">02:00</span>\"
    \"<span class=sf-dump-key>price</span>\" => <span class=sf-dump-num>65000.0</span>
    \"<span class=sf-dump-key>color</span>\" => \"<span class=sf-dump-str title=\"7 characters\">#000000</span>\"
    \"<span class=sf-dump-key>end_node</span>\" => <span class=sf-dump-num>1</span>
    \"<span class=sf-dump-key>active</span>\" => <span class=sf-dump-num>1</span>
  </samp>]
  <span class=sf-dump-key>110</span> => <span class=sf-dump-note>array:10</span> [<samp data-depth=2 class=sf-dump-compact>
    \"<span class=sf-dump-key>id</span>\" => <span class=sf-dump-num>110</span>
    \"<span class=sf-dump-key>name</span>\" => \"<span class=sf-dump-str title=\"35 characters\">&amp;nbsp;&amp;nbsp;&amp;nbsp;7D HIFU Full Face</span>\"
    \"<span class=sf-dump-key>parent_id</span>\" => <span class=sf-dump-num>55</span>
    \"<span class=sf-dump-key>slug</span>\" => \"<span class=sf-dump-str title=\"6 characters\">custom</span>\"
    \"<span class=sf-dump-key>complimentory</span>\" => <span class=sf-dump-num>0</span>
    \"<span class=sf-dump-key>duration</span>\" => \"<span class=sf-dump-str title=\"5 characters\">01:30</span>\"
    \"<span class=sf-dump-key>price</span>\" => <span class=sf-dump-num>49000.0</span>
    \"<span class=sf-dump-key>color</span>\" => \"<span class=sf-dump-str title=\"7 characters\">#dd2727</span>\"
    \"<span class=sf-dump-key>end_node</span>\" => <span class=sf-dump-num>1</span>
    \"<span class=sf-dump-key>active</span>\" => <span class=sf-dump-num>1</span>
  </samp>]
  <span class=sf-dump-key>123</span> => <span class=sf-dump-note>array:10</span> [<samp data-depth=2 class=sf-dump-compact>
    \"<span class=sf-dump-key>id</span>\" => <span class=sf-dump-num>123</span>
    \"<span class=sf-dump-key>name</span>\" => \"<span class=sf-dump-str title=\"30 characters\">&amp;nbsp;&amp;nbsp;&amp;nbsp;7D HIFU Neck</span>\"
    \"<span class=sf-dump-key>parent_id</span>\" => <span class=sf-dump-num>55</span>
    \"<span class=sf-dump-key>slug</span>\" => \"<span class=sf-dump-str title=\"6 characters\">custom</span>\"
    \"<span class=sf-dump-key>complimentory</span>\" => <span class=sf-dump-num>0</span>
    \"<span class=sf-dump-key>duration</span>\" => \"<span class=sf-dump-str title=\"5 characters\">00:30</span>\"
    \"<span class=sf-dump-key>price</span>\" => <span class=sf-dump-num>25000.0</span>
    \"<span class=sf-dump-key>color</span>\" => \"<span class=sf-dump-str title=\"7 characters\">#d93f3f</span>\"
    \"<span class=sf-dump-key>end_node</span>\" => <span class=sf-dump-num>1</span>
    \"<span class=sf-dump-key>active</span>\" => <span class=sf-dump-num>1</span>
  </samp>]
  <span class=sf-dump-key>56</span> => <span class=sf-dump-note>array:10</span> [<samp data-depth=2 class=sf-dump-compact>
    \"<span class=sf-dump-key>id</span>\" => <span class=sf-dump-num>56</span>
    \"<span class=sf-dump-key>name</span>\" => \"<span class=sf-dump-str title=\"51 characters\">&amp;nbsp;&amp;nbsp;&amp;nbsp;Injection lipolysis - Double Chin</span>\"
    \"<span class=sf-dump-key>parent_id</span>\" => <span class=sf-dump-num>55</span>
    \"<span class=sf-dump-key>slug</span>\" => \"<span class=sf-dump-str title=\"6 characters\">custom</span>\"
    \"<span class=sf-dump-key>complimentory</span>\" => <span class=sf-dump-num>0</span>
    \"<span class=sf-dump-key>duration</span>\" => \"<span class=sf-dump-str title=\"5 characters\">00:20</span>\"
    \"<span class=sf-dump-key>price</span>\" => <span class=sf-dump-num>10000.0</span>
    \"<span class=sf-dump-key>color</span>\" => \"<span class=sf-dump-str title=\"7 characters\">#ce50ac</span>\"
    \"<span class=sf-dump-key>end_node</span>\" => <span class=sf-dump-num>1</span>
    \"<span class=sf-dump-key>active</span>\" => <span class=sf-dump-num>0</span>
  </samp>]
  <span class=sf-dump-key>58</span> => <span class=sf-dump-note>array:10</span> [<samp data-depth=2 class=sf-dump-compact>
    \"<span class=sf-dump-key>id</span>\" => <span class=sf-dump-num>58</span>
    \"<span class=sf-dump-key>name</span>\" => \"<span class=sf-dump-str title=\"57 characters\">&amp;nbsp;&amp;nbsp;&amp;nbsp;ULTIMATE - Double Chin (Cool Sculpting)</span>\"
    \"<span class=sf-dump-key>parent_id</span>\" => <span class=sf-dump-num>55</span>
    \"<span class=sf-dump-key>slug</span>\" => \"<span class=sf-dump-str title=\"6 characters\">custom</span>\"
    \"<span class=sf-dump-key>complimentory</span>\" => <span class=sf-dump-num>0</span>
    \"<span class=sf-dump-key>duration</span>\" => \"<span class=sf-dump-str title=\"5 characters\">00:45</span>\"
    \"<span class=sf-dump-key>price</span>\" => <span class=sf-dump-num>20000.0</span>
    \"<span class=sf-dump-key>color</span>\" => \"<span class=sf-dump-str title=\"7 characters\">#b54a83</span>\"
    \"<span class=sf-dump-key>end_node</span>\" => <span class=sf-dump-num>1</span>
    \"<span class=sf-dump-key>active</span>\" => <span class=sf-dump-num>1</span>
  </samp>]
  <span class=sf-dump-key>60</span> => <span class=sf-dump-note>array:10</span> [<samp data-depth=2 class=sf-dump-compact>
    \"<span class=sf-dump-key>id</span>\" => <span class=sf-dump-num>60</span>
    \"<span class=sf-dump-key>name</span>\" => \"<span class=sf-dump-str title=\"43 characters\">&amp;nbsp;&amp;nbsp;&amp;nbsp;ULTIMATE - Double Chin RF</span>\"
    \"<span class=sf-dump-key>parent_id</span>\" => <span class=sf-dump-num>55</span>
    \"<span class=sf-dump-key>slug</span>\" => \"<span class=sf-dump-str title=\"6 characters\">custom</span>\"
    \"<span class=sf-dump-key>complimentory</span>\" => <span class=sf-dump-num>0</span>
    \"<span class=sf-dump-key>duration</span>\" => \"<span class=sf-dump-str title=\"5 characters\">00:20</span>\"
    \"<span class=sf-dump-key>price</span>\" => <span class=sf-dump-num>7000.0</span>
    \"<span class=sf-dump-key>color</span>\" => \"<span class=sf-dump-str title=\"7 characters\">#96317b</span>\"
    \"<span class=sf-dump-key>end_node</span>\" => <span class=sf-dump-num>1</span>
    \"<span class=sf-dump-key>active</span>\" => <span class=sf-dump-num>1</span>
  </samp>]
  <span class=sf-dump-key>-14</span> => <span class=sf-dump-note>array:10</span> [<samp data-depth=2 class=sf-dump-compact>
    \"<span class=sf-dump-key>id</span>\" => <span class=sf-dump-num>14</span>
    \"<span class=sf-dump-key>name</span>\" => \"<span class=sf-dump-str title=\"18 characters\">Laser Hair Removal</span>\"
    \"<span class=sf-dump-key>parent_id</span>\" => <span class=sf-dump-num>0</span>
    \"<span class=sf-dump-key>slug</span>\" => \"<span class=sf-dump-str title=\"6 characters\">custom</span>\"
    \"<span class=sf-dump-key>complimentory</span>\" => <span class=sf-dump-num>0</span>
    \"<span class=sf-dump-key>active</span>\" => <span class=sf-dump-num>1</span>
    \"<span class=sf-dump-key>duration</span>\" => \"<span class=sf-dump-str title=\"5 characters\">00:30</span>\"
    \"<span class=sf-dump-key>price</span>\" => <span class=sf-dump-num>0.0</span>
    \"<span class=sf-dump-key>color</span>\" => \"<span class=sf-dump-str title=\"7 characters\">#09ecec</span>\"
    \"<span class=sf-dump-key>end_node</span>\" => <span class=sf-dump-num>0</span>
  </samp>]
  <span class=sf-dump-key>45</span> => <span class=sf-dump-note>array:10</span> [<samp data-depth=2 class=sf-dump-compact>
    \"<span class=sf-dump-key>id</span>\" => <span class=sf-dump-num>45</span>
    \"<span class=sf-dump-key>name</span>\" => \"<span class=sf-dump-str title=\"49 characters\">&amp;nbsp;&amp;nbsp;&amp;nbsp;TITANIUM - Abdomen Hair removal</span>\"
    \"<span class=sf-dump-key>parent_id</span>\" => <span class=sf-dump-num>14</span>
    \"<span class=sf-dump-key>slug</span>\" => \"<span class=sf-dump-str title=\"6 characters\">custom</span>\"
    \"<span class=sf-dump-key>complimentory</span>\" => <span class=sf-dump-num>0</span>
    \"<span class=sf-dump-key>duration</span>\" => \"<span class=sf-dump-str title=\"5 characters\">00:20</span>\"
    \"<span class=sf-dump-key>price</span>\" => <span class=sf-dump-num>6000.0</span>
    \"<span class=sf-dump-key>color</span>\" => \"<span class=sf-dump-str title=\"7 characters\">#c97e7e</span>\"
    \"<span class=sf-dump-key>end_node</span>\" => <span class=sf-dump-num>1</span>
    \"<span class=sf-dump-key>active</span>\" => <span class=sf-dump-num>1</span>
  </samp>]
  <span class=sf-dump-key>40</span> => <span class=sf-dump-note>array:10</span> [<samp data-depth=2 class=sf-dump-compact>
    \"<span class=sf-dump-key>id</span>\" => <span class=sf-dump-num>40</span>
    \"<span class=sf-dump-key>name</span>\" => \"<span class=sf-dump-str title=\"48 characters\">&amp;nbsp;&amp;nbsp;&amp;nbsp;TITANIUM - Areola Hair removal</span>\"
    \"<span class=sf-dump-key>parent_id</span>\" => <span class=sf-dump-num>14</span>
    \"<span class=sf-dump-key>slug</span>\" => \"<span class=sf-dump-str title=\"6 characters\">custom</span>\"
    \"<span class=sf-dump-key>complimentory</span>\" => <span class=sf-dump-num>0</span>
    \"<span class=sf-dump-key>duration</span>\" => \"<span class=sf-dump-str title=\"5 characters\">00:10</span>\"
    \"<span class=sf-dump-key>price</span>\" => <span class=sf-dump-num>3000.0</span>
    \"<span class=sf-dump-key>color</span>\" => \"<span class=sf-dump-str title=\"7 characters\">#a88080</span>\"
    \"<span class=sf-dump-key>end_node</span>\" => <span class=sf-dump-num>1</span>
    \"<span class=sf-dump-key>active</span>\" => <span class=sf-dump-num>1</span>
  </samp>]
  <span class=sf-dump-key>141</span> => <span class=sf-dump-note>array:10</span> [<samp data-depth=2 class=sf-dump-compact>
    \"<span class=sf-dump-key>id</span>\" => <span class=sf-dump-num>141</span>
    \"<span class=sf-dump-key>name</span>\" => \"<span class=sf-dump-str title=\"52 characters\">&amp;nbsp;&amp;nbsp;&amp;nbsp;TITANIUM - Beard line Hair removal</span>\"
    \"<span class=sf-dump-key>parent_id</span>\" => <span class=sf-dump-num>14</span>
    \"<span class=sf-dump-key>slug</span>\" => \"<span class=sf-dump-str title=\"6 characters\">custom</span>\"
    \"<span class=sf-dump-key>complimentory</span>\" => <span class=sf-dump-num>0</span>
    \"<span class=sf-dump-key>duration</span>\" => \"<span class=sf-dump-str title=\"5 characters\">00:10</span>\"
    \"<span class=sf-dump-key>price</span>\" => <span class=sf-dump-num>3000.0</span>
    \"<span class=sf-dump-key>color</span>\" => \"<span class=sf-dump-str title=\"7 characters\">#d02f2f</span>\"
    \"<span class=sf-dump-key>end_node</span>\" => <span class=sf-dump-num>1</span>
    \"<span class=sf-dump-key>active</span>\" => <span class=sf-dump-num>1</span>
  </samp>]
  <span class=sf-dump-key>122</span> => <span class=sf-dump-note>array:10</span> [<samp data-depth=2 class=sf-dump-compact>
    \"<span class=sf-dump-key>id</span>\" => <span class=sf-dump-num>122</span>
    \"<span class=sf-dump-key>name</span>\" => \"<span class=sf-dump-str title=\"56 characters\">&amp;nbsp;&amp;nbsp;&amp;nbsp;TITANIUM - Beard Neckline Hair removal</span>\"
    \"<span class=sf-dump-key>parent_id</span>\" => <span class=sf-dump-num>14</span>
    \"<span class=sf-dump-key>slug</span>\" => \"<span class=sf-dump-str title=\"6 characters\">custom</span>\"
    \"<span class=sf-dump-key>complimentory</span>\" => <span class=sf-dump-num>0</span>
    \"<span class=sf-dump-key>duration</span>\" => \"<span class=sf-dump-str title=\"5 characters\">00:30</span>\"
    \"<span class=sf-dump-key>price</span>\" => <span class=sf-dump-num>6000.0</span>
    \"<span class=sf-dump-key>color</span>\" => \"<span class=sf-dump-str title=\"7 characters\">#c74848</span>\"
    \"<span class=sf-dump-key>end_node</span>\" => <span class=sf-dump-num>1</span>
    \"<span class=sf-dump-key>active</span>\" => <span class=sf-dump-num>1</span>
  </samp>]
  <span class=sf-dump-key>35</span> => <span class=sf-dump-note>array:10</span> [<samp data-depth=2 class=sf-dump-compact>
    \"<span class=sf-dump-key>id</span>\" => <span class=sf-dump-num>35</span>
    \"<span class=sf-dump-key>name</span>\" => \"<span class=sf-dump-str title=\"65 characters\">&amp;nbsp;&amp;nbsp;&amp;nbsp;TITANIUM - Bikini / Brazilian area Hair removal</span>\"
    \"<span class=sf-dump-key>parent_id</span>\" => <span class=sf-dump-num>14</span>
    \"<span class=sf-dump-key>slug</span>\" => \"<span class=sf-dump-str title=\"6 characters\">custom</span>\"
    \"<span class=sf-dump-key>complimentory</span>\" => <span class=sf-dump-num>0</span>
    \"<span class=sf-dump-key>duration</span>\" => \"<span class=sf-dump-str title=\"5 characters\">00:25</span>\"
    \"<span class=sf-dump-key>price</span>\" => <span class=sf-dump-num>8000.0</span>
    \"<span class=sf-dump-key>color</span>\" => \"<span class=sf-dump-str title=\"7 characters\">#845858</span>\"
    \"<span class=sf-dump-key>end_node</span>\" => <span class=sf-dump-num>1</span>
    \"<span class=sf-dump-key>active</span>\" => <span class=sf-dump-num>1</span>
  </samp>]
  <span class=sf-dump-key>33</span> => <span class=sf-dump-note>array:10</span> [<samp data-depth=2 class=sf-dump-compact>
    \"<span class=sf-dump-key>id</span>\" => <span class=sf-dump-num>33</span>
    \"<span class=sf-dump-key>name</span>\" => \"<span class=sf-dump-str title=\"53 characters\">&amp;nbsp;&amp;nbsp;&amp;nbsp;TITANIUM - Bikini Line Hair removal</span>\"
    \"<span class=sf-dump-key>parent_id</span>\" => <span class=sf-dump-num>14</span>
    \"<span class=sf-dump-key>slug</span>\" => \"<span class=sf-dump-str title=\"6 characters\">custom</span>\"
    \"<span class=sf-dump-key>complimentory</span>\" => <span class=sf-dump-num>0</span>
    \"<span class=sf-dump-key>duration</span>\" => \"<span class=sf-dump-str title=\"5 characters\">00:15</span>\"
    \"<span class=sf-dump-key>price</span>\" => <span class=sf-dump-num>3000.0</span>
    \"<span class=sf-dump-key>color</span>\" => \"<span class=sf-dump-str title=\"7 characters\">#a77272</span>\"
    \"<span class=sf-dump-key>end_node</span>\" => <span class=sf-dump-num>1</span>
    \"<span class=sf-dump-key>active</span>\" => <span class=sf-dump-num>0</span>
  </samp>]
  <span class=sf-dump-key>44</span> => <span class=sf-dump-note>array:10</span> [<samp data-depth=2 class=sf-dump-compact>
    \"<span class=sf-dump-key>id</span>\" => <span class=sf-dump-num>44</span>
    \"<span class=sf-dump-key>name</span>\" => \"<span class=sf-dump-str title=\"50 characters\">&amp;nbsp;&amp;nbsp;&amp;nbsp;TITANIUM - Buttocks Hair removal</span>\"
    \"<span class=sf-dump-key>parent_id</span>\" => <span class=sf-dump-num>14</span>
    \"<span class=sf-dump-key>slug</span>\" => \"<span class=sf-dump-str title=\"6 characters\">custom</span>\"
    \"<span class=sf-dump-key>complimentory</span>\" => <span class=sf-dump-num>0</span>
    \"<span class=sf-dump-key>duration</span>\" => \"<span class=sf-dump-str title=\"5 characters\">00:25</span>\"
    \"<span class=sf-dump-key>price</span>\" => <span class=sf-dump-num>6000.0</span>
    \"<span class=sf-dump-key>color</span>\" => \"<span class=sf-dump-str title=\"7 characters\">#bd7a7a</span>\"
    \"<span class=sf-dump-key>end_node</span>\" => <span class=sf-dump-num>1</span>
    \"<span class=sf-dump-key>active</span>\" => <span class=sf-dump-num>1</span>
  </samp>]
  <span class=sf-dump-key>19</span> => <span class=sf-dump-note>array:10</span> [<samp data-depth=2 class=sf-dump-compact>
    \"<span class=sf-dump-key>id</span>\" => <span class=sf-dump-num>19</span>
    \"<span class=sf-dump-key>name</span>\" => \"<span class=sf-dump-str title=\"48 characters\">&amp;nbsp;&amp;nbsp;&amp;nbsp;TITANIUM - Cheeks Hair removal</span>\"
    \"<span class=sf-dump-key>parent_id</span>\" => <span class=sf-dump-num>14</span>
    \"<span class=sf-dump-key>slug</span>\" => \"<span class=sf-dump-str title=\"6 characters\">custom</span>\"
    \"<span class=sf-dump-key>complimentory</span>\" => <span class=sf-dump-num>0</span>
    \"<span class=sf-dump-key>duration</span>\" => \"<span class=sf-dump-str title=\"5 characters\">00:10</span>\"
    \"<span class=sf-dump-key>price</span>\" => <span class=sf-dump-num>3000.0</span>
    \"<span class=sf-dump-key>color</span>\" => \"<span class=sf-dump-str title=\"7 characters\">#ab6363</span>\"
    \"<span class=sf-dump-key>end_node</span>\" => <span class=sf-dump-num>1</span>
    \"<span class=sf-dump-key>active</span>\" => <span class=sf-dump-num>1</span>
  </samp>]
  <span class=sf-dump-key>38</span> => <span class=sf-dump-note>array:10</span> [<samp data-depth=2 class=sf-dump-compact>
    \"<span class=sf-dump-key>id</span>\" => <span class=sf-dump-num>38</span>
    \"<span class=sf-dump-key>name</span>\" => \"<span class=sf-dump-str title=\"47 characters\">&amp;nbsp;&amp;nbsp;&amp;nbsp;TITANIUM - Chest Hair removal</span>\"
    \"<span class=sf-dump-key>parent_id</span>\" => <span class=sf-dump-num>14</span>
    \"<span class=sf-dump-key>slug</span>\" => \"<span class=sf-dump-str title=\"6 characters\">custom</span>\"
    \"<span class=sf-dump-key>complimentory</span>\" => <span class=sf-dump-num>0</span>
    \"<span class=sf-dump-key>duration</span>\" => \"<span class=sf-dump-str title=\"5 characters\">00:25</span>\"
    \"<span class=sf-dump-key>price</span>\" => <span class=sf-dump-num>6000.0</span>
    \"<span class=sf-dump-key>color</span>\" => \"<span class=sf-dump-str title=\"7 characters\">#d87d7d</span>\"
    \"<span class=sf-dump-key>end_node</span>\" => <span class=sf-dump-num>1</span>
    \"<span class=sf-dump-key>active</span>\" => <span class=sf-dump-num>1</span>
  </samp>]
  <span class=sf-dump-key>18</span> => <span class=sf-dump-note>array:10</span> [<samp data-depth=2 class=sf-dump-compact>
    \"<span class=sf-dump-key>id</span>\" => <span class=sf-dump-num>18</span>
    \"<span class=sf-dump-key>name</span>\" => \"<span class=sf-dump-str title=\"46 characters\">&amp;nbsp;&amp;nbsp;&amp;nbsp;TITANIUM - Chin Hair removal</span>\"
    \"<span class=sf-dump-key>parent_id</span>\" => <span class=sf-dump-num>14</span>
    \"<span class=sf-dump-key>slug</span>\" => \"<span class=sf-dump-str title=\"6 characters\">custom</span>\"
    \"<span class=sf-dump-key>complimentory</span>\" => <span class=sf-dump-num>0</span>
    \"<span class=sf-dump-key>duration</span>\" => \"<span class=sf-dump-str title=\"5 characters\">00:10</span>\"
    \"<span class=sf-dump-key>price</span>\" => <span class=sf-dump-num>2000.0</span>
    \"<span class=sf-dump-key>color</span>\" => \"<span class=sf-dump-str title=\"7 characters\">#db6666</span>\"
    \"<span class=sf-dump-key>end_node</span>\" => <span class=sf-dump-num>1</span>
    \"<span class=sf-dump-key>active</span>\" => <span class=sf-dump-num>1</span>
  </samp>]
  <span class=sf-dump-key>111</span> => <span class=sf-dump-note>array:10</span> [<samp data-depth=2 class=sf-dump-compact>
    \"<span class=sf-dump-key>id</span>\" => <span class=sf-dump-num>111</span>
    \"<span class=sf-dump-key>name</span>\" => \"<span class=sf-dump-str title=\"46 characters\">&amp;nbsp;&amp;nbsp;&amp;nbsp;TITANIUM - Ears Hair removal</span>\"
    \"<span class=sf-dump-key>parent_id</span>\" => <span class=sf-dump-num>14</span>
    \"<span class=sf-dump-key>slug</span>\" => \"<span class=sf-dump-str title=\"6 characters\">custom</span>\"
    \"<span class=sf-dump-key>complimentory</span>\" => <span class=sf-dump-num>0</span>
    \"<span class=sf-dump-key>duration</span>\" => \"<span class=sf-dump-str title=\"5 characters\">00:10</span>\"
    \"<span class=sf-dump-key>price</span>\" => <span class=sf-dump-num>3000.0</span>
    \"<span class=sf-dump-key>color</span>\" => \"<span class=sf-dump-str title=\"7 characters\">#cc3838</span>\"
    \"<span class=sf-dump-key>end_node</span>\" => <span class=sf-dump-num>1</span>
    \"<span class=sf-dump-key>active</span>\" => <span class=sf-dump-num>1</span>
  </samp>]
  <span class=sf-dump-key>32</span> => <span class=sf-dump-note>array:10</span> [<samp data-depth=2 class=sf-dump-compact>
    \"<span class=sf-dump-key>id</span>\" => <span class=sf-dump-num>32</span>
    \"<span class=sf-dump-key>name</span>\" => \"<span class=sf-dump-str title=\"53 characters\">&amp;nbsp;&amp;nbsp;&amp;nbsp;TITANIUM - Feet &amp; Toes Hair removal</span>\"
    \"<span class=sf-dump-key>parent_id</span>\" => <span class=sf-dump-num>14</span>
    \"<span class=sf-dump-key>slug</span>\" => \"<span class=sf-dump-str title=\"6 characters\">custom</span>\"
    \"<span class=sf-dump-key>complimentory</span>\" => <span class=sf-dump-num>0</span>
    \"<span class=sf-dump-key>duration</span>\" => \"<span class=sf-dump-str title=\"5 characters\">00:15</span>\"
    \"<span class=sf-dump-key>price</span>\" => <span class=sf-dump-num>4000.0</span>
    \"<span class=sf-dump-key>color</span>\" => \"<span class=sf-dump-str title=\"7 characters\">#b65858</span>\"
    \"<span class=sf-dump-key>end_node</span>\" => <span class=sf-dump-num>1</span>
    \"<span class=sf-dump-key>active</span>\" => <span class=sf-dump-num>1</span>
  </samp>]
  <span class=sf-dump-key>26</span> => <span class=sf-dump-note>array:10</span> [<samp data-depth=2 class=sf-dump-compact>
    \"<span class=sf-dump-key>id</span>\" => <span class=sf-dump-num>26</span>
    \"<span class=sf-dump-key>name</span>\" => \"<span class=sf-dump-str title=\"50 characters\">&amp;nbsp;&amp;nbsp;&amp;nbsp;TITANIUM - Forearms Hair removal</span>\"
    \"<span class=sf-dump-key>parent_id</span>\" => <span class=sf-dump-num>14</span>
    \"<span class=sf-dump-key>slug</span>\" => \"<span class=sf-dump-str title=\"6 characters\">custom</span>\"
    \"<span class=sf-dump-key>complimentory</span>\" => <span class=sf-dump-num>0</span>
    \"<span class=sf-dump-key>duration</span>\" => \"<span class=sf-dump-str title=\"5 characters\">00:30</span>\"
    \"<span class=sf-dump-key>price</span>\" => <span class=sf-dump-num>7000.0</span>
    \"<span class=sf-dump-key>color</span>\" => \"<span class=sf-dump-str title=\"7 characters\">#b97979</span>\"
    \"<span class=sf-dump-key>end_node</span>\" => <span class=sf-dump-num>1</span>
    \"<span class=sf-dump-key>active</span>\" => <span class=sf-dump-num>1</span>
  </samp>]
  <span class=sf-dump-key>16</span> => <span class=sf-dump-note>array:10</span> [<samp data-depth=2 class=sf-dump-compact>
    \"<span class=sf-dump-key>id</span>\" => <span class=sf-dump-num>16</span>
    \"<span class=sf-dump-key>name</span>\" => \"<span class=sf-dump-str title=\"50 characters\">&amp;nbsp;&amp;nbsp;&amp;nbsp;TITANIUM - Forehead Hair removal</span>\"
    \"<span class=sf-dump-key>parent_id</span>\" => <span class=sf-dump-num>14</span>
    \"<span class=sf-dump-key>slug</span>\" => \"<span class=sf-dump-str title=\"6 characters\">custom</span>\"
    \"<span class=sf-dump-key>complimentory</span>\" => <span class=sf-dump-num>0</span>
    \"<span class=sf-dump-key>duration</span>\" => \"<span class=sf-dump-str title=\"5 characters\">00:10</span>\"
    \"<span class=sf-dump-key>price</span>\" => <span class=sf-dump-num>2000.0</span>
    \"<span class=sf-dump-key>color</span>\" => \"<span class=sf-dump-str title=\"7 characters\">#e77474</span>\"
    \"<span class=sf-dump-key>end_node</span>\" => <span class=sf-dump-num>1</span>
    \"<span class=sf-dump-key>active</span>\" => <span class=sf-dump-num>1</span>
  </samp>]
  <span class=sf-dump-key>22</span> => <span class=sf-dump-note>array:10</span> [<samp data-depth=2 class=sf-dump-compact>
    \"<span class=sf-dump-key>id</span>\" => <span class=sf-dump-num>22</span>
    \"<span class=sf-dump-key>name</span>\" => \"<span class=sf-dump-str title=\"59 characters\">&amp;nbsp;&amp;nbsp;&amp;nbsp;TITANIUM - Front of the Neck Hair removal</span>\"
    \"<span class=sf-dump-key>parent_id</span>\" => <span class=sf-dump-num>14</span>
    \"<span class=sf-dump-key>slug</span>\" => \"<span class=sf-dump-str title=\"6 characters\">custom</span>\"
    \"<span class=sf-dump-key>complimentory</span>\" => <span class=sf-dump-num>0</span>
    \"<span class=sf-dump-key>duration</span>\" => \"<span class=sf-dump-str title=\"5 characters\">00:10</span>\"
    \"<span class=sf-dump-key>price</span>\" => <span class=sf-dump-num>3000.0</span>
    \"<span class=sf-dump-key>color</span>\" => \"<span class=sf-dump-str title=\"7 characters\">#ae6565</span>\"
    \"<span class=sf-dump-key>end_node</span>\" => <span class=sf-dump-num>1</span>
    \"<span class=sf-dump-key>active</span>\" => <span class=sf-dump-num>1</span>
  </samp>]
  <span class=sf-dump-key>28</span> => <span class=sf-dump-note>array:10</span> [<samp data-depth=2 class=sf-dump-compact>
    \"<span class=sf-dump-key>id</span>\" => <span class=sf-dump-num>28</span>
    \"<span class=sf-dump-key>name</span>\" => \"<span class=sf-dump-str title=\"77 characters\">&amp;nbsp;&amp;nbsp;&amp;nbsp;TITANIUM - Full arms including hands &amp; fingers Hair removal</span>\"
    \"<span class=sf-dump-key>parent_id</span>\" => <span class=sf-dump-num>14</span>
    \"<span class=sf-dump-key>slug</span>\" => \"<span class=sf-dump-str title=\"6 characters\">custom</span>\"
    \"<span class=sf-dump-key>complimentory</span>\" => <span class=sf-dump-num>0</span>
    \"<span class=sf-dump-key>duration</span>\" => \"<span class=sf-dump-str title=\"5 characters\">00:30</span>\"
    \"<span class=sf-dump-key>price</span>\" => <span class=sf-dump-num>10000.0</span>
    \"<span class=sf-dump-key>color</span>\" => \"<span class=sf-dump-str title=\"7 characters\">#a06464</span>\"
    \"<span class=sf-dump-key>end_node</span>\" => <span class=sf-dump-num>1</span>
    \"<span class=sf-dump-key>active</span>\" => <span class=sf-dump-num>1</span>
  </samp>]
  <span class=sf-dump-key>29</span> => <span class=sf-dump-note>array:10</span> [<samp data-depth=2 class=sf-dump-compact>
    \"<span class=sf-dump-key>id</span>\" => <span class=sf-dump-num>29</span>
    \"<span class=sf-dump-key>name</span>\" => \"<span class=sf-dump-str title=\"91 characters\">&amp;nbsp;&amp;nbsp;&amp;nbsp;TITANIUM - Full arms including hands and fingers + underarms Hair removal</span>\"
    \"<span class=sf-dump-key>parent_id</span>\" => <span class=sf-dump-num>14</span>
    \"<span class=sf-dump-key>slug</span>\" => \"<span class=sf-dump-str title=\"6 characters\">custom</span>\"
    \"<span class=sf-dump-key>complimentory</span>\" => <span class=sf-dump-num>0</span>
    \"<span class=sf-dump-key>duration</span>\" => \"<span class=sf-dump-str title=\"5 characters\">00:40</span>\"
    \"<span class=sf-dump-key>price</span>\" => <span class=sf-dump-num>12000.0</span>
    \"<span class=sf-dump-key>color</span>\" => \"<span class=sf-dump-str title=\"7 characters\">#b55a5a</span>\"
    \"<span class=sf-dump-key>end_node</span>\" => <span class=sf-dump-num>1</span>
    \"<span class=sf-dump-key>active</span>\" => <span class=sf-dump-num>1</span>
  </samp>]
  <span class=sf-dump-key>46</span> => <span class=sf-dump-note>array:10</span> [<samp data-depth=2 class=sf-dump-compact>
    \"<span class=sf-dump-key>id</span>\" => <span class=sf-dump-num>46</span>
    \"<span class=sf-dump-key>name</span>\" => \"<span class=sf-dump-str title=\"51 characters\">&amp;nbsp;&amp;nbsp;&amp;nbsp;TITANIUM - Full Back Hair removal</span>\"
    \"<span class=sf-dump-key>parent_id</span>\" => <span class=sf-dump-num>14</span>
    \"<span class=sf-dump-key>slug</span>\" => \"<span class=sf-dump-str title=\"6 characters\">custom</span>\"
    \"<span class=sf-dump-key>complimentory</span>\" => <span class=sf-dump-num>0</span>
    \"<span class=sf-dump-key>duration</span>\" => \"<span class=sf-dump-str title=\"5 characters\">00:30</span>\"
    \"<span class=sf-dump-key>price</span>\" => <span class=sf-dump-num>10000.0</span>
    \"<span class=sf-dump-key>color</span>\" => \"<span class=sf-dump-str title=\"7 characters\">#b46e6e</span>\"
    \"<span class=sf-dump-key>end_node</span>\" => <span class=sf-dump-num>1</span>
    \"<span class=sf-dump-key>active</span>\" => <span class=sf-dump-num>1</span>
  </samp>]
  <span class=sf-dump-key>54</span> => <span class=sf-dump-note>array:10</span> [<samp data-depth=2 class=sf-dump-compact>
    \"<span class=sf-dump-key>id</span>\" => <span class=sf-dump-num>54</span>
    \"<span class=sf-dump-key>name</span>\" => \"<span class=sf-dump-str title=\"82 characters\">&amp;nbsp;&amp;nbsp;&amp;nbsp;TITANIUM - Full Body Hair removal (including Bikini / Brazilian)</span>\"
    \"<span class=sf-dump-key>parent_id</span>\" => <span class=sf-dump-num>14</span>
    \"<span class=sf-dump-key>slug</span>\" => \"<span class=sf-dump-str title=\"6 characters\">custom</span>\"
    \"<span class=sf-dump-key>complimentory</span>\" => <span class=sf-dump-num>0</span>
    \"<span class=sf-dump-key>duration</span>\" => \"<span class=sf-dump-str title=\"5 characters\">01:30</span>\"
    \"<span class=sf-dump-key>price</span>\" => <span class=sf-dump-num>35000.0</span>
    \"<span class=sf-dump-key>color</span>\" => \"<span class=sf-dump-str title=\"7 characters\">#000000</span>\"
    \"<span class=sf-dump-key>end_node</span>\" => <span class=sf-dump-num>1</span>
    \"<span class=sf-dump-key>active</span>\" => <span class=sf-dump-num>1</span>
  </samp>]
  <span class=sf-dump-key>47</span> => <span class=sf-dump-note>array:10</span> [<samp data-depth=2 class=sf-dump-compact>
    \"<span class=sf-dump-key>id</span>\" => <span class=sf-dump-num>47</span>
    \"<span class=sf-dump-key>name</span>\" => \"<span class=sf-dump-str title=\"80 characters\">&amp;nbsp;&amp;nbsp;&amp;nbsp;TITANIUM - Full Body Hair removal (without Bikini / Brazilian)</span>\"
    \"<span class=sf-dump-key>parent_id</span>\" => <span class=sf-dump-num>14</span>
    \"<span class=sf-dump-key>slug</span>\" => \"<span class=sf-dump-str title=\"6 characters\">custom</span>\"
    \"<span class=sf-dump-key>complimentory</span>\" => <span class=sf-dump-num>0</span>
    \"<span class=sf-dump-key>duration</span>\" => \"<span class=sf-dump-str title=\"5 characters\">01:30</span>\"
    \"<span class=sf-dump-key>price</span>\" => <span class=sf-dump-num>30000.0</span>
    \"<span class=sf-dump-key>color</span>\" => \"<span class=sf-dump-str title=\"7 characters\">#d87474</span>\"
    \"<span class=sf-dump-key>end_node</span>\" => <span class=sf-dump-num>1</span>
    \"<span class=sf-dump-key>active</span>\" => <span class=sf-dump-num>1</span>
  </samp>]
  <span class=sf-dump-key>20</span> => <span class=sf-dump-note>array:10</span> [<samp data-depth=2 class=sf-dump-compact>
    \"<span class=sf-dump-key>id</span>\" => <span class=sf-dump-num>20</span>
    \"<span class=sf-dump-key>name</span>\" => \"<span class=sf-dump-str title=\"51 characters\">&amp;nbsp;&amp;nbsp;&amp;nbsp;TITANIUM - Full Face Hair removal</span>\"
    \"<span class=sf-dump-key>parent_id</span>\" => <span class=sf-dump-num>14</span>
    \"<span class=sf-dump-key>slug</span>\" => \"<span class=sf-dump-str title=\"6 characters\">custom</span>\"
    \"<span class=sf-dump-key>complimentory</span>\" => <span class=sf-dump-num>0</span>
    \"<span class=sf-dump-key>duration</span>\" => \"<span class=sf-dump-str title=\"5 characters\">00:25</span>\"
    \"<span class=sf-dump-key>price</span>\" => <span class=sf-dump-num>6000.0</span>
    \"<span class=sf-dump-key>color</span>\" => \"<span class=sf-dump-str title=\"7 characters\">#bb8181</span>\"
    \"<span class=sf-dump-key>end_node</span>\" => <span class=sf-dump-num>1</span>
    \"<span class=sf-dump-key>active</span>\" => <span class=sf-dump-num>1</span>
  </samp>]
  <span class=sf-dump-key>21</span> => <span class=sf-dump-note>array:10</span> [<samp data-depth=2 class=sf-dump-compact>
    \"<span class=sf-dump-key>id</span>\" => <span class=sf-dump-num>21</span>
    \"<span class=sf-dump-key>name</span>\" => \"<span class=sf-dump-str title=\"66 characters\">&amp;nbsp;&amp;nbsp;&amp;nbsp;TITANIUM - Full Face including Neck Hair removal</span>\"
    \"<span class=sf-dump-key>parent_id</span>\" => <span class=sf-dump-num>14</span>
    \"<span class=sf-dump-key>slug</span>\" => \"<span class=sf-dump-str title=\"6 characters\">custom</span>\"
    \"<span class=sf-dump-key>complimentory</span>\" => <span class=sf-dump-num>0</span>
    \"<span class=sf-dump-key>duration</span>\" => \"<span class=sf-dump-str title=\"5 characters\">00:30</span>\"
    \"<span class=sf-dump-key>price</span>\" => <span class=sf-dump-num>8000.0</span>
    \"<span class=sf-dump-key>color</span>\" => \"<span class=sf-dump-str title=\"7 characters\">#955050</span>\"
    \"<span class=sf-dump-key>end_node</span>\" => <span class=sf-dump-num>1</span>
    \"<span class=sf-dump-key>active</span>\" => <span class=sf-dump-num>1</span>
  </samp>]
  <span class=sf-dump-key>36</span> => <span class=sf-dump-note>array:10</span> [<samp data-depth=2 class=sf-dump-compact>
    \"<span class=sf-dump-key>id</span>\" => <span class=sf-dump-num>36</span>
    \"<span class=sf-dump-key>name</span>\" => \"<span class=sf-dump-str title=\"73 characters\">&amp;nbsp;&amp;nbsp;&amp;nbsp;TITANIUM - Full legs including feet &amp; toes Hair removal</span>\"
    \"<span class=sf-dump-key>parent_id</span>\" => <span class=sf-dump-num>14</span>
    \"<span class=sf-dump-key>slug</span>\" => \"<span class=sf-dump-str title=\"6 characters\">custom</span>\"
    \"<span class=sf-dump-key>complimentory</span>\" => <span class=sf-dump-num>0</span>
    \"<span class=sf-dump-key>duration</span>\" => \"<span class=sf-dump-str title=\"5 characters\">00:45</span>\"
    \"<span class=sf-dump-key>price</span>\" => <span class=sf-dump-num>15000.0</span>
    \"<span class=sf-dump-key>color</span>\" => \"<span class=sf-dump-str title=\"7 characters\">#946161</span>\"
    \"<span class=sf-dump-key>end_node</span>\" => <span class=sf-dump-num>1</span>
    \"<span class=sf-dump-key>active</span>\" => <span class=sf-dump-num>1</span>
  </samp>]
  <span class=sf-dump-key>27</span> => <span class=sf-dump-note>array:10</span> [<samp data-depth=2 class=sf-dump-compact>
    \"<span class=sf-dump-key>id</span>\" => <span class=sf-dump-num>27</span>
    \"<span class=sf-dump-key>name</span>\" => \"<span class=sf-dump-str title=\"57 characters\">&amp;nbsp;&amp;nbsp;&amp;nbsp;TITANIUM - Hands &amp; Fingers Hair removal</span>\"
    \"<span class=sf-dump-key>parent_id</span>\" => <span class=sf-dump-num>14</span>
    \"<span class=sf-dump-key>slug</span>\" => \"<span class=sf-dump-str title=\"6 characters\">custom</span>\"
    \"<span class=sf-dump-key>complimentory</span>\" => <span class=sf-dump-num>0</span>
    \"<span class=sf-dump-key>duration</span>\" => \"<span class=sf-dump-str title=\"5 characters\">00:15</span>\"
    \"<span class=sf-dump-key>price</span>\" => <span class=sf-dump-num>3000.0</span>
    \"<span class=sf-dump-key>color</span>\" => \"<span class=sf-dump-str title=\"7 characters\">#c27a7a</span>\"
    \"<span class=sf-dump-key>end_node</span>\" => <span class=sf-dump-num>1</span>
    \"<span class=sf-dump-key>active</span>\" => <span class=sf-dump-num>1</span>
  </samp>]
  <span class=sf-dump-key>43</span> => <span class=sf-dump-note>array:10</span> [<samp data-depth=2 class=sf-dump-compact>
    \"<span class=sf-dump-key>id</span>\" => <span class=sf-dump-num>43</span>
    \"<span class=sf-dump-key>name</span>\" => \"<span class=sf-dump-str title=\"52 characters\">&amp;nbsp;&amp;nbsp;&amp;nbsp;TITANIUM - Lower Back Hair removal</span>\"
    \"<span class=sf-dump-key>parent_id</span>\" => <span class=sf-dump-num>14</span>
    \"<span class=sf-dump-key>slug</span>\" => \"<span class=sf-dump-str title=\"6 characters\">custom</span>\"
    \"<span class=sf-dump-key>complimentory</span>\" => <span class=sf-dump-num>0</span>
    \"<span class=sf-dump-key>duration</span>\" => \"<span class=sf-dump-str title=\"5 characters\">00:20</span>\"
    \"<span class=sf-dump-key>price</span>\" => <span class=sf-dump-num>6000.0</span>
    \"<span class=sf-dump-key>color</span>\" => \"<span class=sf-dump-str title=\"7 characters\">#955f5f</span>\"
    \"<span class=sf-dump-key>end_node</span>\" => <span class=sf-dump-num>1</span>
    \"<span class=sf-dump-key>active</span>\" => <span class=sf-dump-num>1</span>
  </samp>]
  <span class=sf-dump-key>37</span> => <span class=sf-dump-note>array:10</span> [<samp data-depth=2 class=sf-dump-compact>
    \"<span class=sf-dump-key>id</span>\" => <span class=sf-dump-num>37</span>
    \"<span class=sf-dump-key>name</span>\" => \"<span class=sf-dump-str title=\"73 characters\">&amp;nbsp;&amp;nbsp;&amp;nbsp;TITANIUM - Lower Body (legs &amp; Bikini area) Hair removal</span>\"
    \"<span class=sf-dump-key>parent_id</span>\" => <span class=sf-dump-num>14</span>
    \"<span class=sf-dump-key>slug</span>\" => \"<span class=sf-dump-str title=\"6 characters\">custom</span>\"
    \"<span class=sf-dump-key>complimentory</span>\" => <span class=sf-dump-num>0</span>
    \"<span class=sf-dump-key>duration</span>\" => \"<span class=sf-dump-str title=\"5 characters\">00:50</span>\"
    \"<span class=sf-dump-key>price</span>\" => <span class=sf-dump-num>20000.0</span>
    \"<span class=sf-dump-key>color</span>\" => \"<span class=sf-dump-str title=\"7 characters\">#c47e7e</span>\"
    \"<span class=sf-dump-key>end_node</span>\" => <span class=sf-dump-num>1</span>
    \"<span class=sf-dump-key>active</span>\" => <span class=sf-dump-num>1</span>
  </samp>]
  <span class=sf-dump-key>31</span> => <span class=sf-dump-note>array:10</span> [<samp data-depth=2 class=sf-dump-compact>
    \"<span class=sf-dump-key>id</span>\" => <span class=sf-dump-num>31</span>
    \"<span class=sf-dump-key>name</span>\" => \"<span class=sf-dump-str title=\"52 characters\">&amp;nbsp;&amp;nbsp;&amp;nbsp;TITANIUM - Lower legs Hair removal</span>\"
    \"<span class=sf-dump-key>parent_id</span>\" => <span class=sf-dump-num>14</span>
    \"<span class=sf-dump-key>slug</span>\" => \"<span class=sf-dump-str title=\"6 characters\">custom</span>\"
    \"<span class=sf-dump-key>complimentory</span>\" => <span class=sf-dump-num>0</span>
    \"<span class=sf-dump-key>duration</span>\" => \"<span class=sf-dump-str title=\"5 characters\">00:30</span>\"
    \"<span class=sf-dump-key>price</span>\" => <span class=sf-dump-num>9000.0</span>
    \"<span class=sf-dump-key>color</span>\" => \"<span class=sf-dump-str title=\"7 characters\">#ad7f7f</span>\"
    \"<span class=sf-dump-key>end_node</span>\" => <span class=sf-dump-num>1</span>
    \"<span class=sf-dump-key>active</span>\" => <span class=sf-dump-num>1</span>
  </samp>]
  <span class=sf-dump-key>131</span> => <span class=sf-dump-note>array:10</span> [<samp data-depth=2 class=sf-dump-compact>
    \"<span class=sf-dump-key>id</span>\" => <span class=sf-dump-num>131</span>
    \"<span class=sf-dump-key>name</span>\" => \"<span class=sf-dump-str title=\"59 characters\">&amp;nbsp;&amp;nbsp;&amp;nbsp;TITANIUM - Male Private area Hair removal</span>\"
    \"<span class=sf-dump-key>parent_id</span>\" => <span class=sf-dump-num>14</span>
    \"<span class=sf-dump-key>slug</span>\" => \"<span class=sf-dump-str title=\"6 characters\">custom</span>\"
    \"<span class=sf-dump-key>complimentory</span>\" => <span class=sf-dump-num>0</span>
    \"<span class=sf-dump-key>duration</span>\" => \"<span class=sf-dump-str title=\"5 characters\">00:30</span>\"
    \"<span class=sf-dump-key>price</span>\" => <span class=sf-dump-num>10000.0</span>
    \"<span class=sf-dump-key>color</span>\" => \"<span class=sf-dump-str title=\"7 characters\">#101aa8</span>\"
    \"<span class=sf-dump-key>end_node</span>\" => <span class=sf-dump-num>1</span>
    \"<span class=sf-dump-key>active</span>\" => <span class=sf-dump-num>1</span>
  </samp>]
  <span class=sf-dump-key>23</span> => <span class=sf-dump-note>array:10</span> [<samp data-depth=2 class=sf-dump-compact>
    \"<span class=sf-dump-key>id</span>\" => <span class=sf-dump-num>23</span>
    \"<span class=sf-dump-key>name</span>\" => \"<span class=sf-dump-str title=\"54 characters\">&amp;nbsp;&amp;nbsp;&amp;nbsp;TITANIUM - Nape of neck Hair removal</span>\"
    \"<span class=sf-dump-key>parent_id</span>\" => <span class=sf-dump-num>14</span>
    \"<span class=sf-dump-key>slug</span>\" => \"<span class=sf-dump-str title=\"6 characters\">custom</span>\"
    \"<span class=sf-dump-key>complimentory</span>\" => <span class=sf-dump-num>0</span>
    \"<span class=sf-dump-key>duration</span>\" => \"<span class=sf-dump-str title=\"5 characters\">00:10</span>\"
    \"<span class=sf-dump-key>price</span>\" => <span class=sf-dump-num>3000.0</span>
    \"<span class=sf-dump-key>color</span>\" => \"<span class=sf-dump-str title=\"7 characters\">#9e6b6b</span>\"
    \"<span class=sf-dump-key>end_node</span>\" => <span class=sf-dump-num>1</span>
    \"<span class=sf-dump-key>active</span>\" => <span class=sf-dump-num>1</span>
  </samp>]
  <span class=sf-dump-key>125</span> => <span class=sf-dump-note>array:10</span> [<samp data-depth=2 class=sf-dump-compact>
    \"<span class=sf-dump-key>id</span>\" => <span class=sf-dump-num>125</span>
    \"<span class=sf-dump-key>name</span>\" => \"<span class=sf-dump-str title=\"46 characters\">&amp;nbsp;&amp;nbsp;&amp;nbsp;TITANIUM - Nose Hair removal</span>\"
    \"<span class=sf-dump-key>parent_id</span>\" => <span class=sf-dump-num>14</span>
    \"<span class=sf-dump-key>slug</span>\" => \"<span class=sf-dump-str title=\"6 characters\">custom</span>\"
    \"<span class=sf-dump-key>complimentory</span>\" => <span class=sf-dump-num>0</span>
    \"<span class=sf-dump-key>duration</span>\" => \"<span class=sf-dump-str title=\"5 characters\">00:10</span>\"
    \"<span class=sf-dump-key>price</span>\" => <span class=sf-dump-num>2000.0</span>
    \"<span class=sf-dump-key>color</span>\" => \"<span class=sf-dump-str title=\"7 characters\">#4828bd</span>\"
    \"<span class=sf-dump-key>end_node</span>\" => <span class=sf-dump-num>1</span>
    \"<span class=sf-dump-key>active</span>\" => <span class=sf-dump-num>1</span>
  </samp>]
  <span class=sf-dump-key>41</span> => <span class=sf-dump-note>array:10</span> [<samp data-depth=2 class=sf-dump-compact>
    \"<span class=sf-dump-key>id</span>\" => <span class=sf-dump-num>41</span>
    \"<span class=sf-dump-key>name</span>\" => \"<span class=sf-dump-str title=\"51 characters\">&amp;nbsp;&amp;nbsp;&amp;nbsp;TITANIUM - Shoulders Hair removal</span>\"
    \"<span class=sf-dump-key>parent_id</span>\" => <span class=sf-dump-num>14</span>
    \"<span class=sf-dump-key>slug</span>\" => \"<span class=sf-dump-str title=\"6 characters\">custom</span>\"
    \"<span class=sf-dump-key>complimentory</span>\" => <span class=sf-dump-num>0</span>
    \"<span class=sf-dump-key>duration</span>\" => \"<span class=sf-dump-str title=\"5 characters\">00:15</span>\"
    \"<span class=sf-dump-key>price</span>\" => <span class=sf-dump-num>5000.0</span>
    \"<span class=sf-dump-key>color</span>\" => \"<span class=sf-dump-str title=\"7 characters\">#a77b7b</span>\"
    \"<span class=sf-dump-key>end_node</span>\" => <span class=sf-dump-num>1</span>
    \"<span class=sf-dump-key>active</span>\" => <span class=sf-dump-num>1</span>
  </samp>]
  <span class=sf-dump-key>17</span> => <span class=sf-dump-note>array:10</span> [<samp data-depth=2 class=sf-dump-compact>
    \"<span class=sf-dump-key>id</span>\" => <span class=sf-dump-num>17</span>
    \"<span class=sf-dump-key>name</span>\" => \"<span class=sf-dump-str title=\"51 characters\">&amp;nbsp;&amp;nbsp;&amp;nbsp;TITANIUM - Sideburns Hair removal</span>\"
    \"<span class=sf-dump-key>parent_id</span>\" => <span class=sf-dump-num>14</span>
    \"<span class=sf-dump-key>slug</span>\" => \"<span class=sf-dump-str title=\"6 characters\">custom</span>\"
    \"<span class=sf-dump-key>complimentory</span>\" => <span class=sf-dump-num>0</span>
    \"<span class=sf-dump-key>duration</span>\" => \"<span class=sf-dump-str title=\"5 characters\">00:10</span>\"
    \"<span class=sf-dump-key>price</span>\" => <span class=sf-dump-num>2000.0</span>
    \"<span class=sf-dump-key>color</span>\" => \"<span class=sf-dump-str title=\"7 characters\">#c67676</span>\"
    \"<span class=sf-dump-key>end_node</span>\" => <span class=sf-dump-num>1</span>
    \"<span class=sf-dump-key>active</span>\" => <span class=sf-dump-num>1</span>
  </samp>]
  <span class=sf-dump-key>39</span> => <span class=sf-dump-note>array:10</span> [<samp data-depth=2 class=sf-dump-compact>
    \"<span class=sf-dump-key>id</span>\" => <span class=sf-dump-num>39</span>
    \"<span class=sf-dump-key>name</span>\" => \"<span class=sf-dump-str title=\"49 characters\">&amp;nbsp;&amp;nbsp;&amp;nbsp;TITANIUM - Sternum Hair removal</span>\"
    \"<span class=sf-dump-key>parent_id</span>\" => <span class=sf-dump-num>14</span>
    \"<span class=sf-dump-key>slug</span>\" => \"<span class=sf-dump-str title=\"6 characters\">custom</span>\"
    \"<span class=sf-dump-key>complimentory</span>\" => <span class=sf-dump-num>0</span>
    \"<span class=sf-dump-key>duration</span>\" => \"<span class=sf-dump-str title=\"5 characters\">00:10</span>\"
    \"<span class=sf-dump-key>price</span>\" => <span class=sf-dump-num>2500.0</span>
    \"<span class=sf-dump-key>color</span>\" => \"<span class=sf-dump-str title=\"7 characters\">#ca7d7d</span>\"
    \"<span class=sf-dump-key>end_node</span>\" => <span class=sf-dump-num>1</span>
    \"<span class=sf-dump-key>active</span>\" => <span class=sf-dump-num>1</span>
  </samp>]
  <span class=sf-dump-key>24</span> => <span class=sf-dump-note>array:10</span> [<samp data-depth=2 class=sf-dump-compact>
    \"<span class=sf-dump-key>id</span>\" => <span class=sf-dump-num>24</span>
    \"<span class=sf-dump-key>name</span>\" => \"<span class=sf-dump-str title=\"61 characters\">&amp;nbsp;&amp;nbsp;&amp;nbsp;TITANIUM - Underarms / armpits Hair removal</span>\"
    \"<span class=sf-dump-key>parent_id</span>\" => <span class=sf-dump-num>14</span>
    \"<span class=sf-dump-key>slug</span>\" => \"<span class=sf-dump-str title=\"6 characters\">custom</span>\"
    \"<span class=sf-dump-key>complimentory</span>\" => <span class=sf-dump-num>0</span>
    \"<span class=sf-dump-key>duration</span>\" => \"<span class=sf-dump-str title=\"5 characters\">00:20</span>\"
    \"<span class=sf-dump-key>price</span>\" => <span class=sf-dump-num>5000.0</span>
    \"<span class=sf-dump-key>color</span>\" => \"<span class=sf-dump-str title=\"7 characters\">#cc7171</span>\"
    \"<span class=sf-dump-key>end_node</span>\" => <span class=sf-dump-num>1</span>
    \"<span class=sf-dump-key>active</span>\" => <span class=sf-dump-num>1</span>
  </samp>]
  <span class=sf-dump-key>126</span> => <span class=sf-dump-note>array:10</span> [<samp data-depth=2 class=sf-dump-compact>
    \"<span class=sf-dump-key>id</span>\" => <span class=sf-dump-num>126</span>
    \"<span class=sf-dump-key>name</span>\" => \"<span class=sf-dump-str title=\"49 characters\">&amp;nbsp;&amp;nbsp;&amp;nbsp;TITANIUM - Unibrow Hair removal</span>\"
    \"<span class=sf-dump-key>parent_id</span>\" => <span class=sf-dump-num>14</span>
    \"<span class=sf-dump-key>slug</span>\" => \"<span class=sf-dump-str title=\"6 characters\">custom</span>\"
    \"<span class=sf-dump-key>complimentory</span>\" => <span class=sf-dump-num>0</span>
    \"<span class=sf-dump-key>duration</span>\" => \"<span class=sf-dump-str title=\"5 characters\">00:10</span>\"
    \"<span class=sf-dump-key>price</span>\" => <span class=sf-dump-num>2000.0</span>
    \"<span class=sf-dump-key>color</span>\" => \"<span class=sf-dump-str title=\"7 characters\">#4335ac</span>\"
    \"<span class=sf-dump-key>end_node</span>\" => <span class=sf-dump-num>1</span>
    \"<span class=sf-dump-key>active</span>\" => <span class=sf-dump-num>1</span>
  </samp>]
  <span class=sf-dump-key>25</span> => <span class=sf-dump-note>array:10</span> [<samp data-depth=2 class=sf-dump-compact>
    \"<span class=sf-dump-key>id</span>\" => <span class=sf-dump-num>25</span>
    \"<span class=sf-dump-key>name</span>\" => \"<span class=sf-dump-str title=\"52 characters\">&amp;nbsp;&amp;nbsp;&amp;nbsp;TITANIUM - Upper arms Hair removal</span>\"
    \"<span class=sf-dump-key>parent_id</span>\" => <span class=sf-dump-num>14</span>
    \"<span class=sf-dump-key>slug</span>\" => \"<span class=sf-dump-str title=\"6 characters\">custom</span>\"
    \"<span class=sf-dump-key>complimentory</span>\" => <span class=sf-dump-num>0</span>
    \"<span class=sf-dump-key>duration</span>\" => \"<span class=sf-dump-str title=\"5 characters\">00:30</span>\"
    \"<span class=sf-dump-key>price</span>\" => <span class=sf-dump-num>6000.0</span>
    \"<span class=sf-dump-key>color</span>\" => \"<span class=sf-dump-str title=\"7 characters\">#aa6e6e</span>\"
    \"<span class=sf-dump-key>end_node</span>\" => <span class=sf-dump-num>1</span>
    \"<span class=sf-dump-key>active</span>\" => <span class=sf-dump-num>1</span>
  </samp>]
  <span class=sf-dump-key>42</span> => <span class=sf-dump-note>array:10</span> [<samp data-depth=2 class=sf-dump-compact>
    \"<span class=sf-dump-key>id</span>\" => <span class=sf-dump-num>42</span>
    \"<span class=sf-dump-key>name</span>\" => \"<span class=sf-dump-str title=\"52 characters\">&amp;nbsp;&amp;nbsp;&amp;nbsp;TITANIUM - Upper Back Hair removal</span>\"
    \"<span class=sf-dump-key>parent_id</span>\" => <span class=sf-dump-num>14</span>
    \"<span class=sf-dump-key>slug</span>\" => \"<span class=sf-dump-str title=\"6 characters\">custom</span>\"
    \"<span class=sf-dump-key>complimentory</span>\" => <span class=sf-dump-num>0</span>
    \"<span class=sf-dump-key>duration</span>\" => \"<span class=sf-dump-str title=\"5 characters\">00:20</span>\"
    \"<span class=sf-dump-key>price</span>\" => <span class=sf-dump-num>6000.0</span>
    \"<span class=sf-dump-key>color</span>\" => \"<span class=sf-dump-str title=\"7 characters\">#b87575</span>\"
    \"<span class=sf-dump-key>end_node</span>\" => <span class=sf-dump-num>1</span>
    \"<span class=sf-dump-key>active</span>\" => <span class=sf-dump-num>1</span>
  </samp>]
  <span class=sf-dump-key>127</span> => <span class=sf-dump-note>array:10</span> [<samp data-depth=2 class=sf-dump-compact>
    \"<span class=sf-dump-key>id</span>\" => <span class=sf-dump-num>127</span>
    \"<span class=sf-dump-key>name</span>\" => \"<span class=sf-dump-str title=\"78 characters\">&amp;nbsp;&amp;nbsp;&amp;nbsp;TITANIUM - Upper Body (face -&gt; Waistline) Laser Hair removal</span>\"
    \"<span class=sf-dump-key>parent_id</span>\" => <span class=sf-dump-num>14</span>
    \"<span class=sf-dump-key>slug</span>\" => \"<span class=sf-dump-str title=\"6 characters\">custom</span>\"
    \"<span class=sf-dump-key>complimentory</span>\" => <span class=sf-dump-num>0</span>
    \"<span class=sf-dump-key>duration</span>\" => \"<span class=sf-dump-str title=\"5 characters\">01:00</span>\"
    \"<span class=sf-dump-key>price</span>\" => <span class=sf-dump-num>20000.0</span>
    \"<span class=sf-dump-key>color</span>\" => \"<span class=sf-dump-str title=\"7 characters\">#d83b3b</span>\"
    \"<span class=sf-dump-key>end_node</span>\" => <span class=sf-dump-num>1</span>
    \"<span class=sf-dump-key>active</span>\" => <span class=sf-dump-num>1</span>
  </samp>]
  <span class=sf-dump-key>30</span> => <span class=sf-dump-note>array:10</span> [<samp data-depth=2 class=sf-dump-compact>
    \"<span class=sf-dump-key>id</span>\" => <span class=sf-dump-num>30</span>
    \"<span class=sf-dump-key>name</span>\" => \"<span class=sf-dump-str title=\"52 characters\">&amp;nbsp;&amp;nbsp;&amp;nbsp;TITANIUM - Upper legs Hair removal</span>\"
    \"<span class=sf-dump-key>parent_id</span>\" => <span class=sf-dump-num>14</span>
    \"<span class=sf-dump-key>slug</span>\" => \"<span class=sf-dump-str title=\"6 characters\">custom</span>\"
    \"<span class=sf-dump-key>complimentory</span>\" => <span class=sf-dump-num>0</span>
    \"<span class=sf-dump-key>duration</span>\" => \"<span class=sf-dump-str title=\"5 characters\">00:30</span>\"
    \"<span class=sf-dump-key>price</span>\" => <span class=sf-dump-num>9000.0</span>
    \"<span class=sf-dump-key>color</span>\" => \"<span class=sf-dump-str title=\"7 characters\">#c99797</span>\"
    \"<span class=sf-dump-key>end_node</span>\" => <span class=sf-dump-num>1</span>
    \"<span class=sf-dump-key>active</span>\" => <span class=sf-dump-num>1</span>
  </samp>]
  <span class=sf-dump-key>15</span> => <span class=sf-dump-note>array:10</span> [<samp data-depth=2 class=sf-dump-compact>
    \"<span class=sf-dump-key>id</span>\" => <span class=sf-dump-num>15</span>
    \"<span class=sf-dump-key>name</span>\" => \"<span class=sf-dump-str title=\"52 characters\">&amp;nbsp;&amp;nbsp;&amp;nbsp;TITANIUM - Upper lips Hair removal</span>\"
    \"<span class=sf-dump-key>parent_id</span>\" => <span class=sf-dump-num>14</span>
    \"<span class=sf-dump-key>slug</span>\" => \"<span class=sf-dump-str title=\"6 characters\">custom</span>\"
    \"<span class=sf-dump-key>complimentory</span>\" => <span class=sf-dump-num>0</span>
    \"<span class=sf-dump-key>duration</span>\" => \"<span class=sf-dump-str title=\"5 characters\">00:05</span>\"
    \"<span class=sf-dump-key>price</span>\" => <span class=sf-dump-num>2000.0</span>
    \"<span class=sf-dump-key>color</span>\" => \"<span class=sf-dump-str title=\"7 characters\">#dcea71</span>\"
    \"<span class=sf-dump-key>end_node</span>\" => <span class=sf-dump-num>1</span>
    \"<span class=sf-dump-key>active</span>\" => <span class=sf-dump-num>1</span>
  </samp>]
  <span class=sf-dump-key>-137</span> => <span class=sf-dump-note>array:10</span> [<samp data-depth=2 class=sf-dump-compact>
    \"<span class=sf-dump-key>id</span>\" => <span class=sf-dump-num>137</span>
    \"<span class=sf-dump-key>name</span>\" => \"<span class=sf-dump-str title=\"23 characters\">Lifestyle and Nutrition</span>\"
    \"<span class=sf-dump-key>parent_id</span>\" => <span class=sf-dump-num>0</span>
    \"<span class=sf-dump-key>slug</span>\" => \"<span class=sf-dump-str title=\"6 characters\">custom</span>\"
    \"<span class=sf-dump-key>complimentory</span>\" => <span class=sf-dump-num>0</span>
    \"<span class=sf-dump-key>active</span>\" => <span class=sf-dump-num>1</span>
    \"<span class=sf-dump-key>duration</span>\" => \"<span class=sf-dump-str title=\"5 characters\">00:30</span>\"
    \"<span class=sf-dump-key>price</span>\" => <span class=sf-dump-num>0.0</span>
    \"<span class=sf-dump-key>color</span>\" => \"<span class=sf-dump-str title=\"7 characters\">#0bf95e</span>\"
    \"<span class=sf-dump-key>end_node</span>\" => <span class=sf-dump-num>0</span>
  </samp>]
  <span class=sf-dump-key>138</span> => <span class=sf-dump-note>array:10</span> [<samp data-depth=2 class=sf-dump-compact>
    \"<span class=sf-dump-key>id</span>\" => <span class=sf-dump-num>138</span>
    \"<span class=sf-dump-key>name</span>\" => \"<span class=sf-dump-str title=\"40 characters\">&amp;nbsp;&amp;nbsp;&amp;nbsp;Lifestyle Consultation</span>\"
    \"<span class=sf-dump-key>parent_id</span>\" => <span class=sf-dump-num>137</span>
    \"<span class=sf-dump-key>slug</span>\" => \"<span class=sf-dump-str title=\"6 characters\">custom</span>\"
    \"<span class=sf-dump-key>complimentory</span>\" => <span class=sf-dump-num>0</span>
    \"<span class=sf-dump-key>duration</span>\" => \"<span class=sf-dump-str title=\"5 characters\">00:30</span>\"
    \"<span class=sf-dump-key>price</span>\" => <span class=sf-dump-num>2000.0</span>
    \"<span class=sf-dump-key>color</span>\" => \"<span class=sf-dump-str title=\"7 characters\">#04f12b</span>\"
    \"<span class=sf-dump-key>end_node</span>\" => <span class=sf-dump-num>1</span>
    \"<span class=sf-dump-key>active</span>\" => <span class=sf-dump-num>1</span>
  </samp>]
  <span class=sf-dump-key>-5</span> => <span class=sf-dump-note>array:10</span> [<samp data-depth=2 class=sf-dump-compact>
    \"<span class=sf-dump-key>id</span>\" => <span class=sf-dump-num>5</span>
    \"<span class=sf-dump-key>name</span>\" => \"<span class=sf-dump-str title=\"18 characters\">Minimally Invasive</span>\"
    \"<span class=sf-dump-key>parent_id</span>\" => <span class=sf-dump-num>0</span>
    \"<span class=sf-dump-key>slug</span>\" => \"<span class=sf-dump-str title=\"6 characters\">custom</span>\"
    \"<span class=sf-dump-key>complimentory</span>\" => <span class=sf-dump-num>0</span>
    \"<span class=sf-dump-key>active</span>\" => <span class=sf-dump-num>1</span>
    \"<span class=sf-dump-key>duration</span>\" => \"<span class=sf-dump-str title=\"5 characters\">00:30</span>\"
    \"<span class=sf-dump-key>price</span>\" => <span class=sf-dump-num>0.0</span>
    \"<span class=sf-dump-key>color</span>\" => \"<span class=sf-dump-str title=\"7 characters\">#d91212</span>\"
    \"<span class=sf-dump-key>end_node</span>\" => <span class=sf-dump-num>0</span>
  </samp>]
  <span class=sf-dump-key>100</span> => <span class=sf-dump-note>array:10</span> [<samp data-depth=2 class=sf-dump-compact>
    \"<span class=sf-dump-key>id</span>\" => <span class=sf-dump-num>100</span>
    \"<span class=sf-dump-key>name</span>\" => \"<span class=sf-dump-str title=\"34 characters\">&amp;nbsp;&amp;nbsp;&amp;nbsp;BOTOX - Crowfeet</span>\"
    \"<span class=sf-dump-key>parent_id</span>\" => <span class=sf-dump-num>5</span>
    \"<span class=sf-dump-key>slug</span>\" => \"<span class=sf-dump-str title=\"6 characters\">custom</span>\"
    \"<span class=sf-dump-key>complimentory</span>\" => <span class=sf-dump-num>0</span>
    \"<span class=sf-dump-key>duration</span>\" => \"<span class=sf-dump-str title=\"5 characters\">00:20</span>\"
    \"<span class=sf-dump-key>price</span>\" => <span class=sf-dump-num>15000.0</span>
    \"<span class=sf-dump-key>color</span>\" => \"<span class=sf-dump-str title=\"7 characters\">#e01f1f</span>\"
    \"<span class=sf-dump-key>end_node</span>\" => <span class=sf-dump-num>1</span>
    \"<span class=sf-dump-key>active</span>\" => <span class=sf-dump-num>0</span>
  </samp>]
  <span class=sf-dump-key>103</span> => <span class=sf-dump-note>array:10</span> [<samp data-depth=2 class=sf-dump-compact>
    \"<span class=sf-dump-key>id</span>\" => <span class=sf-dump-num>103</span>
    \"<span class=sf-dump-key>name</span>\" => \"<span class=sf-dump-str title=\"37 characters\">&amp;nbsp;&amp;nbsp;&amp;nbsp;BOTOX - Gummy smile</span>\"
    \"<span class=sf-dump-key>parent_id</span>\" => <span class=sf-dump-num>5</span>
    \"<span class=sf-dump-key>slug</span>\" => \"<span class=sf-dump-str title=\"6 characters\">custom</span>\"
    \"<span class=sf-dump-key>complimentory</span>\" => <span class=sf-dump-num>0</span>
    \"<span class=sf-dump-key>duration</span>\" => \"<span class=sf-dump-str title=\"5 characters\">00:30</span>\"
    \"<span class=sf-dump-key>price</span>\" => <span class=sf-dump-num>30000.0</span>
    \"<span class=sf-dump-key>color</span>\" => \"<span class=sf-dump-str title=\"7 characters\">#df1111</span>\"
    \"<span class=sf-dump-key>end_node</span>\" => <span class=sf-dump-num>1</span>
    \"<span class=sf-dump-key>active</span>\" => <span class=sf-dump-num>0</span>
  </samp>]
  <span class=sf-dump-key>105</span> => <span class=sf-dump-note>array:10</span> [<samp data-depth=2 class=sf-dump-compact>
    \"<span class=sf-dump-key>id</span>\" => <span class=sf-dump-num>105</span>
    \"<span class=sf-dump-key>name</span>\" => \"<span class=sf-dump-str title=\"49 characters\">&amp;nbsp;&amp;nbsp;&amp;nbsp;BOTOX - Hyperhidrosis (armpits)</span>\"
    \"<span class=sf-dump-key>parent_id</span>\" => <span class=sf-dump-num>5</span>
    \"<span class=sf-dump-key>slug</span>\" => \"<span class=sf-dump-str title=\"6 characters\">custom</span>\"
    \"<span class=sf-dump-key>complimentory</span>\" => <span class=sf-dump-num>0</span>
    \"<span class=sf-dump-key>duration</span>\" => \"<span class=sf-dump-str title=\"5 characters\">00:30</span>\"
    \"<span class=sf-dump-key>price</span>\" => <span class=sf-dump-num>30000.0</span>
    \"<span class=sf-dump-key>color</span>\" => \"<span class=sf-dump-str title=\"7 characters\">#d11515</span>\"
    \"<span class=sf-dump-key>end_node</span>\" => <span class=sf-dump-num>1</span>
    \"<span class=sf-dump-key>active</span>\" => <span class=sf-dump-num>0</span>
  </samp>]
  <span class=sf-dump-key>102</span> => <span class=sf-dump-note>array:10</span> [<samp data-depth=2 class=sf-dump-compact>
    \"<span class=sf-dump-key>id</span>\" => <span class=sf-dump-num>102</span>
    \"<span class=sf-dump-key>name</span>\" => \"<span class=sf-dump-str title=\"42 characters\">&amp;nbsp;&amp;nbsp;&amp;nbsp;BOTOX - Jaw augmentation</span>\"
    \"<span class=sf-dump-key>parent_id</span>\" => <span class=sf-dump-num>5</span>
    \"<span class=sf-dump-key>slug</span>\" => \"<span class=sf-dump-str title=\"6 characters\">custom</span>\"
    \"<span class=sf-dump-key>complimentory</span>\" => <span class=sf-dump-num>0</span>
    \"<span class=sf-dump-key>duration</span>\" => \"<span class=sf-dump-str title=\"5 characters\">00:30</span>\"
    \"<span class=sf-dump-key>price</span>\" => <span class=sf-dump-num>30000.0</span>
    \"<span class=sf-dump-key>color</span>\" => \"<span class=sf-dump-str title=\"7 characters\">#cb1010</span>\"
    \"<span class=sf-dump-key>end_node</span>\" => <span class=sf-dump-num>1</span>
    \"<span class=sf-dump-key>active</span>\" => <span class=sf-dump-num>0</span>
  </samp>]
  <span class=sf-dump-key>104</span> => <span class=sf-dump-note>array:10</span> [<samp data-depth=2 class=sf-dump-compact>
    \"<span class=sf-dump-key>id</span>\" => <span class=sf-dump-num>104</span>
    \"<span class=sf-dump-key>name</span>\" => \"<span class=sf-dump-str title=\"39 characters\">&amp;nbsp;&amp;nbsp;&amp;nbsp;BOTOX - Neck wrinkles</span>\"
    \"<span class=sf-dump-key>parent_id</span>\" => <span class=sf-dump-num>5</span>
    \"<span class=sf-dump-key>slug</span>\" => \"<span class=sf-dump-str title=\"6 characters\">custom</span>\"
    \"<span class=sf-dump-key>complimentory</span>\" => <span class=sf-dump-num>0</span>
    \"<span class=sf-dump-key>duration</span>\" => \"<span class=sf-dump-str title=\"5 characters\">00:30</span>\"
    \"<span class=sf-dump-key>price</span>\" => <span class=sf-dump-num>25000.0</span>
    \"<span class=sf-dump-key>color</span>\" => \"<span class=sf-dump-str title=\"7 characters\">#000000</span>\"
    \"<span class=sf-dump-key>end_node</span>\" => <span class=sf-dump-num>1</span>
    \"<span class=sf-dump-key>active</span>\" => <span class=sf-dump-num>0</span>
  </samp>]
  <span class=sf-dump-key>129</span> => <span class=sf-dump-note>array:10</span> [<samp data-depth=2 class=sf-dump-compact>
    \"<span class=sf-dump-key>id</span>\" => <span class=sf-dump-num>129</span>
    \"<span class=sf-dump-key>name</span>\" => \"<span class=sf-dump-str title=\"40 characters\">&amp;nbsp;&amp;nbsp;&amp;nbsp;BOTOX 100iu - Allergan</span>\"
    \"<span class=sf-dump-key>parent_id</span>\" => <span class=sf-dump-num>5</span>
    \"<span class=sf-dump-key>slug</span>\" => \"<span class=sf-dump-str title=\"6 characters\">custom</span>\"
    \"<span class=sf-dump-key>complimentory</span>\" => <span class=sf-dump-num>0</span>
    \"<span class=sf-dump-key>duration</span>\" => \"<span class=sf-dump-str title=\"5 characters\">00:30</span>\"
    \"<span class=sf-dump-key>price</span>\" => <span class=sf-dump-num>45000.0</span>
    \"<span class=sf-dump-key>color</span>\" => \"<span class=sf-dump-str title=\"7 characters\">#d21414</span>\"
    \"<span class=sf-dump-key>end_node</span>\" => <span class=sf-dump-num>1</span>
    \"<span class=sf-dump-key>active</span>\" => <span class=sf-dump-num>1</span>
  </samp>]
  <span class=sf-dump-key>101</span> => <span class=sf-dump-note>array:10</span> [<samp data-depth=2 class=sf-dump-compact>
    \"<span class=sf-dump-key>id</span>\" => <span class=sf-dump-num>101</span>
    \"<span class=sf-dump-key>name</span>\" => \"<span class=sf-dump-str title=\"38 characters\">&amp;nbsp;&amp;nbsp;&amp;nbsp;BOTOX 100iu - Korean</span>\"
    \"<span class=sf-dump-key>parent_id</span>\" => <span class=sf-dump-num>5</span>
    \"<span class=sf-dump-key>slug</span>\" => \"<span class=sf-dump-str title=\"6 characters\">custom</span>\"
    \"<span class=sf-dump-key>complimentory</span>\" => <span class=sf-dump-num>0</span>
    \"<span class=sf-dump-key>duration</span>\" => \"<span class=sf-dump-str title=\"5 characters\">00:20</span>\"
    \"<span class=sf-dump-key>price</span>\" => <span class=sf-dump-num>30000.0</span>
    \"<span class=sf-dump-key>color</span>\" => \"<span class=sf-dump-str title=\"7 characters\">#bc1a1a</span>\"
    \"<span class=sf-dump-key>end_node</span>\" => <span class=sf-dump-num>1</span>
    \"<span class=sf-dump-key>active</span>\" => <span class=sf-dump-num>1</span>
  </samp>]
  <span class=sf-dump-key>6</span> => <span class=sf-dump-note>array:10</span> [<samp data-depth=2 class=sf-dump-compact>
    \"<span class=sf-dump-key>id</span>\" => <span class=sf-dump-num>6</span>
    \"<span class=sf-dump-key>name</span>\" => \"<span class=sf-dump-str title=\"44 characters\">&amp;nbsp;&amp;nbsp;&amp;nbsp;Dermal Filler 1ml<span class=\"sf-dump-default\">\\t</span>- Korean</span>\"
    \"<span class=sf-dump-key>parent_id</span>\" => <span class=sf-dump-num>5</span>
    \"<span class=sf-dump-key>slug</span>\" => \"<span class=sf-dump-str title=\"6 characters\">custom</span>\"
    \"<span class=sf-dump-key>complimentory</span>\" => <span class=sf-dump-num>0</span>
    \"<span class=sf-dump-key>duration</span>\" => \"<span class=sf-dump-str title=\"5 characters\">00:30</span>\"
    \"<span class=sf-dump-key>price</span>\" => <span class=sf-dump-num>30000.0</span>
    \"<span class=sf-dump-key>color</span>\" => \"<span class=sf-dump-str title=\"7 characters\">#84c91d</span>\"
    \"<span class=sf-dump-key>end_node</span>\" => <span class=sf-dump-num>1</span>
    \"<span class=sf-dump-key>active</span>\" => <span class=sf-dump-num>1</span>
  </samp>]
  <span class=sf-dump-key>130</span> => <span class=sf-dump-note>array:10</span> [<samp data-depth=2 class=sf-dump-compact>
    \"<span class=sf-dump-key>id</span>\" => <span class=sf-dump-num>130</span>
    \"<span class=sf-dump-key>name</span>\" => \"<span class=sf-dump-str title=\"47 characters\">&amp;nbsp;&amp;nbsp;&amp;nbsp;Dermal Filler 1ml<span class=\"sf-dump-default\">\\t</span>- Restylane</span>\"
    \"<span class=sf-dump-key>parent_id</span>\" => <span class=sf-dump-num>5</span>
    \"<span class=sf-dump-key>slug</span>\" => \"<span class=sf-dump-str title=\"6 characters\">custom</span>\"
    \"<span class=sf-dump-key>complimentory</span>\" => <span class=sf-dump-num>0</span>
    \"<span class=sf-dump-key>duration</span>\" => \"<span class=sf-dump-str title=\"5 characters\">00:30</span>\"
    \"<span class=sf-dump-key>price</span>\" => <span class=sf-dump-num>45000.0</span>
    \"<span class=sf-dump-key>color</span>\" => \"<span class=sf-dump-str title=\"7 characters\">#3cbf22</span>\"
    \"<span class=sf-dump-key>end_node</span>\" => <span class=sf-dump-num>1</span>
    \"<span class=sf-dump-key>active</span>\" => <span class=sf-dump-num>1</span>
  </samp>]
  <span class=sf-dump-key>133</span> => <span class=sf-dump-note>array:10</span> [<samp data-depth=2 class=sf-dump-compact>
    \"<span class=sf-dump-key>id</span>\" => <span class=sf-dump-num>133</span>
    \"<span class=sf-dump-key>name</span>\" => \"<span class=sf-dump-str title=\"35 characters\">&amp;nbsp;&amp;nbsp;&amp;nbsp;PRP/PRF for Scalp</span>\"
    \"<span class=sf-dump-key>parent_id</span>\" => <span class=sf-dump-num>5</span>
    \"<span class=sf-dump-key>slug</span>\" => \"<span class=sf-dump-str title=\"6 characters\">custom</span>\"
    \"<span class=sf-dump-key>complimentory</span>\" => <span class=sf-dump-num>0</span>
    \"<span class=sf-dump-key>duration</span>\" => \"<span class=sf-dump-str title=\"5 characters\">00:45</span>\"
    \"<span class=sf-dump-key>price</span>\" => <span class=sf-dump-num>13000.0</span>
    \"<span class=sf-dump-key>color</span>\" => \"<span class=sf-dump-str title=\"7 characters\">#e12d2d</span>\"
    \"<span class=sf-dump-key>end_node</span>\" => <span class=sf-dump-num>1</span>
    \"<span class=sf-dump-key>active</span>\" => <span class=sf-dump-num>1</span>
  </samp>]
  <span class=sf-dump-key>98</span> => <span class=sf-dump-note>array:10</span> [<samp data-depth=2 class=sf-dump-compact>
    \"<span class=sf-dump-key>id</span>\" => <span class=sf-dump-num>98</span>
    \"<span class=sf-dump-key>name</span>\" => \"<span class=sf-dump-str title=\"42 characters\">&amp;nbsp;&amp;nbsp;&amp;nbsp;PRP/PRF+Biotin for Scalp</span>\"
    \"<span class=sf-dump-key>parent_id</span>\" => <span class=sf-dump-num>5</span>
    \"<span class=sf-dump-key>slug</span>\" => \"<span class=sf-dump-str title=\"6 characters\">custom</span>\"
    \"<span class=sf-dump-key>complimentory</span>\" => <span class=sf-dump-num>0</span>
    \"<span class=sf-dump-key>duration</span>\" => \"<span class=sf-dump-str title=\"5 characters\">00:40</span>\"
    \"<span class=sf-dump-key>price</span>\" => <span class=sf-dump-num>16000.0</span>
    \"<span class=sf-dump-key>color</span>\" => \"<span class=sf-dump-str title=\"7 characters\">#b90e0e</span>\"
    \"<span class=sf-dump-key>end_node</span>\" => <span class=sf-dump-num>1</span>
    \"<span class=sf-dump-key>active</span>\" => <span class=sf-dump-num>1</span>
  </samp>]
  <span class=sf-dump-key>114</span> => <span class=sf-dump-note>array:10</span> [<samp data-depth=2 class=sf-dump-compact>
    \"<span class=sf-dump-key>id</span>\" => <span class=sf-dump-num>114</span>
    \"<span class=sf-dump-key>name</span>\" => \"<span class=sf-dump-str title=\"46 characters\">&amp;nbsp;&amp;nbsp;&amp;nbsp;ULTRA V PCL Cog Thread (One)</span>\"
    \"<span class=sf-dump-key>parent_id</span>\" => <span class=sf-dump-num>5</span>
    \"<span class=sf-dump-key>slug</span>\" => \"<span class=sf-dump-str title=\"6 characters\">custom</span>\"
    \"<span class=sf-dump-key>complimentory</span>\" => <span class=sf-dump-num>0</span>
    \"<span class=sf-dump-key>duration</span>\" => \"<span class=sf-dump-str title=\"5 characters\">00:20</span>\"
    \"<span class=sf-dump-key>price</span>\" => <span class=sf-dump-num>20000.0</span>
    \"<span class=sf-dump-key>color</span>\" => \"<span class=sf-dump-str title=\"7 characters\">#000000</span>\"
    \"<span class=sf-dump-key>end_node</span>\" => <span class=sf-dump-num>1</span>
    \"<span class=sf-dump-key>active</span>\" => <span class=sf-dump-num>1</span>
  </samp>]
  <span class=sf-dump-key>99</span> => <span class=sf-dump-note>array:10</span> [<samp data-depth=2 class=sf-dump-compact>
    \"<span class=sf-dump-key>id</span>\" => <span class=sf-dump-num>99</span>
    \"<span class=sf-dump-key>name</span>\" => \"<span class=sf-dump-str title=\"47 characters\">&amp;nbsp;&amp;nbsp;&amp;nbsp;ULTRA V PCL Mono Thread (One)</span>\"
    \"<span class=sf-dump-key>parent_id</span>\" => <span class=sf-dump-num>5</span>
    \"<span class=sf-dump-key>slug</span>\" => \"<span class=sf-dump-str title=\"6 characters\">custom</span>\"
    \"<span class=sf-dump-key>complimentory</span>\" => <span class=sf-dump-num>0</span>
    \"<span class=sf-dump-key>duration</span>\" => \"<span class=sf-dump-str title=\"5 characters\">00:15</span>\"
    \"<span class=sf-dump-key>price</span>\" => <span class=sf-dump-num>5000.0</span>
    \"<span class=sf-dump-key>color</span>\" => \"<span class=sf-dump-str title=\"7 characters\">#24e08f</span>\"
    \"<span class=sf-dump-key>end_node</span>\" => <span class=sf-dump-num>1</span>
    \"<span class=sf-dump-key>active</span>\" => <span class=sf-dump-num>1</span>
  </samp>]
  <span class=sf-dump-key>115</span> => <span class=sf-dump-note>array:10</span> [<samp data-depth=2 class=sf-dump-compact>
    \"<span class=sf-dump-key>id</span>\" => <span class=sf-dump-num>115</span>
    \"<span class=sf-dump-key>name</span>\" => \"<span class=sf-dump-str title=\"46 characters\">&amp;nbsp;&amp;nbsp;&amp;nbsp;ULTRA V PDO Cog Thread (One)</span>\"
    \"<span class=sf-dump-key>parent_id</span>\" => <span class=sf-dump-num>5</span>
    \"<span class=sf-dump-key>slug</span>\" => \"<span class=sf-dump-str title=\"6 characters\">custom</span>\"
    \"<span class=sf-dump-key>complimentory</span>\" => <span class=sf-dump-num>0</span>
    \"<span class=sf-dump-key>duration</span>\" => \"<span class=sf-dump-str title=\"5 characters\">00:20</span>\"
    \"<span class=sf-dump-key>price</span>\" => <span class=sf-dump-num>15000.0</span>
    \"<span class=sf-dump-key>color</span>\" => \"<span class=sf-dump-str title=\"7 characters\">#554cd6</span>\"
    \"<span class=sf-dump-key>end_node</span>\" => <span class=sf-dump-num>1</span>
    \"<span class=sf-dump-key>active</span>\" => <span class=sf-dump-num>1</span>
  </samp>]
  <span class=sf-dump-key>97</span> => <span class=sf-dump-note>array:10</span> [<samp data-depth=2 class=sf-dump-compact>
    \"<span class=sf-dump-key>id</span>\" => <span class=sf-dump-num>97</span>
    \"<span class=sf-dump-key>name</span>\" => \"<span class=sf-dump-str title=\"40 characters\">&amp;nbsp;&amp;nbsp;&amp;nbsp;Vampire PRP/PRF Facial</span>\"
    \"<span class=sf-dump-key>parent_id</span>\" => <span class=sf-dump-num>5</span>
    \"<span class=sf-dump-key>slug</span>\" => \"<span class=sf-dump-str title=\"6 characters\">custom</span>\"
    \"<span class=sf-dump-key>complimentory</span>\" => <span class=sf-dump-num>0</span>
    \"<span class=sf-dump-key>duration</span>\" => \"<span class=sf-dump-str title=\"5 characters\">00:40</span>\"
    \"<span class=sf-dump-key>price</span>\" => <span class=sf-dump-num>13000.0</span>
    \"<span class=sf-dump-key>color</span>\" => \"<span class=sf-dump-str title=\"7 characters\">#ed1212</span>\"
    \"<span class=sf-dump-key>end_node</span>\" => <span class=sf-dump-num>1</span>
    \"<span class=sf-dump-key>active</span>\" => <span class=sf-dump-num>1</span>
  </samp>]
  <span class=sf-dump-key>-3</span> => <span class=sf-dump-note>array:10</span> [<samp data-depth=2 class=sf-dump-compact>
    \"<span class=sf-dump-key>id</span>\" => <span class=sf-dump-num>3</span>
    \"<span class=sf-dump-key>name</span>\" => \"<span class=sf-dump-str title=\"15 characters\">Skin Treatments</span>\"
    \"<span class=sf-dump-key>parent_id</span>\" => <span class=sf-dump-num>0</span>
    \"<span class=sf-dump-key>slug</span>\" => \"<span class=sf-dump-str title=\"6 characters\">custom</span>\"
    \"<span class=sf-dump-key>complimentory</span>\" => <span class=sf-dump-num>0</span>
    \"<span class=sf-dump-key>active</span>\" => <span class=sf-dump-num>1</span>
    \"<span class=sf-dump-key>duration</span>\" => \"<span class=sf-dump-str title=\"5 characters\">00:30</span>\"
    \"<span class=sf-dump-key>price</span>\" => <span class=sf-dump-num>0.0</span>
    \"<span class=sf-dump-key>color</span>\" => \"<span class=sf-dump-str title=\"7 characters\">#ee2bb0</span>\"
    \"<span class=sf-dump-key>end_node</span>\" => <span class=sf-dump-num>0</span>
  </samp>]
  <span class=sf-dump-key>107</span> => <span class=sf-dump-note>array:10</span> [<samp data-depth=2 class=sf-dump-compact>
    \"<span class=sf-dump-key>id</span>\" => <span class=sf-dump-num>107</span>
    \"<span class=sf-dump-key>name</span>\" => \"<span class=sf-dump-str title=\"44 characters\">&amp;nbsp;&amp;nbsp;&amp;nbsp;BB Glow Facial from Stayve</span>\"
    \"<span class=sf-dump-key>parent_id</span>\" => <span class=sf-dump-num>3</span>
    \"<span class=sf-dump-key>slug</span>\" => \"<span class=sf-dump-str title=\"6 characters\">custom</span>\"
    \"<span class=sf-dump-key>complimentory</span>\" => <span class=sf-dump-num>0</span>
    \"<span class=sf-dump-key>duration</span>\" => \"<span class=sf-dump-str title=\"5 characters\">00:30</span>\"
    \"<span class=sf-dump-key>price</span>\" => <span class=sf-dump-num>13000.0</span>
    \"<span class=sf-dump-key>color</span>\" => \"<span class=sf-dump-str title=\"7 characters\">#e1740e</span>\"
    \"<span class=sf-dump-key>end_node</span>\" => <span class=sf-dump-num>1</span>
    \"<span class=sf-dump-key>active</span>\" => <span class=sf-dump-num>1</span>
  </samp>]
  <span class=sf-dump-key>106</span> => <span class=sf-dump-note>array:10</span> [<samp data-depth=2 class=sf-dump-compact>
    \"<span class=sf-dump-key>id</span>\" => <span class=sf-dump-num>106</span>
    \"<span class=sf-dump-key>name</span>\" => \"<span class=sf-dump-str title=\"31 characters\">&amp;nbsp;&amp;nbsp;&amp;nbsp;Chemical Peel</span>\"
    \"<span class=sf-dump-key>parent_id</span>\" => <span class=sf-dump-num>3</span>
    \"<span class=sf-dump-key>slug</span>\" => \"<span class=sf-dump-str title=\"6 characters\">custom</span>\"
    \"<span class=sf-dump-key>complimentory</span>\" => <span class=sf-dump-num>0</span>
    \"<span class=sf-dump-key>duration</span>\" => \"<span class=sf-dump-str title=\"5 characters\">00:20</span>\"
    \"<span class=sf-dump-key>price</span>\" => <span class=sf-dump-num>5000.0</span>
    \"<span class=sf-dump-key>color</span>\" => \"<span class=sf-dump-str title=\"7 characters\">#cfd309</span>\"
    \"<span class=sf-dump-key>end_node</span>\" => <span class=sf-dump-num>1</span>
    \"<span class=sf-dump-key>active</span>\" => <span class=sf-dump-num>1</span>
  </samp>]
  <span class=sf-dump-key>112</span> => <span class=sf-dump-note>array:10</span> [<samp data-depth=2 class=sf-dump-compact>
    \"<span class=sf-dump-key>id</span>\" => <span class=sf-dump-num>112</span>
    \"<span class=sf-dump-key>name</span>\" => \"<span class=sf-dump-str title=\"38 characters\">&amp;nbsp;&amp;nbsp;&amp;nbsp;Deep Collagen Facial</span>\"
    \"<span class=sf-dump-key>parent_id</span>\" => <span class=sf-dump-num>3</span>
    \"<span class=sf-dump-key>slug</span>\" => \"<span class=sf-dump-str title=\"6 characters\">custom</span>\"
    \"<span class=sf-dump-key>complimentory</span>\" => <span class=sf-dump-num>0</span>
    \"<span class=sf-dump-key>duration</span>\" => \"<span class=sf-dump-str title=\"5 characters\">00:40</span>\"
    \"<span class=sf-dump-key>price</span>\" => <span class=sf-dump-num>8000.0</span>
    \"<span class=sf-dump-key>color</span>\" => \"<span class=sf-dump-str title=\"7 characters\">#462acf</span>\"
    \"<span class=sf-dump-key>end_node</span>\" => <span class=sf-dump-num>1</span>
    \"<span class=sf-dump-key>active</span>\" => <span class=sf-dump-num>1</span>
  </samp>]
  <span class=sf-dump-key>128</span> => <span class=sf-dump-note>array:10</span> [<samp data-depth=2 class=sf-dump-compact>
    \"<span class=sf-dump-key>id</span>\" => <span class=sf-dump-num>128</span>
    \"<span class=sf-dump-key>name</span>\" => \"<span class=sf-dump-str title=\"37 characters\">&amp;nbsp;&amp;nbsp;&amp;nbsp;Diamond Glow Facial</span>\"
    \"<span class=sf-dump-key>parent_id</span>\" => <span class=sf-dump-num>3</span>
    \"<span class=sf-dump-key>slug</span>\" => \"<span class=sf-dump-str title=\"6 characters\">custom</span>\"
    \"<span class=sf-dump-key>complimentory</span>\" => <span class=sf-dump-num>0</span>
    \"<span class=sf-dump-key>duration</span>\" => \"<span class=sf-dump-str title=\"5 characters\">00:40</span>\"
    \"<span class=sf-dump-key>price</span>\" => <span class=sf-dump-num>8000.0</span>
    \"<span class=sf-dump-key>color</span>\" => \"<span class=sf-dump-str title=\"7 characters\">#2abb56</span>\"
    \"<span class=sf-dump-key>end_node</span>\" => <span class=sf-dump-num>1</span>
    \"<span class=sf-dump-key>active</span>\" => <span class=sf-dump-num>1</span>
  </samp>]
  <span class=sf-dump-key>109</span> => <span class=sf-dump-note>array:10</span> [<samp data-depth=2 class=sf-dump-compact>
    \"<span class=sf-dump-key>id</span>\" => <span class=sf-dump-num>109</span>
    \"<span class=sf-dump-key>name</span>\" => \"<span class=sf-dump-str title=\"52 characters\">&amp;nbsp;&amp;nbsp;&amp;nbsp;Glutathione - Skin lightening Drip</span>\"
    \"<span class=sf-dump-key>parent_id</span>\" => <span class=sf-dump-num>3</span>
    \"<span class=sf-dump-key>slug</span>\" => \"<span class=sf-dump-str title=\"6 characters\">custom</span>\"
    \"<span class=sf-dump-key>complimentory</span>\" => <span class=sf-dump-num>0</span>
    \"<span class=sf-dump-key>duration</span>\" => \"<span class=sf-dump-str title=\"5 characters\">00:40</span>\"
    \"<span class=sf-dump-key>price</span>\" => <span class=sf-dump-num>10000.0</span>
    \"<span class=sf-dump-key>color</span>\" => \"<span class=sf-dump-str title=\"7 characters\">#e22c2c</span>\"
    \"<span class=sf-dump-key>end_node</span>\" => <span class=sf-dump-num>1</span>
    \"<span class=sf-dump-key>active</span>\" => <span class=sf-dump-num>1</span>
  </samp>]
  <span class=sf-dump-key>96</span> => <span class=sf-dump-note>array:10</span> [<samp data-depth=2 class=sf-dump-compact>
    \"<span class=sf-dump-key>id</span>\" => <span class=sf-dump-num>96</span>
    \"<span class=sf-dump-key>name</span>\" => \"<span class=sf-dump-str title=\"29 characters\">&amp;nbsp;&amp;nbsp;&amp;nbsp;Hydrafacial</span>\"
    \"<span class=sf-dump-key>parent_id</span>\" => <span class=sf-dump-num>3</span>
    \"<span class=sf-dump-key>slug</span>\" => \"<span class=sf-dump-str title=\"6 characters\">custom</span>\"
    \"<span class=sf-dump-key>complimentory</span>\" => <span class=sf-dump-num>0</span>
    \"<span class=sf-dump-key>duration</span>\" => \"<span class=sf-dump-str title=\"5 characters\">00:40</span>\"
    \"<span class=sf-dump-key>price</span>\" => <span class=sf-dump-num>8000.0</span>
    \"<span class=sf-dump-key>color</span>\" => \"<span class=sf-dump-str title=\"7 characters\">#23b83c</span>\"
    \"<span class=sf-dump-key>end_node</span>\" => <span class=sf-dump-num>1</span>
    \"<span class=sf-dump-key>active</span>\" => <span class=sf-dump-num>1</span>
  </samp>]
  <span class=sf-dump-key>134</span> => <span class=sf-dump-note>array:10</span> [<samp data-depth=2 class=sf-dump-compact>
    \"<span class=sf-dump-key>id</span>\" => <span class=sf-dump-num>134</span>
    \"<span class=sf-dump-key>name</span>\" => \"<span class=sf-dump-str title=\"45 characters\">&amp;nbsp;&amp;nbsp;&amp;nbsp;INFINI - Fractional RF Face</span>\"
    \"<span class=sf-dump-key>parent_id</span>\" => <span class=sf-dump-num>3</span>
    \"<span class=sf-dump-key>slug</span>\" => \"<span class=sf-dump-str title=\"6 characters\">custom</span>\"
    \"<span class=sf-dump-key>complimentory</span>\" => <span class=sf-dump-num>0</span>
    \"<span class=sf-dump-key>duration</span>\" => \"<span class=sf-dump-str title=\"5 characters\">00:30</span>\"
    \"<span class=sf-dump-key>price</span>\" => <span class=sf-dump-num>10000.0</span>
    \"<span class=sf-dump-key>color</span>\" => \"<span class=sf-dump-str title=\"7 characters\">#000000</span>\"
    \"<span class=sf-dump-key>end_node</span>\" => <span class=sf-dump-num>1</span>
    \"<span class=sf-dump-key>active</span>\" => <span class=sf-dump-num>1</span>
  </samp>]
  <span class=sf-dump-key>88</span> => <span class=sf-dump-note>array:10</span> [<samp data-depth=2 class=sf-dump-compact>
    \"<span class=sf-dump-key>id</span>\" => <span class=sf-dump-num>88</span>
    \"<span class=sf-dump-key>name</span>\" => \"<span class=sf-dump-str title=\"77 characters\">&amp;nbsp;&amp;nbsp;&amp;nbsp;INFINI - RF Microneedling (Stretch marks for One Body area)</span>\"
    \"<span class=sf-dump-key>parent_id</span>\" => <span class=sf-dump-num>3</span>
    \"<span class=sf-dump-key>slug</span>\" => \"<span class=sf-dump-str title=\"6 characters\">custom</span>\"
    \"<span class=sf-dump-key>complimentory</span>\" => <span class=sf-dump-num>0</span>
    \"<span class=sf-dump-key>duration</span>\" => \"<span class=sf-dump-str title=\"5 characters\">00:45</span>\"
    \"<span class=sf-dump-key>price</span>\" => <span class=sf-dump-num>20000.0</span>
    \"<span class=sf-dump-key>color</span>\" => \"<span class=sf-dump-str title=\"7 characters\">#12ce99</span>\"
    \"<span class=sf-dump-key>end_node</span>\" => <span class=sf-dump-num>1</span>
    \"<span class=sf-dump-key>active</span>\" => <span class=sf-dump-num>1</span>
  </samp>]
  <span class=sf-dump-key>93</span> => <span class=sf-dump-note>array:10</span> [<samp data-depth=2 class=sf-dump-compact>
    \"<span class=sf-dump-key>id</span>\" => <span class=sf-dump-num>93</span>
    \"<span class=sf-dump-key>name</span>\" => \"<span class=sf-dump-str title=\"73 characters\">&amp;nbsp;&amp;nbsp;&amp;nbsp;INFINI - RF Microneedling Arms (Stretch marks / Straie)</span>\"
    \"<span class=sf-dump-key>parent_id</span>\" => <span class=sf-dump-num>3</span>
    \"<span class=sf-dump-key>slug</span>\" => \"<span class=sf-dump-str title=\"6 characters\">custom</span>\"
    \"<span class=sf-dump-key>complimentory</span>\" => <span class=sf-dump-num>0</span>
    \"<span class=sf-dump-key>duration</span>\" => \"<span class=sf-dump-str title=\"5 characters\">00:25</span>\"
    \"<span class=sf-dump-key>price</span>\" => <span class=sf-dump-num>15000.0</span>
    \"<span class=sf-dump-key>color</span>\" => \"<span class=sf-dump-str title=\"7 characters\">#064b14</span>\"
    \"<span class=sf-dump-key>end_node</span>\" => <span class=sf-dump-num>1</span>
    \"<span class=sf-dump-key>active</span>\" => <span class=sf-dump-num>0</span>
  </samp>]
  <span class=sf-dump-key>92</span> => <span class=sf-dump-note>array:10</span> [<samp data-depth=2 class=sf-dump-compact>
    \"<span class=sf-dump-key>id</span>\" => <span class=sf-dump-num>92</span>
    \"<span class=sf-dump-key>name</span>\" => \"<span class=sf-dump-str title=\"75 characters\">&amp;nbsp;&amp;nbsp;&amp;nbsp;INFINI - RF Microneedling Breast (Stretch marks / Straie)</span>\"
    \"<span class=sf-dump-key>parent_id</span>\" => <span class=sf-dump-num>3</span>
    \"<span class=sf-dump-key>slug</span>\" => \"<span class=sf-dump-str title=\"6 characters\">custom</span>\"
    \"<span class=sf-dump-key>complimentory</span>\" => <span class=sf-dump-num>0</span>
    \"<span class=sf-dump-key>duration</span>\" => \"<span class=sf-dump-str title=\"5 characters\">00:30</span>\"
    \"<span class=sf-dump-key>price</span>\" => <span class=sf-dump-num>15000.0</span>
    \"<span class=sf-dump-key>color</span>\" => \"<span class=sf-dump-str title=\"7 characters\">#000000</span>\"
    \"<span class=sf-dump-key>end_node</span>\" => <span class=sf-dump-num>1</span>
    \"<span class=sf-dump-key>active</span>\" => <span class=sf-dump-num>0</span>
  </samp>]
  <span class=sf-dump-key>89</span> => <span class=sf-dump-note>array:10</span> [<samp data-depth=2 class=sf-dump-compact>
    \"<span class=sf-dump-key>id</span>\" => <span class=sf-dump-num>89</span>
    \"<span class=sf-dump-key>name</span>\" => \"<span class=sf-dump-str title=\"77 characters\">&amp;nbsp;&amp;nbsp;&amp;nbsp;INFINI - RF Microneedling Buttocks (Stretch marks / Straie)</span>\"
    \"<span class=sf-dump-key>parent_id</span>\" => <span class=sf-dump-num>3</span>
    \"<span class=sf-dump-key>slug</span>\" => \"<span class=sf-dump-str title=\"6 characters\">custom</span>\"
    \"<span class=sf-dump-key>complimentory</span>\" => <span class=sf-dump-num>0</span>
    \"<span class=sf-dump-key>duration</span>\" => \"<span class=sf-dump-str title=\"5 characters\">00:45</span>\"
    \"<span class=sf-dump-key>price</span>\" => <span class=sf-dump-num>15000.0</span>
    \"<span class=sf-dump-key>color</span>\" => \"<span class=sf-dump-str title=\"7 characters\">#0eaf54</span>\"
    \"<span class=sf-dump-key>end_node</span>\" => <span class=sf-dump-num>1</span>
    \"<span class=sf-dump-key>active</span>\" => <span class=sf-dump-num>0</span>
  </samp>]
  <span class=sf-dump-key>91</span> => <span class=sf-dump-note>array:10</span> [<samp data-depth=2 class=sf-dump-compact>
    \"<span class=sf-dump-key>id</span>\" => <span class=sf-dump-num>91</span>
    \"<span class=sf-dump-key>name</span>\" => \"<span class=sf-dump-str title=\"81 characters\">&amp;nbsp;&amp;nbsp;&amp;nbsp;INFINI - RF Microneedling Calf muscles (Stretch marks / Straie)</span>\"
    \"<span class=sf-dump-key>parent_id</span>\" => <span class=sf-dump-num>3</span>
    \"<span class=sf-dump-key>slug</span>\" => \"<span class=sf-dump-str title=\"6 characters\">custom</span>\"
    \"<span class=sf-dump-key>complimentory</span>\" => <span class=sf-dump-num>0</span>
    \"<span class=sf-dump-key>duration</span>\" => \"<span class=sf-dump-str title=\"5 characters\">00:30</span>\"
    \"<span class=sf-dump-key>price</span>\" => <span class=sf-dump-num>15000.0</span>
    \"<span class=sf-dump-key>color</span>\" => \"<span class=sf-dump-str title=\"7 characters\">#058f15</span>\"
    \"<span class=sf-dump-key>end_node</span>\" => <span class=sf-dump-num>1</span>
    \"<span class=sf-dump-key>active</span>\" => <span class=sf-dump-num>0</span>
  </samp>]
  <span class=sf-dump-key>52</span> => <span class=sf-dump-note>array:10</span> [<samp data-depth=2 class=sf-dump-compact>
    \"<span class=sf-dump-key>id</span>\" => <span class=sf-dump-num>52</span>
    \"<span class=sf-dump-key>name</span>\" => \"<span class=sf-dump-str title=\"48 characters\">&amp;nbsp;&amp;nbsp;&amp;nbsp;INFINI - RF Microneedling Face</span>\"
    \"<span class=sf-dump-key>parent_id</span>\" => <span class=sf-dump-num>3</span>
    \"<span class=sf-dump-key>slug</span>\" => \"<span class=sf-dump-str title=\"6 characters\">custom</span>\"
    \"<span class=sf-dump-key>complimentory</span>\" => <span class=sf-dump-num>0</span>
    \"<span class=sf-dump-key>duration</span>\" => \"<span class=sf-dump-str title=\"5 characters\">00:40</span>\"
    \"<span class=sf-dump-key>price</span>\" => <span class=sf-dump-num>18000.0</span>
    \"<span class=sf-dump-key>color</span>\" => \"<span class=sf-dump-str title=\"7 characters\">#000000</span>\"
    \"<span class=sf-dump-key>end_node</span>\" => <span class=sf-dump-num>1</span>
    \"<span class=sf-dump-key>active</span>\" => <span class=sf-dump-num>1</span>
  </samp>]
  <span class=sf-dump-key>87</span> => <span class=sf-dump-note>array:10</span> [<samp data-depth=2 class=sf-dump-compact>
    \"<span class=sf-dump-key>id</span>\" => <span class=sf-dump-num>87</span>
    \"<span class=sf-dump-key>name</span>\" => \"<span class=sf-dump-str title=\"55 characters\">&amp;nbsp;&amp;nbsp;&amp;nbsp;INFINI - RF Microneedling Face + Neck</span>\"
    \"<span class=sf-dump-key>parent_id</span>\" => <span class=sf-dump-num>3</span>
    \"<span class=sf-dump-key>slug</span>\" => \"<span class=sf-dump-str title=\"6 characters\">custom</span>\"
    \"<span class=sf-dump-key>complimentory</span>\" => <span class=sf-dump-num>0</span>
    \"<span class=sf-dump-key>duration</span>\" => \"<span class=sf-dump-str title=\"5 characters\">00:40</span>\"
    \"<span class=sf-dump-key>price</span>\" => <span class=sf-dump-num>20000.0</span>
    \"<span class=sf-dump-key>color</span>\" => \"<span class=sf-dump-str title=\"7 characters\">#bfe600</span>\"
    \"<span class=sf-dump-key>end_node</span>\" => <span class=sf-dump-num>1</span>
    \"<span class=sf-dump-key>active</span>\" => <span class=sf-dump-num>1</span>
  </samp>]
  <span class=sf-dump-key>90</span> => <span class=sf-dump-note>array:10</span> [<samp data-depth=2 class=sf-dump-compact>
    \"<span class=sf-dump-key>id</span>\" => <span class=sf-dump-num>90</span>
    \"<span class=sf-dump-key>name</span>\" => \"<span class=sf-dump-str title=\"75 characters\">&amp;nbsp;&amp;nbsp;&amp;nbsp;INFINI - RF Microneedling Thighs (Stretch marks / Straie)</span>\"
    \"<span class=sf-dump-key>parent_id</span>\" => <span class=sf-dump-num>3</span>
    \"<span class=sf-dump-key>slug</span>\" => \"<span class=sf-dump-str title=\"6 characters\">custom</span>\"
    \"<span class=sf-dump-key>complimentory</span>\" => <span class=sf-dump-num>0</span>
    \"<span class=sf-dump-key>duration</span>\" => \"<span class=sf-dump-str title=\"5 characters\">00:45</span>\"
    \"<span class=sf-dump-key>price</span>\" => <span class=sf-dump-num>20000.0</span>
    \"<span class=sf-dump-key>color</span>\" => \"<span class=sf-dump-str title=\"7 characters\">#0b9d15</span>\"
    \"<span class=sf-dump-key>end_node</span>\" => <span class=sf-dump-num>1</span>
    \"<span class=sf-dump-key>active</span>\" => <span class=sf-dump-num>0</span>
  </samp>]
  <span class=sf-dump-key>108</span> => <span class=sf-dump-note>array:10</span> [<samp data-depth=2 class=sf-dump-compact>
    \"<span class=sf-dump-key>id</span>\" => <span class=sf-dump-num>108</span>
    \"<span class=sf-dump-key>name</span>\" => \"<span class=sf-dump-str title=\"51 characters\">&amp;nbsp;&amp;nbsp;&amp;nbsp;Meso-Eye - Dark circles reduction</span>\"
    \"<span class=sf-dump-key>parent_id</span>\" => <span class=sf-dump-num>3</span>
    \"<span class=sf-dump-key>slug</span>\" => \"<span class=sf-dump-str title=\"6 characters\">custom</span>\"
    \"<span class=sf-dump-key>complimentory</span>\" => <span class=sf-dump-num>0</span>
    \"<span class=sf-dump-key>duration</span>\" => \"<span class=sf-dump-str title=\"5 characters\">00:20</span>\"
    \"<span class=sf-dump-key>price</span>\" => <span class=sf-dump-num>8000.0</span>
    \"<span class=sf-dump-key>color</span>\" => \"<span class=sf-dump-str title=\"7 characters\">#24bc36</span>\"
    \"<span class=sf-dump-key>end_node</span>\" => <span class=sf-dump-num>1</span>
    \"<span class=sf-dump-key>active</span>\" => <span class=sf-dump-num>1</span>
  </samp>]
  <span class=sf-dump-key>94</span> => <span class=sf-dump-note>array:10</span> [<samp data-depth=2 class=sf-dump-compact>
    \"<span class=sf-dump-key>id</span>\" => <span class=sf-dump-num>94</span>
    \"<span class=sf-dump-key>name</span>\" => \"<span class=sf-dump-str title=\"59 characters\">&amp;nbsp;&amp;nbsp;&amp;nbsp;Microneedling with Dermedics Serum - Face</span>\"
    \"<span class=sf-dump-key>parent_id</span>\" => <span class=sf-dump-num>3</span>
    \"<span class=sf-dump-key>slug</span>\" => \"<span class=sf-dump-str title=\"6 characters\">custom</span>\"
    \"<span class=sf-dump-key>complimentory</span>\" => <span class=sf-dump-num>0</span>
    \"<span class=sf-dump-key>duration</span>\" => \"<span class=sf-dump-str title=\"5 characters\">00:40</span>\"
    \"<span class=sf-dump-key>price</span>\" => <span class=sf-dump-num>12000.0</span>
    \"<span class=sf-dump-key>color</span>\" => \"<span class=sf-dump-str title=\"7 characters\">#0b5b2e</span>\"
    \"<span class=sf-dump-key>end_node</span>\" => <span class=sf-dump-num>1</span>
    \"<span class=sf-dump-key>active</span>\" => <span class=sf-dump-num>1</span>
  </samp>]
  <span class=sf-dump-key>95</span> => <span class=sf-dump-note>array:10</span> [<samp data-depth=2 class=sf-dump-compact>
    \"<span class=sf-dump-key>id</span>\" => <span class=sf-dump-num>95</span>
    \"<span class=sf-dump-key>name</span>\" => \"<span class=sf-dump-str title=\"66 characters\">&amp;nbsp;&amp;nbsp;&amp;nbsp;Microneedling with Dermedics Serum - Face + Neck</span>\"
    \"<span class=sf-dump-key>parent_id</span>\" => <span class=sf-dump-num>3</span>
    \"<span class=sf-dump-key>slug</span>\" => \"<span class=sf-dump-str title=\"6 characters\">custom</span>\"
    \"<span class=sf-dump-key>complimentory</span>\" => <span class=sf-dump-num>0</span>
    \"<span class=sf-dump-key>duration</span>\" => \"<span class=sf-dump-str title=\"5 characters\">00:45</span>\"
    \"<span class=sf-dump-key>price</span>\" => <span class=sf-dump-num>15000.0</span>
    \"<span class=sf-dump-key>color</span>\" => \"<span class=sf-dump-str title=\"7 characters\">#14730d</span>\"
    \"<span class=sf-dump-key>end_node</span>\" => <span class=sf-dump-num>1</span>
    \"<span class=sf-dump-key>active</span>\" => <span class=sf-dump-num>1</span>
  </samp>]
  <span class=sf-dump-key>84</span> => <span class=sf-dump-note>array:10</span> [<samp data-depth=2 class=sf-dump-compact>
    \"<span class=sf-dump-key>id</span>\" => <span class=sf-dump-num>84</span>
    \"<span class=sf-dump-key>name</span>\" => \"<span class=sf-dump-str title=\"62 characters\">&amp;nbsp;&amp;nbsp;&amp;nbsp;PICO LASER - Birthmarks Reduction 2x2 inches</span>\"
    \"<span class=sf-dump-key>parent_id</span>\" => <span class=sf-dump-num>3</span>
    \"<span class=sf-dump-key>slug</span>\" => \"<span class=sf-dump-str title=\"6 characters\">custom</span>\"
    \"<span class=sf-dump-key>complimentory</span>\" => <span class=sf-dump-num>0</span>
    \"<span class=sf-dump-key>duration</span>\" => \"<span class=sf-dump-str title=\"5 characters\">00:20</span>\"
    \"<span class=sf-dump-key>price</span>\" => <span class=sf-dump-num>7000.0</span>
    \"<span class=sf-dump-key>color</span>\" => \"<span class=sf-dump-str title=\"7 characters\">#69339e</span>\"
    \"<span class=sf-dump-key>end_node</span>\" => <span class=sf-dump-num>1</span>
    \"<span class=sf-dump-key>active</span>\" => <span class=sf-dump-num>0</span>
  </samp>]
  <span class=sf-dump-key>85</span> => <span class=sf-dump-note>array:10</span> [<samp data-depth=2 class=sf-dump-compact>
    \"<span class=sf-dump-key>id</span>\" => <span class=sf-dump-num>85</span>
    \"<span class=sf-dump-key>name</span>\" => \"<span class=sf-dump-str title=\"62 characters\">&amp;nbsp;&amp;nbsp;&amp;nbsp;PICO LASER - Birthmarks Reduction 3x3 inches</span>\"
    \"<span class=sf-dump-key>parent_id</span>\" => <span class=sf-dump-num>3</span>
    \"<span class=sf-dump-key>slug</span>\" => \"<span class=sf-dump-str title=\"6 characters\">custom</span>\"
    \"<span class=sf-dump-key>complimentory</span>\" => <span class=sf-dump-num>0</span>
    \"<span class=sf-dump-key>duration</span>\" => \"<span class=sf-dump-str title=\"5 characters\">00:25</span>\"
    \"<span class=sf-dump-key>price</span>\" => <span class=sf-dump-num>10000.0</span>
    \"<span class=sf-dump-key>color</span>\" => \"<span class=sf-dump-str title=\"7 characters\">#5e339e</span>\"
    \"<span class=sf-dump-key>end_node</span>\" => <span class=sf-dump-num>1</span>
    \"<span class=sf-dump-key>active</span>\" => <span class=sf-dump-num>0</span>
  </samp>]
  <span class=sf-dump-key>86</span> => <span class=sf-dump-note>array:10</span> [<samp data-depth=2 class=sf-dump-compact>
    \"<span class=sf-dump-key>id</span>\" => <span class=sf-dump-num>86</span>
    \"<span class=sf-dump-key>name</span>\" => \"<span class=sf-dump-str title=\"62 characters\">&amp;nbsp;&amp;nbsp;&amp;nbsp;PICO LASER - Birthmarks Reduction 4x4 inches</span>\"
    \"<span class=sf-dump-key>parent_id</span>\" => <span class=sf-dump-num>3</span>
    \"<span class=sf-dump-key>slug</span>\" => \"<span class=sf-dump-str title=\"6 characters\">custom</span>\"
    \"<span class=sf-dump-key>complimentory</span>\" => <span class=sf-dump-num>0</span>
    \"<span class=sf-dump-key>duration</span>\" => \"<span class=sf-dump-str title=\"5 characters\">00:30</span>\"
    \"<span class=sf-dump-key>price</span>\" => <span class=sf-dump-num>13000.0</span>
    \"<span class=sf-dump-key>color</span>\" => \"<span class=sf-dump-str title=\"7 characters\">#7023af</span>\"
    \"<span class=sf-dump-key>end_node</span>\" => <span class=sf-dump-num>1</span>
    \"<span class=sf-dump-key>active</span>\" => <span class=sf-dump-num>0</span>
  </samp>]
  <span class=sf-dump-key>51</span> => <span class=sf-dump-note>array:10</span> [<samp data-depth=2 class=sf-dump-compact>
    \"<span class=sf-dump-key>id</span>\" => <span class=sf-dump-num>51</span>
    \"<span class=sf-dump-key>name</span>\" => \"<span class=sf-dump-str title=\"48 characters\">&amp;nbsp;&amp;nbsp;&amp;nbsp;PICO LASER - Carbon laser peel</span>\"
    \"<span class=sf-dump-key>parent_id</span>\" => <span class=sf-dump-num>3</span>
    \"<span class=sf-dump-key>slug</span>\" => \"<span class=sf-dump-str title=\"6 characters\">custom</span>\"
    \"<span class=sf-dump-key>complimentory</span>\" => <span class=sf-dump-num>0</span>
    \"<span class=sf-dump-key>duration</span>\" => \"<span class=sf-dump-str title=\"5 characters\">00:30</span>\"
    \"<span class=sf-dump-key>price</span>\" => <span class=sf-dump-num>13000.0</span>
    \"<span class=sf-dump-key>color</span>\" => \"<span class=sf-dump-str title=\"7 characters\">#474bb3</span>\"
    \"<span class=sf-dump-key>end_node</span>\" => <span class=sf-dump-num>1</span>
    \"<span class=sf-dump-key>active</span>\" => <span class=sf-dump-num>1</span>
  </samp>]
  <span class=sf-dump-key>83</span> => <span class=sf-dump-note>array:10</span> [<samp data-depth=2 class=sf-dump-compact>
    \"<span class=sf-dump-key>id</span>\" => <span class=sf-dump-num>83</span>
    \"<span class=sf-dump-key>name</span>\" => \"<span class=sf-dump-str title=\"49 characters\">&amp;nbsp;&amp;nbsp;&amp;nbsp;PICO LASER - Feets rejuvenation</span>\"
    \"<span class=sf-dump-key>parent_id</span>\" => <span class=sf-dump-num>3</span>
    \"<span class=sf-dump-key>slug</span>\" => \"<span class=sf-dump-str title=\"6 characters\">custom</span>\"
    \"<span class=sf-dump-key>complimentory</span>\" => <span class=sf-dump-num>0</span>
    \"<span class=sf-dump-key>duration</span>\" => \"<span class=sf-dump-str title=\"5 characters\">00:30</span>\"
    \"<span class=sf-dump-key>price</span>\" => <span class=sf-dump-num>12000.0</span>
    \"<span class=sf-dump-key>color</span>\" => \"<span class=sf-dump-str title=\"7 characters\">#41258e</span>\"
    \"<span class=sf-dump-key>end_node</span>\" => <span class=sf-dump-num>1</span>
    \"<span class=sf-dump-key>active</span>\" => <span class=sf-dump-num>0</span>
  </samp>]
  <span class=sf-dump-key>82</span> => <span class=sf-dump-note>array:10</span> [<samp data-depth=2 class=sf-dump-compact>
    \"<span class=sf-dump-key>id</span>\" => <span class=sf-dump-num>82</span>
    \"<span class=sf-dump-key>name</span>\" => \"<span class=sf-dump-str title=\"49 characters\">&amp;nbsp;&amp;nbsp;&amp;nbsp;PICO LASER - Hands rejuvenation</span>\"
    \"<span class=sf-dump-key>parent_id</span>\" => <span class=sf-dump-num>3</span>
    \"<span class=sf-dump-key>slug</span>\" => \"<span class=sf-dump-str title=\"6 characters\">custom</span>\"
    \"<span class=sf-dump-key>complimentory</span>\" => <span class=sf-dump-num>0</span>
    \"<span class=sf-dump-key>duration</span>\" => \"<span class=sf-dump-str title=\"5 characters\">00:30</span>\"
    \"<span class=sf-dump-key>price</span>\" => <span class=sf-dump-num>10000.0</span>
    \"<span class=sf-dump-key>color</span>\" => \"<span class=sf-dump-str title=\"7 characters\">#532d9a</span>\"
    \"<span class=sf-dump-key>end_node</span>\" => <span class=sf-dump-num>1</span>
    \"<span class=sf-dump-key>active</span>\" => <span class=sf-dump-num>0</span>
  </samp>]
  <span class=sf-dump-key>79</span> => <span class=sf-dump-note>array:10</span> [<samp data-depth=2 class=sf-dump-compact>
    \"<span class=sf-dump-key>id</span>\" => <span class=sf-dump-num>79</span>
    \"<span class=sf-dump-key>name</span>\" => \"<span class=sf-dump-str title=\"72 characters\">&amp;nbsp;&amp;nbsp;&amp;nbsp;PICO LASER - Melasma, Hyper-Pigmentation, Spider Veins</span>\"
    \"<span class=sf-dump-key>parent_id</span>\" => <span class=sf-dump-num>3</span>
    \"<span class=sf-dump-key>slug</span>\" => \"<span class=sf-dump-str title=\"6 characters\">custom</span>\"
    \"<span class=sf-dump-key>complimentory</span>\" => <span class=sf-dump-num>0</span>
    \"<span class=sf-dump-key>duration</span>\" => \"<span class=sf-dump-str title=\"5 characters\">00:30</span>\"
    \"<span class=sf-dump-key>price</span>\" => <span class=sf-dump-num>16000.0</span>
    \"<span class=sf-dump-key>color</span>\" => \"<span class=sf-dump-str title=\"7 characters\">#28af37</span>\"
    \"<span class=sf-dump-key>end_node</span>\" => <span class=sf-dump-num>1</span>
    \"<span class=sf-dump-key>active</span>\" => <span class=sf-dump-num>0</span>
  </samp>]
  <span class=sf-dump-key>81</span> => <span class=sf-dump-note>array:10</span> [<samp data-depth=2 class=sf-dump-compact>
    \"<span class=sf-dump-key>id</span>\" => <span class=sf-dump-num>81</span>
    \"<span class=sf-dump-key>name</span>\" => \"<span class=sf-dump-str title=\"53 characters\">&amp;nbsp;&amp;nbsp;&amp;nbsp;PICO LASER - Skin lightening facial</span>\"
    \"<span class=sf-dump-key>parent_id</span>\" => <span class=sf-dump-num>3</span>
    \"<span class=sf-dump-key>slug</span>\" => \"<span class=sf-dump-str title=\"6 characters\">custom</span>\"
    \"<span class=sf-dump-key>complimentory</span>\" => <span class=sf-dump-num>0</span>
    \"<span class=sf-dump-key>duration</span>\" => \"<span class=sf-dump-str title=\"5 characters\">00:30</span>\"
    \"<span class=sf-dump-key>price</span>\" => <span class=sf-dump-num>12000.0</span>
    \"<span class=sf-dump-key>color</span>\" => \"<span class=sf-dump-str title=\"7 characters\">#252d9d</span>\"
    \"<span class=sf-dump-key>end_node</span>\" => <span class=sf-dump-num>1</span>
    \"<span class=sf-dump-key>active</span>\" => <span class=sf-dump-num>0</span>
  </samp>]
  <span class=sf-dump-key>76</span> => <span class=sf-dump-note>array:10</span> [<samp data-depth=2 class=sf-dump-compact>
    \"<span class=sf-dump-key>id</span>\" => <span class=sf-dump-num>76</span>
    \"<span class=sf-dump-key>name</span>\" => \"<span class=sf-dump-str title=\"39 characters\">&amp;nbsp;&amp;nbsp;&amp;nbsp;PICO LASER 2x2 inches</span>\"
    \"<span class=sf-dump-key>parent_id</span>\" => <span class=sf-dump-num>3</span>
    \"<span class=sf-dump-key>slug</span>\" => \"<span class=sf-dump-str title=\"6 characters\">custom</span>\"
    \"<span class=sf-dump-key>complimentory</span>\" => <span class=sf-dump-num>0</span>
    \"<span class=sf-dump-key>duration</span>\" => \"<span class=sf-dump-str title=\"5 characters\">00:20</span>\"
    \"<span class=sf-dump-key>price</span>\" => <span class=sf-dump-num>12000.0</span>
    \"<span class=sf-dump-key>color</span>\" => \"<span class=sf-dump-str title=\"7 characters\">#18862a</span>\"
    \"<span class=sf-dump-key>end_node</span>\" => <span class=sf-dump-num>1</span>
    \"<span class=sf-dump-key>active</span>\" => <span class=sf-dump-num>1</span>
  </samp>]
  <span class=sf-dump-key>77</span> => <span class=sf-dump-note>array:10</span> [<samp data-depth=2 class=sf-dump-compact>
    \"<span class=sf-dump-key>id</span>\" => <span class=sf-dump-num>77</span>
    \"<span class=sf-dump-key>name</span>\" => \"<span class=sf-dump-str title=\"39 characters\">&amp;nbsp;&amp;nbsp;&amp;nbsp;PICO LASER 3x3 inches</span>\"
    \"<span class=sf-dump-key>parent_id</span>\" => <span class=sf-dump-num>3</span>
    \"<span class=sf-dump-key>slug</span>\" => \"<span class=sf-dump-str title=\"6 characters\">custom</span>\"
    \"<span class=sf-dump-key>complimentory</span>\" => <span class=sf-dump-num>0</span>
    \"<span class=sf-dump-key>duration</span>\" => \"<span class=sf-dump-str title=\"5 characters\">00:20</span>\"
    \"<span class=sf-dump-key>price</span>\" => <span class=sf-dump-num>15000.0</span>
    \"<span class=sf-dump-key>color</span>\" => \"<span class=sf-dump-str title=\"7 characters\">#129752</span>\"
    \"<span class=sf-dump-key>end_node</span>\" => <span class=sf-dump-num>1</span>
    \"<span class=sf-dump-key>active</span>\" => <span class=sf-dump-num>1</span>
  </samp>]
  <span class=sf-dump-key>78</span> => <span class=sf-dump-note>array:10</span> [<samp data-depth=2 class=sf-dump-compact>
    \"<span class=sf-dump-key>id</span>\" => <span class=sf-dump-num>78</span>
    \"<span class=sf-dump-key>name</span>\" => \"<span class=sf-dump-str title=\"39 characters\">&amp;nbsp;&amp;nbsp;&amp;nbsp;PICO LASER 4x4 inches</span>\"
    \"<span class=sf-dump-key>parent_id</span>\" => <span class=sf-dump-num>3</span>
    \"<span class=sf-dump-key>slug</span>\" => \"<span class=sf-dump-str title=\"6 characters\">custom</span>\"
    \"<span class=sf-dump-key>complimentory</span>\" => <span class=sf-dump-num>0</span>
    \"<span class=sf-dump-key>duration</span>\" => \"<span class=sf-dump-str title=\"5 characters\">00:25</span>\"
    \"<span class=sf-dump-key>price</span>\" => <span class=sf-dump-num>18000.0</span>
    \"<span class=sf-dump-key>color</span>\" => \"<span class=sf-dump-str title=\"7 characters\">#11794c</span>\"
    \"<span class=sf-dump-key>end_node</span>\" => <span class=sf-dump-num>1</span>
    \"<span class=sf-dump-key>active</span>\" => <span class=sf-dump-num>1</span>
  </samp>]
  <span class=sf-dump-key>-135</span> => <span class=sf-dump-note>array:10</span> [<samp data-depth=2 class=sf-dump-compact>
    \"<span class=sf-dump-key>id</span>\" => <span class=sf-dump-num>135</span>
    \"<span class=sf-dump-key>name</span>\" => \"<span class=sf-dump-str title=\"8 characters\">Surgical</span>\"
    \"<span class=sf-dump-key>parent_id</span>\" => <span class=sf-dump-num>0</span>
    \"<span class=sf-dump-key>slug</span>\" => \"<span class=sf-dump-str title=\"6 characters\">custom</span>\"
    \"<span class=sf-dump-key>complimentory</span>\" => <span class=sf-dump-num>0</span>
    \"<span class=sf-dump-key>active</span>\" => <span class=sf-dump-num>1</span>
    \"<span class=sf-dump-key>duration</span>\" => \"<span class=sf-dump-str title=\"5 characters\">00:30</span>\"
    \"<span class=sf-dump-key>price</span>\" => <span class=sf-dump-num>0.0</span>
    \"<span class=sf-dump-key>color</span>\" => \"<span class=sf-dump-str title=\"7 characters\">#000000</span>\"
    \"<span class=sf-dump-key>end_node</span>\" => <span class=sf-dump-num>0</span>
  </samp>]
  <span class=sf-dump-key>139</span> => <span class=sf-dump-note>array:10</span> [<samp data-depth=2 class=sf-dump-compact>
    \"<span class=sf-dump-key>id</span>\" => <span class=sf-dump-num>139</span>
    \"<span class=sf-dump-key>name</span>\" => \"<span class=sf-dump-str title=\"30 characters\">&amp;nbsp;&amp;nbsp;&amp;nbsp;Fat Grafting</span>\"
    \"<span class=sf-dump-key>parent_id</span>\" => <span class=sf-dump-num>135</span>
    \"<span class=sf-dump-key>slug</span>\" => \"<span class=sf-dump-str title=\"6 characters\">custom</span>\"
    \"<span class=sf-dump-key>complimentory</span>\" => <span class=sf-dump-num>0</span>
    \"<span class=sf-dump-key>duration</span>\" => \"<span class=sf-dump-str title=\"5 characters\">01:00</span>\"
    \"<span class=sf-dump-key>price</span>\" => <span class=sf-dump-num>50000.0</span>
    \"<span class=sf-dump-key>color</span>\" => \"<span class=sf-dump-str title=\"7 characters\">#f5450a</span>\"
    \"<span class=sf-dump-key>end_node</span>\" => <span class=sf-dump-num>1</span>
    \"<span class=sf-dump-key>active</span>\" => <span class=sf-dump-num>1</span>
  </samp>]
  <span class=sf-dump-key>140</span> => <span class=sf-dump-note>array:10</span> [<samp data-depth=2 class=sf-dump-compact>
    \"<span class=sf-dump-key>id</span>\" => <span class=sf-dump-num>140</span>
    \"<span class=sf-dump-key>name</span>\" => \"<span class=sf-dump-str title=\"30 characters\">&amp;nbsp;&amp;nbsp;&amp;nbsp;Mole Removal</span>\"
    \"<span class=sf-dump-key>parent_id</span>\" => <span class=sf-dump-num>135</span>
    \"<span class=sf-dump-key>slug</span>\" => \"<span class=sf-dump-str title=\"6 characters\">custom</span>\"
    \"<span class=sf-dump-key>complimentory</span>\" => <span class=sf-dump-num>0</span>
    \"<span class=sf-dump-key>duration</span>\" => \"<span class=sf-dump-str title=\"5 characters\">00:30</span>\"
    \"<span class=sf-dump-key>price</span>\" => <span class=sf-dump-num>15000.0</span>
    \"<span class=sf-dump-key>color</span>\" => \"<span class=sf-dump-str title=\"7 characters\">#bd1414</span>\"
    \"<span class=sf-dump-key>end_node</span>\" => <span class=sf-dump-num>1</span>
    \"<span class=sf-dump-key>active</span>\" => <span class=sf-dump-num>1</span>
  </samp>]
  <span class=sf-dump-key>136</span> => <span class=sf-dump-note>array:10</span> [<samp data-depth=2 class=sf-dump-compact>
    \"<span class=sf-dump-key>id</span>\" => <span class=sf-dump-num>136</span>
    \"<span class=sf-dump-key>name</span>\" => \"<span class=sf-dump-str title=\"41 characters\">&amp;nbsp;&amp;nbsp;&amp;nbsp;Scar removal - Forehead</span>\"
    \"<span class=sf-dump-key>parent_id</span>\" => <span class=sf-dump-num>135</span>
    \"<span class=sf-dump-key>slug</span>\" => \"<span class=sf-dump-str title=\"6 characters\">custom</span>\"
    \"<span class=sf-dump-key>complimentory</span>\" => <span class=sf-dump-num>0</span>
    \"<span class=sf-dump-key>duration</span>\" => \"<span class=sf-dump-str title=\"5 characters\">01:00</span>\"
    \"<span class=sf-dump-key>price</span>\" => <span class=sf-dump-num>25000.0</span>
    \"<span class=sf-dump-key>color</span>\" => \"<span class=sf-dump-str title=\"7 characters\">#ab2121</span>\"
    \"<span class=sf-dump-key>end_node</span>\" => <span class=sf-dump-num>1</span>
    \"<span class=sf-dump-key>active</span>\" => <span class=sf-dump-num>1</span>
  </samp>]
</samp>]
</pre><script>Sfdump(\"sf-dump-438657627\", {\"maxDepth\":3,\"maxStringLength\":160})</script>
","users":"<pre class=sf-dump id=sf-dump-117340305 data-indent-pad=\"  \"><span class=sf-dump-note>array:41</span> [<samp data-depth=1 class=sf-dump-expanded>
  \"\" => \"<span class=sf-dump-str title=\"3 characters\">All</span>\"
  <span class=sf-dump-key>1</span> => \"<span class=sf-dump-str title=\"5 characters\">Admin</span>\"
  <span class=sf-dump-key>4</span> => \"<span class=sf-dump-str title=\"10 characters\">Syeda Saba</span>\"
  <span class=sf-dump-key>5</span> => \"<span class=sf-dump-str title=\"9 characters\">DHA - FDM</span>\"
  <span class=sf-dump-key>87</span> => \"<span class=sf-dump-str title=\"16 characters\">Zeeshan Jahangir</span>\"
  <span class=sf-dump-key>1116</span> => \"<span class=sf-dump-str title=\"9 characters\">FDM - BHD</span>\"
  <span class=sf-dump-key>1874</span> => \"<span class=sf-dump-str title=\"14 characters\">Omer Chuadhery</span>\"
  <span class=sf-dump-key>9591</span> => \"<span class=sf-dump-str title=\"16 characters\">Irfan Ahmed Khan</span>\"
  <span class=sf-dump-key>13403</span> => \"<span class=sf-dump-str title=\"18 characters\">Muhammad Ahmad Ali</span>\"
  <span class=sf-dump-key>13978</span> => \"<span class=sf-dump-str title=\"6 characters\">FDM-JT</span>\"
  <span class=sf-dump-key>20363</span> => \"<span class=sf-dump-str title=\"11 characters\">FDM Gulshan</span>\"
  <span class=sf-dump-key>20365</span> => \"<span class=sf-dump-str title=\"16 characters\">Mudassar Mehmood</span>\"
  <span class=sf-dump-key>27657</span> => \"<span class=sf-dump-str title=\"14 characters\">Mahnoor Waheed</span>\"
  <span class=sf-dump-key>7</span> => \"<span class=sf-dump-str title=\"5 characters\">Hasan</span>\"
  <span class=sf-dump-key>1728</span> => \"<span class=sf-dump-str title=\"17 characters\">Dr. Zarmeen Zehra</span>\"
  <span class=sf-dump-key>1842</span> => \"<span class=sf-dump-str title=\"16 characters\">Dr. Sajida Rahat</span>\"
  <span class=sf-dump-key>2985</span> => \"<span class=sf-dump-str title=\"17 characters\">Dr. Shakeela Aziz</span>\"
  <span class=sf-dump-key>4284</span> => \"<span class=sf-dump-str title=\"19 characters\">Dr. Natasha Artwani</span>\"
  <span class=sf-dump-key>5241</span> => \"<span class=sf-dump-str title=\"15 characters\">Muhammad Arshad</span>\"
  <span class=sf-dump-key>7287</span> => \"<span class=sf-dump-str title=\"15 characters\">Dr. Yusra Afzal</span>\"
  <span class=sf-dump-key>8460</span> => \"<span class=sf-dump-str title=\"18 characters\">Dr. Faryal Shareef</span>\"
  <span class=sf-dump-key>9179</span> => \"<span class=sf-dump-str title=\"17 characters\">Dr. Sohaib Yusufi</span>\"
  <span class=sf-dump-key>9697</span> => \"<span class=sf-dump-str title=\"16 characters\">Dr. Moeez Fatima</span>\"
  <span class=sf-dump-key>9698</span> => \"<span class=sf-dump-str title=\"17 characters\">Dr Junaid Rabbani</span>\"
  <span class=sf-dump-key>10295</span> => \"<span class=sf-dump-str title=\"18 characters\">Dr. Aneeta Jevtani</span>\"
  <span class=sf-dump-key>10725</span> => \"<span class=sf-dump-str title=\"16 characters\">Dr Andleeb Imran</span>\"
  <span class=sf-dump-key>11032</span> => \"<span class=sf-dump-str title=\"9 characters\">Dr. Hasan</span>\"
  <span class=sf-dump-key>11742</span> => \"<span class=sf-dump-str title=\"15 characters\">Dr Yusra Khalid</span>\"
  <span class=sf-dump-key>13696</span> => \"<span class=sf-dump-str title=\"17 characters\">Dr Mehroze Waseem</span>\"
  <span class=sf-dump-key>13698</span> => \"<span class=sf-dump-str title=\"20 characters\">Dr Taha Mahmood Khan</span>\"
  <span class=sf-dump-key>13701</span> => \"<span class=sf-dump-str title=\"17 characters\">Dr Maheen Sarfraz</span>\"
  <span class=sf-dump-key>13704</span> => \"<span class=sf-dump-str title=\"18 characters\">Dr Huma Akram Baig</span>\"
  <span class=sf-dump-key>17443</span> => \"<span class=sf-dump-str title=\"12 characters\">Dr Zara Noor</span>\"
  <span class=sf-dump-key>17661</span> => \"<span class=sf-dump-str title=\"15 characters\">Dr Arooj Khalid</span>\"
  <span class=sf-dump-key>18312</span> => \"<span class=sf-dump-str title=\"12 characters\">Dr Ume Rubab</span>\"
  <span class=sf-dump-key>18907</span> => \"<span class=sf-dump-str title=\"15 characters\">Dr Kanwal Jawad</span>\"
  <span class=sf-dump-key>20361</span> => \"<span class=sf-dump-str title=\"14 characters\">Dr Sana Mohsin</span>\"
  <span class=sf-dump-key>20362</span> => \"<span class=sf-dump-str title=\"15 characters\">Dr Zubiya Tunio</span>\"
  <span class=sf-dump-key>21549</span> => \"<span class=sf-dump-str title=\"13 characters\">Dr Rida Naeem</span>\"
  <span class=sf-dump-key>21721</span> => \"<span class=sf-dump-str title=\"15 characters\">Dr Sana Suleman</span>\"
  <span class=sf-dump-key>22985</span> => \"<span class=sf-dump-str title=\"20 characters\">Dr tamkeenat Mansoor</span>\"
</samp>]
</pre><script>Sfdump(\"sf-dump-117340305\", {\"maxDepth\":3,\"maxStringLength\":160})</script>
","appointment_types":"<pre class=sf-dump id=sf-dump-2002533431 data-indent-pad=\"  \"><span class=sf-dump-note>Illuminate\\Support\\Collection</span> {<a class=sf-dump-ref>#3319</a><samp data-depth=1 class=sf-dump-expanded>
  #<span class=sf-dump-protected title=\"Protected property\">items</span>: <span class=sf-dump-note>array:3</span> [<samp data-depth=2 class=sf-dump-compact>
    \"\" => \"<span class=sf-dump-str title=\"3 characters\">All</span>\"
    <span class=sf-dump-key>1</span> => \"<span class=sf-dump-str title=\"11 characters\">Consultancy</span>\"
    <span class=sf-dump-key>2</span> => \"<span class=sf-dump-str title=\"9 characters\">Treatment</span>\"
  </samp>]
  #<span class=sf-dump-protected title=\"Protected property\">escapeWhenCastingToString</span>: <span class=sf-dump-const>false</span>
</samp>}
</pre><script>Sfdump(\"sf-dump-2002533431\", {\"maxDepth\":3,\"maxStringLength\":160})</script>
","regions":"<pre class=sf-dump id=sf-dump-65123313 data-indent-pad=\"  \"><span class=sf-dump-note>Illuminate\\Support\\Collection</span> {<a class=sf-dump-ref>#3308</a><samp data-depth=1 class=sf-dump-expanded>
  #<span class=sf-dump-protected title=\"Protected property\">items</span>: <span class=sf-dump-note>array:2</span> [<samp data-depth=2 class=sf-dump-compact>
    \"\" => \"<span class=sf-dump-str title=\"3 characters\">All</span>\"
    <span class=sf-dump-key>4</span> => \"<span class=sf-dump-str title=\"12 characters\">South Region</span>\"
  </samp>]
  #<span class=sf-dump-protected title=\"Protected property\">escapeWhenCastingToString</span>: <span class=sf-dump-const>false</span>
</samp>}
</pre><script>Sfdump(\"sf-dump-65123313\", {\"maxDepth\":3,\"maxStringLength\":160})</script>
","locations_com":"<pre class=sf-dump id=sf-dump-151700012 data-indent-pad=\"  \"><span class=sf-dump-note>Illuminate\\Support\\Collection</span> {<a class=sf-dump-ref>#3325</a><samp data-depth=1 class=sf-dump-expanded>
  #<span class=sf-dump-protected title=\"Protected property\">items</span>: <span class=sf-dump-note>array:5</span> [<samp data-depth=2 class=sf-dump-compact>
    <span class=sf-dump-key>2</span> => \"<span class=sf-dump-str title=\"19 characters\">CUTERA, DHA Karachi</span>\"
    <span class=sf-dump-key>3</span> => \"<span class=sf-dump-str title=\"27 characters\">CUTERA, Bahadurabad Karachi</span>\"
    <span class=sf-dump-key>35</span> => \"<span class=sf-dump-str title=\"10 characters\">RED SIGNAL</span>\"
    <span class=sf-dump-key>46</span> => \"<span class=sf-dump-str title=\"26 characters\">CUTERA, Johar Town, Lahore</span>\"
    <span class=sf-dump-key>47</span> => \"<span class=sf-dump-str title=\"29 characters\">CUTERA, Gulshan/Johar Karachi</span>\"
  </samp>]
  #<span class=sf-dump-protected title=\"Protected property\">escapeWhenCastingToString</span>: <span class=sf-dump-const>false</span>
</samp>}
</pre><script>Sfdump(\"sf-dump-151700012\", {\"maxDepth\":3,\"maxStringLength\":160})</script>
","operators":"<pre class=sf-dump id=sf-dump-940565478 data-indent-pad=\"  \"><span class=sf-dump-note>Illuminate\\Support\\Collection</span> {<a class=sf-dump-ref>#3240</a><samp data-depth=1 class=sf-dump-expanded>
  #<span class=sf-dump-protected title=\"Protected property\">items</span>: <span class=sf-dump-note>array:29</span> [<samp data-depth=2 class=sf-dump-compact>
    \"\" => \"<span class=sf-dump-str title=\"3 characters\">All</span>\"
    <span class=sf-dump-key>7</span> => \"<span class=sf-dump-str title=\"5 characters\">Hasan</span>\"
    <span class=sf-dump-key>1728</span> => \"<span class=sf-dump-str title=\"17 characters\">Dr. Zarmeen Zehra</span>\"
    <span class=sf-dump-key>1842</span> => \"<span class=sf-dump-str title=\"16 characters\">Dr. Sajida Rahat</span>\"
    <span class=sf-dump-key>2985</span> => \"<span class=sf-dump-str title=\"17 characters\">Dr. Shakeela Aziz</span>\"
    <span class=sf-dump-key>4284</span> => \"<span class=sf-dump-str title=\"19 characters\">Dr. Natasha Artwani</span>\"
    <span class=sf-dump-key>5241</span> => \"<span class=sf-dump-str title=\"15 characters\">Muhammad Arshad</span>\"
    <span class=sf-dump-key>7287</span> => \"<span class=sf-dump-str title=\"15 characters\">Dr. Yusra Afzal</span>\"
    <span class=sf-dump-key>8460</span> => \"<span class=sf-dump-str title=\"18 characters\">Dr. Faryal Shareef</span>\"
    <span class=sf-dump-key>9179</span> => \"<span class=sf-dump-str title=\"17 characters\">Dr. Sohaib Yusufi</span>\"
    <span class=sf-dump-key>9697</span> => \"<span class=sf-dump-str title=\"16 characters\">Dr. Moeez Fatima</span>\"
    <span class=sf-dump-key>9698</span> => \"<span class=sf-dump-str title=\"17 characters\">Dr Junaid Rabbani</span>\"
    <span class=sf-dump-key>10295</span> => \"<span class=sf-dump-str title=\"18 characters\">Dr. Aneeta Jevtani</span>\"
    <span class=sf-dump-key>10725</span> => \"<span class=sf-dump-str title=\"16 characters\">Dr Andleeb Imran</span>\"
    <span class=sf-dump-key>11032</span> => \"<span class=sf-dump-str title=\"9 characters\">Dr. Hasan</span>\"
    <span class=sf-dump-key>11742</span> => \"<span class=sf-dump-str title=\"15 characters\">Dr Yusra Khalid</span>\"
    <span class=sf-dump-key>13696</span> => \"<span class=sf-dump-str title=\"17 characters\">Dr Mehroze Waseem</span>\"
    <span class=sf-dump-key>13698</span> => \"<span class=sf-dump-str title=\"20 characters\">Dr Taha Mahmood Khan</span>\"
    <span class=sf-dump-key>13701</span> => \"<span class=sf-dump-str title=\"17 characters\">Dr Maheen Sarfraz</span>\"
    <span class=sf-dump-key>13704</span> => \"<span class=sf-dump-str title=\"18 characters\">Dr Huma Akram Baig</span>\"
    <span class=sf-dump-key>17443</span> => \"<span class=sf-dump-str title=\"12 characters\">Dr Zara Noor</span>\"
    <span class=sf-dump-key>17661</span> => \"<span class=sf-dump-str title=\"15 characters\">Dr Arooj Khalid</span>\"
    <span class=sf-dump-key>18312</span> => \"<span class=sf-dump-str title=\"12 characters\">Dr Ume Rubab</span>\"
    <span class=sf-dump-key>18907</span> => \"<span class=sf-dump-str title=\"15 characters\">Dr Kanwal Jawad</span>\"
    <span class=sf-dump-key>20361</span> => \"<span class=sf-dump-str title=\"14 characters\">Dr Sana Mohsin</span>\"
    <span class=sf-dump-key>20362</span> => \"<span class=sf-dump-str title=\"15 characters\">Dr Zubiya Tunio</span>\"
    <span class=sf-dump-key>21549</span> => \"<span class=sf-dump-str title=\"13 characters\">Dr Rida Naeem</span>\"
    <span class=sf-dump-key>21721</span> => \"<span class=sf-dump-str title=\"15 characters\">Dr Sana Suleman</span>\"
    <span class=sf-dump-key>22985</span> => \"<span class=sf-dump-str title=\"20 characters\">Dr tamkeenat Mansoor</span>\"
  </samp>]
  #<span class=sf-dump-protected title=\"Protected property\">escapeWhenCastingToString</span>: <span class=sf-dump-const>false</span>
</samp>}
</pre><script>Sfdump(\"sf-dump-940565478\", {\"maxDepth\":3,\"maxStringLength\":160})</script>
","cities":"<pre class=sf-dump id=sf-dump-388384768 data-indent-pad=\"  \"><span class=sf-dump-note>Illuminate\\Support\\Collection</span> {<a class=sf-dump-ref>#3377</a><samp data-depth=1 class=sf-dump-expanded>
  #<span class=sf-dump-protected title=\"Protected property\">items</span>: <span class=sf-dump-note>array:13</span> [<samp data-depth=2 class=sf-dump-compact>
    \"\" => \"<span class=sf-dump-str title=\"11 characters\">Select City</span>\"
    <span class=sf-dump-key>1</span> => \"<span class=sf-dump-str title=\"6 characters\">Lahore</span>\"
    <span class=sf-dump-key>2</span> => \"<span class=sf-dump-str title=\"7 characters\">Karachi</span>\"
    <span class=sf-dump-key>3</span> => \"<span class=sf-dump-str title=\"9 characters\">Islamabad</span>\"
    <span class=sf-dump-key>4</span> => \"<span class=sf-dump-str title=\"8 characters\">Peshawar</span>\"
    <span class=sf-dump-key>6</span> => \"<span class=sf-dump-str title=\"10 characters\">Faisalabad</span>\"
    <span class=sf-dump-key>7</span> => \"<span class=sf-dump-str title=\"10 characters\">Gujranwala</span>\"
    <span class=sf-dump-key>8</span> => \"<span class=sf-dump-str title=\"6 characters\">Multan</span>\"
    <span class=sf-dump-key>9</span> => \"<span class=sf-dump-str title=\"9 characters\">Hyderabad</span>\"
    <span class=sf-dump-key>10</span> => \"<span class=sf-dump-str title=\"6 characters\">Quetta</span>\"
    <span class=sf-dump-key>14</span> => \"<span class=sf-dump-str title=\"7 characters\">Sialkot</span>\"
    <span class=sf-dump-key>57</span> => \"<span class=sf-dump-str title=\"10 characters\">Rawalpindi</span>\"
    <span class=sf-dump-key>66</span> => \"<span class=sf-dump-str title=\"14 characters\">Interior Sindh</span>\"
  </samp>]
  #<span class=sf-dump-protected title=\"Protected property\">escapeWhenCastingToString</span>: <span class=sf-dump-const>false</span>
</samp>}
</pre><script>Sfdump(\"sf-dump-388384768\", {\"maxDepth\":3,\"maxStringLength\":160})</script>
"}},"userId":1,"exception":"[object] (Facade\\Ignition\\Exceptions\\ViewException(code: 0): syntax error, unexpected token \"endif\", expecting end of file (View: /var/www/cutera-upgradation/resources/views/admin/reports/accountsalesreport/index.blade.php) at /var/www/cutera-upgradation/resources/views/admin/reports/accountsalesreport/index.blade.php:95)
[stacktrace]
#0 /var/www/cutera-upgradation/vendor/laravel/framework/src/Illuminate/Filesystem/Filesystem.php(108): Illuminate\\Filesystem\\Filesystem::Illuminate\\Filesystem\\{closure}()
#1 /var/www/cutera-upgradation/vendor/laravel/framework/src/Illuminate/View/Engines/PhpEngine.php(58): Illuminate\\Filesystem\\Filesystem->getRequire()
#2 /var/www/cutera-upgradation/vendor/laravel/framework/src/Illuminate/View/Engines/CompilerEngine.php(61): Illuminate\\View\\Engines\\PhpEngine->evaluatePath()
#3 /var/www/cutera-upgradation/vendor/facade/ignition/src/Views/Engines/CompilerEngine.php(37): Illuminate\\View\\Engines\\CompilerEngine->get()
#4 /var/www/cutera-upgradation/vendor/laravel/framework/src/Illuminate/View/View.php(139): Facade\\Ignition\\Views\\Engines\\CompilerEngine->get()
#5 /var/www/cutera-upgradation/vendor/laravel/framework/src/Illuminate/View/View.php(122): Illuminate\\View\\View->getContents()
#6 /var/www/cutera-upgradation/vendor/laravel/framework/src/Illuminate/View/View.php(91): Illuminate\\View\\View->renderContents()
#7 /var/www/cutera-upgradation/vendor/laravel/framework/src/Illuminate/Http/Response.php(69): Illuminate\\View\\View->render()
#8 /var/www/cutera-upgradation/vendor/laravel/framework/src/Illuminate/Http/Response.php(35): Illuminate\\Http\\Response->setContent()
#9 /var/www/cutera-upgradation/vendor/laravel/framework/src/Illuminate/Routing/Router.php(820): Illuminate\\Http\\Response->__construct()
#10 /var/www/cutera-upgradation/vendor/laravel/framework/src/Illuminate/Routing/Router.php(789): Illuminate\\Routing\\Router::toResponse()
#11 /var/www/cutera-upgradation/vendor/laravel/framework/src/Illuminate/Routing/Router.php(721): Illuminate\\Routing\\Router->prepareResponse()
#12 /var/www/cutera-upgradation/vendor/laravel/framework/src/Illuminate/Pipeline/Pipeline.php(128): Illuminate\\Routing\\Router->Illuminate\\Routing\\{closure}()
#13 /var/www/cutera-upgradation/app/Http/Middleware/CheckAccountStatus.php(20): Illuminate\\Pipeline\\Pipeline->Illuminate\\Pipeline\\{closure}()
#14 /var/www/cutera-upgradation/vendor/laravel/framework/src/Illuminate/Pipeline/Pipeline.php(167): App\\Http\\Middleware\\CheckAccountStatus->handle()
#15 /var/www/cutera-upgradation/app/Http/Middleware/AuthenticateApiWeb.php(24): Illuminate\\Pipeline\\Pipeline->Illuminate\\Pipeline\\{closure}()
#16 /var/www/cutera-upgradation/vendor/laravel/framework/src/Illuminate/Pipeline/Pipeline.php(167): App\\Http\\Middleware\\AuthenticateApiWeb->handle()
#17 /var/www/cutera-upgradation/vendor/laravel/framework/src/Illuminate/Routing/Middleware/SubstituteBindings.php(50): Illuminate\\Pipeline\\Pipeline->Illuminate\\Pipeline\\{closure}()
#18 /var/www/cutera-upgradation/vendor/laravel/framework/src/Illuminate/Pipeline/Pipeline.php(167): Illuminate\\Routing\\Middleware\\SubstituteBindings->handle()
#19 /var/www/cutera-upgradation/app/Http/Middleware/VerifyCsrfToken.php(32): Illuminate\\Pipeline\\Pipeline->Illuminate\\Pipeline\\{closure}()
#20 /var/www/cutera-upgradation/vendor/laravel/framework/src/Illuminate/Pipeline/Pipeline.php(167): App\\Http\\Middleware\\VerifyCsrfToken->handle()
#21 /var/www/cutera-upgradation/vendor/laravel/framework/src/Illuminate/View/Middleware/ShareErrorsFromSession.php(49): Illuminate\\Pipeline\\Pipeline->Illuminate\\Pipeline\\{closure}()
#22 /var/www/cutera-upgradation/vendor/laravel/framework/src/Illuminate/Pipeline/Pipeline.php(167): Illuminate\\View\\Middleware\\ShareErrorsFromSession->handle()
#23 /var/www/cutera-upgradation/vendor/laravel/framework/src/Illuminate/Session/Middleware/StartSession.php(121): Illuminate\\Pipeline\\Pipeline->Illuminate\\Pipeline\\{closure}()
#24 /var/www/cutera-upgradation/vendor/laravel/framework/src/Illuminate/Session/Middleware/StartSession.php(64): Illuminate\\Session\\Middleware\\StartSession->handleStatefulRequest()
#25 /var/www/cutera-upgradation/vendor/laravel/framework/src/Illuminate/Pipeline/Pipeline.php(167): Illuminate\\Session\\Middleware\\StartSession->handle()
#26 /var/www/cutera-upgradation/vendor/laravel/framework/src/Illuminate/Cookie/Middleware/AddQueuedCookiesToResponse.php(37): Illuminate\\Pipeline\\Pipeline->Illuminate\\Pipeline\\{closure}()
#27 /var/www/cutera-upgradation/vendor/laravel/framework/src/Illuminate/Pipeline/Pipeline.php(167): Illuminate\\Cookie\\Middleware\\AddQueuedCookiesToResponse->handle()
#28 /var/www/cutera-upgradation/vendor/laravel/framework/src/Illuminate/Cookie/Middleware/EncryptCookies.php(67): Illuminate\\Pipeline\\Pipeline->Illuminate\\Pipeline\\{closure}()
#29 /var/www/cutera-upgradation/vendor/laravel/framework/src/Illuminate/Pipeline/Pipeline.php(167): Illuminate\\Cookie\\Middleware\\EncryptCookies->handle()
#30 /var/www/cutera-upgradation/vendor/laravel/framework/src/Illuminate/Pipeline/Pipeline.php(103): Illuminate\\Pipeline\\Pipeline->Illuminate\\Pipeline\\{closure}()
#31 /var/www/cutera-upgradation/vendor/laravel/framework/src/Illuminate/Routing/Router.php(723): Illuminate\\Pipeline\\Pipeline->then()
#32 /var/www/cutera-upgradation/vendor/laravel/framework/src/Illuminate/Routing/Router.php(698): Illuminate\\Routing\\Router->runRouteWithinStack()
#33 /var/www/cutera-upgradation/vendor/laravel/framework/src/Illuminate/Routing/Router.php(662): Illuminate\\Routing\\Router->runRoute()
#34 /var/www/cutera-upgradation/vendor/laravel/framework/src/Illuminate/Routing/Router.php(651): Illuminate\\Routing\\Router->dispatchToRoute()
#35 /var/www/cutera-upgradation/vendor/laravel/framework/src/Illuminate/Foundation/Http/Kernel.php(167): Illuminate\\Routing\\Router->dispatch()
#36 /var/www/cutera-upgradation/vendor/laravel/framework/src/Illuminate/Pipeline/Pipeline.php(128): Illuminate\\Foundation\\Http\\Kernel->Illuminate\\Foundation\\Http\\{closure}()
#37 /var/www/cutera-upgradation/vendor/laravel/framework/src/Illuminate/Foundation/Http/Middleware/TransformsRequest.php(21): Illuminate\\Pipeline\\Pipeline->Illuminate\\Pipeline\\{closure}()
#38 /var/www/cutera-upgradation/vendor/laravel/framework/src/Illuminate/Foundation/Http/Middleware/ConvertEmptyStringsToNull.php(31): Illuminate\\Foundation\\Http\\Middleware\\TransformsRequest->handle()
#39 /var/www/cutera-upgradation/vendor/laravel/framework/src/Illuminate/Pipeline/Pipeline.php(167): Illuminate\\Foundation\\Http\\Middleware\\ConvertEmptyStringsToNull->handle()
#40 /var/www/cutera-upgradation/vendor/laravel/framework/src/Illuminate/Foundation/Http/Middleware/TransformsRequest.php(21): Illuminate\\Pipeline\\Pipeline->Illuminate\\Pipeline\\{closure}()
#41 /var/www/cutera-upgradation/vendor/laravel/framework/src/Illuminate/Foundation/Http/Middleware/TrimStrings.php(40): Illuminate\\Foundation\\Http\\Middleware\\TransformsRequest->handle()
#42 /var/www/cutera-upgradation/vendor/laravel/framework/src/Illuminate/Pipeline/Pipeline.php(167): Illuminate\\Foundation\\Http\\Middleware\\TrimStrings->handle()
#43 /var/www/cutera-upgradation/vendor/laravel/framework/src/Illuminate/Foundation/Http/Middleware/ValidatePostSize.php(27): Illuminate\\Pipeline\\Pipeline->Illuminate\\Pipeline\\{closure}()
#44 /var/www/cutera-upgradation/vendor/laravel/framework/src/Illuminate/Pipeline/Pipeline.php(167): Illuminate\\Foundation\\Http\\Middleware\\ValidatePostSize->handle()
#45 /var/www/cutera-upgradation/vendor/laravel/framework/src/Illuminate/Foundation/Http/Middleware/PreventRequestsDuringMaintenance.php(86): Illuminate\\Pipeline\\Pipeline->Illuminate\\Pipeline\\{closure}()
#46 /var/www/cutera-upgradation/vendor/laravel/framework/src/Illuminate/Pipeline/Pipeline.php(167): Illuminate\\Foundation\\Http\\Middleware\\PreventRequestsDuringMaintenance->handle()
#47 /var/www/cutera-upgradation/vendor/fruitcake/laravel-cors/src/HandleCors.php(38): Illuminate\\Pipeline\\Pipeline->Illuminate\\Pipeline\\{closure}()
#48 /var/www/cutera-upgradation/vendor/laravel/framework/src/Illuminate/Pipeline/Pipeline.php(167): Fruitcake\\Cors\\HandleCors->handle()
#49 /var/www/cutera-upgradation/vendor/laravel/framework/src/Illuminate/Http/Middleware/TrustProxies.php(39): Illuminate\\Pipeline\\Pipeline->Illuminate\\Pipeline\\{closure}()
#50 /var/www/cutera-upgradation/vendor/laravel/framework/src/Illuminate/Pipeline/Pipeline.php(167): Illuminate\\Http\\Middleware\\TrustProxies->handle()
#51 /var/www/cutera-upgradation/vendor/laravel/framework/src/Illuminate/Pipeline/Pipeline.php(103): Illuminate\\Pipeline\\Pipeline->Illuminate\\Pipeline\\{closure}()
#52 /var/www/cutera-upgradation/vendor/laravel/framework/src/Illuminate/Foundation/Http/Kernel.php(142): Illuminate\\Pipeline\\Pipeline->then()
#53 /var/www/cutera-upgradation/vendor/laravel/framework/src/Illuminate/Foundation/Http/Kernel.php(111): Illuminate\\Foundation\\Http\\Kernel->sendRequestThroughRouter()
#54 /var/www/cutera-upgradation/public/index.php(52): Illuminate\\Foundation\\Http\\Kernel->handle()
#55 {main}

[previous exception] [object] (ParseError(code: 0): syntax error, unexpected token \"endif\", expecting end of file at /var/www/cutera-upgradation/storage/framework/views/aaad51c52fb5a9c16c6271a57f54fe8c231275f1.php:95)
[stacktrace]
#0 /var/www/cutera-upgradation/vendor/laravel/framework/src/Illuminate/Filesystem/Filesystem.php(108): Illuminate\\Filesystem\\Filesystem::Illuminate\\Filesystem\\{closure}()
#1 /var/www/cutera-upgradation/vendor/laravel/framework/src/Illuminate/View/Engines/PhpEngine.php(58): Illuminate\\Filesystem\\Filesystem->getRequire()
#2 /var/www/cutera-upgradation/vendor/laravel/framework/src/Illuminate/View/Engines/CompilerEngine.php(61): Illuminate\\View\\Engines\\PhpEngine->evaluatePath()
#3 /var/www/cutera-upgradation/vendor/facade/ignition/src/Views/Engines/CompilerEngine.php(37): Illuminate\\View\\Engines\\CompilerEngine->get()
#4 /var/www/cutera-upgradation/vendor/laravel/framework/src/Illuminate/View/View.php(139): Facade\\Ignition\\Views\\Engines\\CompilerEngine->get()
#5 /var/www/cutera-upgradation/vendor/laravel/framework/src/Illuminate/View/View.php(122): Illuminate\\View\\View->getContents()
#6 /var/www/cutera-upgradation/vendor/laravel/framework/src/Illuminate/View/View.php(91): Illuminate\\View\\View->renderContents()
#7 /var/www/cutera-upgradation/vendor/laravel/framework/src/Illuminate/Http/Response.php(69): Illuminate\\View\\View->render()
#8 /var/www/cutera-upgradation/vendor/laravel/framework/src/Illuminate/Http/Response.php(35): Illuminate\\Http\\Response->setContent()
#9 /var/www/cutera-upgradation/vendor/laravel/framework/src/Illuminate/Routing/Router.php(820): Illuminate\\Http\\Response->__construct()
#10 /var/www/cutera-upgradation/vendor/laravel/framework/src/Illuminate/Routing/Router.php(789): Illuminate\\Routing\\Router::toResponse()
#11 /var/www/cutera-upgradation/vendor/laravel/framework/src/Illuminate/Routing/Router.php(721): Illuminate\\Routing\\Router->prepareResponse()
#12 /var/www/cutera-upgradation/vendor/laravel/framework/src/Illuminate/Pipeline/Pipeline.php(128): Illuminate\\Routing\\Router->Illuminate\\Routing\\{closure}()
#13 /var/www/cutera-upgradation/app/Http/Middleware/CheckAccountStatus.php(20): Illuminate\\Pipeline\\Pipeline->Illuminate\\Pipeline\\{closure}()
#14 /var/www/cutera-upgradation/vendor/laravel/framework/src/Illuminate/Pipeline/Pipeline.php(167): App\\Http\\Middleware\\CheckAccountStatus->handle()
#15 /var/www/cutera-upgradation/app/Http/Middleware/AuthenticateApiWeb.php(24): Illuminate\\Pipeline\\Pipeline->Illuminate\\Pipeline\\{closure}()
#16 /var/www/cutera-upgradation/vendor/laravel/framework/src/Illuminate/Pipeline/Pipeline.php(167): App\\Http\\Middleware\\AuthenticateApiWeb->handle()
#17 /var/www/cutera-upgradation/vendor/laravel/framework/src/Illuminate/Routing/Middleware/SubstituteBindings.php(50): Illuminate\\Pipeline\\Pipeline->Illuminate\\Pipeline\\{closure}()
#18 /var/www/cutera-upgradation/vendor/laravel/framework/src/Illuminate/Pipeline/Pipeline.php(167): Illuminate\\Routing\\Middleware\\SubstituteBindings->handle()
#19 /var/www/cutera-upgradation/app/Http/Middleware/VerifyCsrfToken.php(32): Illuminate\\Pipeline\\Pipeline->Illuminate\\Pipeline\\{closure}()
#20 /var/www/cutera-upgradation/vendor/laravel/framework/src/Illuminate/Pipeline/Pipeline.php(167): App\\Http\\Middleware\\VerifyCsrfToken->handle()
#21 /var/www/cutera-upgradation/vendor/laravel/framework/src/Illuminate/View/Middleware/ShareErrorsFromSession.php(49): Illuminate\\Pipeline\\Pipeline->Illuminate\\Pipeline\\{closure}()
#22 /var/www/cutera-upgradation/vendor/laravel/framework/src/Illuminate/Pipeline/Pipeline.php(167): Illuminate\\View\\Middleware\\ShareErrorsFromSession->handle()
#23 /var/www/cutera-upgradation/vendor/laravel/framework/src/Illuminate/Session/Middleware/StartSession.php(121): Illuminate\\Pipeline\\Pipeline->Illuminate\\Pipeline\\{closure}()
#24 /var/www/cutera-upgradation/vendor/laravel/framework/src/Illuminate/Session/Middleware/StartSession.php(64): Illuminate\\Session\\Middleware\\StartSession->handleStatefulRequest()
#25 /var/www/cutera-upgradation/vendor/laravel/framework/src/Illuminate/Pipeline/Pipeline.php(167): Illuminate\\Session\\Middleware\\StartSession->handle()
#26 /var/www/cutera-upgradation/vendor/laravel/framework/src/Illuminate/Cookie/Middleware/AddQueuedCookiesToResponse.php(37): Illuminate\\Pipeline\\Pipeline->Illuminate\\Pipeline\\{closure}()
#27 /var/www/cutera-upgradation/vendor/laravel/framework/src/Illuminate/Pipeline/Pipeline.php(167): Illuminate\\Cookie\\Middleware\\AddQueuedCookiesToResponse->handle()
#28 /var/www/cutera-upgradation/vendor/laravel/framework/src/Illuminate/Cookie/Middleware/EncryptCookies.php(67): Illuminate\\Pipeline\\Pipeline->Illuminate\\Pipeline\\{closure}()
#29 /var/www/cutera-upgradation/vendor/laravel/framework/src/Illuminate/Pipeline/Pipeline.php(167): Illuminate\\Cookie\\Middleware\\EncryptCookies->handle()
#30 /var/www/cutera-upgradation/vendor/laravel/framework/src/Illuminate/Pipeline/Pipeline.php(103): Illuminate\\Pipeline\\Pipeline->Illuminate\\Pipeline\\{closure}()
#31 /var/www/cutera-upgradation/vendor/laravel/framework/src/Illuminate/Routing/Router.php(723): Illuminate\\Pipeline\\Pipeline->then()
#32 /var/www/cutera-upgradation/vendor/laravel/framework/src/Illuminate/Routing/Router.php(698): Illuminate\\Routing\\Router->runRouteWithinStack()
#33 /var/www/cutera-upgradation/vendor/laravel/framework/src/Illuminate/Routing/Router.php(662): Illuminate\\Routing\\Router->runRoute()
#34 /var/www/cutera-upgradation/vendor/laravel/framework/src/Illuminate/Routing/Router.php(651): Illuminate\\Routing\\Router->dispatchToRoute()
#35 /var/www/cutera-upgradation/vendor/laravel/framework/src/Illuminate/Foundation/Http/Kernel.php(167): Illuminate\\Routing\\Router->dispatch()
#36 /var/www/cutera-upgradation/vendor/laravel/framework/src/Illuminate/Pipeline/Pipeline.php(128): Illuminate\\Foundation\\Http\\Kernel->Illuminate\\Foundation\\Http\\{closure}()
#37 /var/www/cutera-upgradation/vendor/laravel/framework/src/Illuminate/Foundation/Http/Middleware/TransformsRequest.php(21): Illuminate\\Pipeline\\Pipeline->Illuminate\\Pipeline\\{closure}()
#38 /var/www/cutera-upgradation/vendor/laravel/framework/src/Illuminate/Foundation/Http/Middleware/ConvertEmptyStringsToNull.php(31): Illuminate\\Foundation\\Http\\Middleware\\TransformsRequest->handle()
#39 /var/www/cutera-upgradation/vendor/laravel/framework/src/Illuminate/Pipeline/Pipeline.php(167): Illuminate\\Foundation\\Http\\Middleware\\ConvertEmptyStringsToNull->handle()
#40 /var/www/cutera-upgradation/vendor/laravel/framework/src/Illuminate/Foundation/Http/Middleware/TransformsRequest.php(21): Illuminate\\Pipeline\\Pipeline->Illuminate\\Pipeline\\{closure}()
#41 /var/www/cutera-upgradation/vendor/laravel/framework/src/Illuminate/Foundation/Http/Middleware/TrimStrings.php(40): Illuminate\\Foundation\\Http\\Middleware\\TransformsRequest->handle()
#42 /var/www/cutera-upgradation/vendor/laravel/framework/src/Illuminate/Pipeline/Pipeline.php(167): Illuminate\\Foundation\\Http\\Middleware\\TrimStrings->handle()
#43 /var/www/cutera-upgradation/vendor/laravel/framework/src/Illuminate/Foundation/Http/Middleware/ValidatePostSize.php(27): Illuminate\\Pipeline\\Pipeline->Illuminate\\Pipeline\\{closure}()
#44 /var/www/cutera-upgradation/vendor/laravel/framework/src/Illuminate/Pipeline/Pipeline.php(167): Illuminate\\Foundation\\Http\\Middleware\\ValidatePostSize->handle()
#45 /var/www/cutera-upgradation/vendor/laravel/framework/src/Illuminate/Foundation/Http/Middleware/PreventRequestsDuringMaintenance.php(86): Illuminate\\Pipeline\\Pipeline->Illuminate\\Pipeline\\{closure}()
#46 /var/www/cutera-upgradation/vendor/laravel/framework/src/Illuminate/Pipeline/Pipeline.php(167): Illuminate\\Foundation\\Http\\Middleware\\PreventRequestsDuringMaintenance->handle()
#47 /var/www/cutera-upgradation/vendor/fruitcake/laravel-cors/src/HandleCors.php(38): Illuminate\\Pipeline\\Pipeline->Illuminate\\Pipeline\\{closure}()
#48 /var/www/cutera-upgradation/vendor/laravel/framework/src/Illuminate/Pipeline/Pipeline.php(167): Fruitcake\\Cors\\HandleCors->handle()
#49 /var/www/cutera-upgradation/vendor/laravel/framework/src/Illuminate/Http/Middleware/TrustProxies.php(39): Illuminate\\Pipeline\\Pipeline->Illuminate\\Pipeline\\{closure}()
#50 /var/www/cutera-upgradation/vendor/laravel/framework/src/Illuminate/Pipeline/Pipeline.php(167): Illuminate\\Http\\Middleware\\TrustProxies->handle()
#51 /var/www/cutera-upgradation/vendor/laravel/framework/src/Illuminate/Pipeline/Pipeline.php(103): Illuminate\\Pipeline\\Pipeline->Illuminate\\Pipeline\\{closure}()
#52 /var/www/cutera-upgradation/vendor/laravel/framework/src/Illuminate/Foundation/Http/Kernel.php(142): Illuminate\\Pipeline\\Pipeline->then()
#53 /var/www/cutera-upgradation/vendor/laravel/framework/src/Illuminate/Foundation/Http/Kernel.php(111): Illuminate\\Foundation\\Http\\Kernel->sendRequestThroughRouter()
#54 /var/www/cutera-upgradation/public/index.php(52): Illuminate\\Foundation\\Http\\Kernel->handle()
#55 {main}
"} 
[2022-06-29 18:28:17] local.ERROR: syntax error, unexpected token "endif", expecting end of file (View: /var/www/cutera-upgradation/resources/views/admin/reports/accountsalesreport/index.blade.php) {"view":{"view":"/var/www/cutera-upgradation/resources/views/admin/reports/accountsalesreport/index.blade.php","data":{"errors":"<pre class=sf-dump id=sf-dump-1947277192 data-indent-pad=\"  \"><span class=sf-dump-note>Illuminate\\Support\\ViewErrorBag</span> {<a class=sf-dump-ref>#2275</a><samp data-depth=1 class=sf-dump-expanded>
  #<span class=sf-dump-protected title=\"Protected property\">bags</span>: []
</samp>}
</pre><script>Sfdump(\"sf-dump-1947277192\", {\"maxDepth\":3,\"maxStringLength\":160})</script>
","locations":"<pre class=sf-dump id=sf-dump-936299136 data-indent-pad=\"  \"><span class=sf-dump-note>Illuminate\\Support\\Collection</span> {<a class=sf-dump-ref>#3311</a><samp data-depth=1 class=sf-dump-expanded>
  #<span class=sf-dump-protected title=\"Protected property\">items</span>: <span class=sf-dump-note>array:6</span> [<samp data-depth=2 class=sf-dump-compact>
    \"\" => \"<span class=sf-dump-str title=\"3 characters\">All</span>\"
    <span class=sf-dump-key>2</span> => \"<span class=sf-dump-str title=\"19 characters\">CUTERA, DHA Karachi</span>\"
    <span class=sf-dump-key>3</span> => \"<span class=sf-dump-str title=\"27 characters\">CUTERA, Bahadurabad Karachi</span>\"
    <span class=sf-dump-key>35</span> => \"<span class=sf-dump-str title=\"10 characters\">RED SIGNAL</span>\"
    <span class=sf-dump-key>46</span> => \"<span class=sf-dump-str title=\"26 characters\">CUTERA, Johar Town, Lahore</span>\"
    <span class=sf-dump-key>47</span> => \"<span class=sf-dump-str title=\"29 characters\">CUTERA, Gulshan/Johar Karachi</span>\"
  </samp>]
  #<span class=sf-dump-protected title=\"Protected property\">escapeWhenCastingToString</span>: <span class=sf-dump-const>false</span>
</samp>}
</pre><script>Sfdump(\"sf-dump-936299136\", {\"maxDepth\":3,\"maxStringLength\":160})</script>
","services":"<pre class=sf-dump id=sf-dump-71381507 data-indent-pad=\"  \"><span class=sf-dump-note>array:128</span> [<samp data-depth=1 class=sf-dump-expanded>
  <span class=sf-dump-key>0</span> => \"<span class=sf-dump-str title=\"16 characters\">Please select...</span>\"
  <span class=sf-dump-key>-1</span> => <span class=sf-dump-note>array:10</span> [<samp data-depth=2 class=sf-dump-compact>
    \"<span class=sf-dump-key>id</span>\" => <span class=sf-dump-num>1</span>
    \"<span class=sf-dump-key>name</span>\" => \"<span class=sf-dump-str title=\"15 characters\">Body Contouring</span>\"
    \"<span class=sf-dump-key>parent_id</span>\" => <span class=sf-dump-num>0</span>
    \"<span class=sf-dump-key>slug</span>\" => \"<span class=sf-dump-str title=\"6 characters\">custom</span>\"
    \"<span class=sf-dump-key>complimentory</span>\" => <span class=sf-dump-num>0</span>
    \"<span class=sf-dump-key>active</span>\" => <span class=sf-dump-num>1</span>
    \"<span class=sf-dump-key>duration</span>\" => \"<span class=sf-dump-str title=\"5 characters\">00:30</span>\"
    \"<span class=sf-dump-key>price</span>\" => <span class=sf-dump-num>0.0</span>
    \"<span class=sf-dump-key>color</span>\" => \"<span class=sf-dump-str title=\"7 characters\">#2d2aea</span>\"
    \"<span class=sf-dump-key>end_node</span>\" => <span class=sf-dump-num>0</span>
  </samp>]
  <span class=sf-dump-key>66</span> => <span class=sf-dump-note>array:10</span> [<samp data-depth=2 class=sf-dump-compact>
    \"<span class=sf-dump-key>id</span>\" => <span class=sf-dump-num>66</span>
    \"<span class=sf-dump-key>name</span>\" => \"<span class=sf-dump-str title=\"55 characters\">&amp;nbsp;&amp;nbsp;&amp;nbsp;4D - Body HIFU (Abdomen &amp; Lower back)</span>\"
    \"<span class=sf-dump-key>parent_id</span>\" => <span class=sf-dump-num>1</span>
    \"<span class=sf-dump-key>slug</span>\" => \"<span class=sf-dump-str title=\"6 characters\">custom</span>\"
    \"<span class=sf-dump-key>complimentory</span>\" => <span class=sf-dump-num>0</span>
    \"<span class=sf-dump-key>duration</span>\" => \"<span class=sf-dump-str title=\"5 characters\">02:00</span>\"
    \"<span class=sf-dump-key>price</span>\" => <span class=sf-dump-num>50000.0</span>
    \"<span class=sf-dump-key>color</span>\" => \"<span class=sf-dump-str title=\"7 characters\">#c03535</span>\"
    \"<span class=sf-dump-key>end_node</span>\" => <span class=sf-dump-num>1</span>
    \"<span class=sf-dump-key>active</span>\" => <span class=sf-dump-num>1</span>
  </samp>]
  <span class=sf-dump-key>113</span> => <span class=sf-dump-note>array:10</span> [<samp data-depth=2 class=sf-dump-compact>
    \"<span class=sf-dump-key>id</span>\" => <span class=sf-dump-num>113</span>
    \"<span class=sf-dump-key>name</span>\" => \"<span class=sf-dump-str title=\"39 characters\">&amp;nbsp;&amp;nbsp;&amp;nbsp;4D - HIFU Bingo Wings</span>\"
    \"<span class=sf-dump-key>parent_id</span>\" => <span class=sf-dump-num>1</span>
    \"<span class=sf-dump-key>slug</span>\" => \"<span class=sf-dump-str title=\"6 characters\">custom</span>\"
    \"<span class=sf-dump-key>complimentory</span>\" => <span class=sf-dump-num>0</span>
    \"<span class=sf-dump-key>duration</span>\" => \"<span class=sf-dump-str title=\"5 characters\">01:00</span>\"
    \"<span class=sf-dump-key>price</span>\" => <span class=sf-dump-num>30000.0</span>
    \"<span class=sf-dump-key>color</span>\" => \"<span class=sf-dump-str title=\"7 characters\">#000000</span>\"
    \"<span class=sf-dump-key>end_node</span>\" => <span class=sf-dump-num>1</span>
    \"<span class=sf-dump-key>active</span>\" => <span class=sf-dump-num>1</span>
  </samp>]
  <span class=sf-dump-key>68</span> => <span class=sf-dump-note>array:10</span> [<samp data-depth=2 class=sf-dump-compact>
    \"<span class=sf-dump-key>id</span>\" => <span class=sf-dump-num>68</span>
    \"<span class=sf-dump-key>name</span>\" => \"<span class=sf-dump-str title=\"44 characters\">&amp;nbsp;&amp;nbsp;&amp;nbsp;Cutera SCULPT - Dual probe</span>\"
    \"<span class=sf-dump-key>parent_id</span>\" => <span class=sf-dump-num>1</span>
    \"<span class=sf-dump-key>slug</span>\" => \"<span class=sf-dump-str title=\"6 characters\">custom</span>\"
    \"<span class=sf-dump-key>complimentory</span>\" => <span class=sf-dump-num>0</span>
    \"<span class=sf-dump-key>duration</span>\" => \"<span class=sf-dump-str title=\"5 characters\">00:40</span>\"
    \"<span class=sf-dump-key>price</span>\" => <span class=sf-dump-num>12000.0</span>
    \"<span class=sf-dump-key>color</span>\" => \"<span class=sf-dump-str title=\"7 characters\">#6711e8</span>\"
    \"<span class=sf-dump-key>end_node</span>\" => <span class=sf-dump-num>1</span>
    \"<span class=sf-dump-key>active</span>\" => <span class=sf-dump-num>1</span>
  </samp>]
  <span class=sf-dump-key>75</span> => <span class=sf-dump-note>array:10</span> [<samp data-depth=2 class=sf-dump-compact>
    \"<span class=sf-dump-key>id</span>\" => <span class=sf-dump-num>75</span>
    \"<span class=sf-dump-key>name</span>\" => \"<span class=sf-dump-str title=\"46 characters\">&amp;nbsp;&amp;nbsp;&amp;nbsp;Cutera SCULPT - Single probe</span>\"
    \"<span class=sf-dump-key>parent_id</span>\" => <span class=sf-dump-num>1</span>
    \"<span class=sf-dump-key>slug</span>\" => \"<span class=sf-dump-str title=\"6 characters\">custom</span>\"
    \"<span class=sf-dump-key>complimentory</span>\" => <span class=sf-dump-num>0</span>
    \"<span class=sf-dump-key>duration</span>\" => \"<span class=sf-dump-str title=\"5 characters\">00:40</span>\"
    \"<span class=sf-dump-key>price</span>\" => <span class=sf-dump-num>10000.0</span>
    \"<span class=sf-dump-key>color</span>\" => \"<span class=sf-dump-str title=\"7 characters\">#6711e8</span>\"
    \"<span class=sf-dump-key>end_node</span>\" => <span class=sf-dump-num>1</span>
    \"<span class=sf-dump-key>active</span>\" => <span class=sf-dump-num>1</span>
  </samp>]
  <span class=sf-dump-key>61</span> => <span class=sf-dump-note>array:10</span> [<samp data-depth=2 class=sf-dump-compact>
    \"<span class=sf-dump-key>id</span>\" => <span class=sf-dump-num>61</span>
    \"<span class=sf-dump-key>name</span>\" => \"<span class=sf-dump-str title=\"43 characters\">&amp;nbsp;&amp;nbsp;&amp;nbsp;Injection Lipolysis - 1ml</span>\"
    \"<span class=sf-dump-key>parent_id</span>\" => <span class=sf-dump-num>1</span>
    \"<span class=sf-dump-key>slug</span>\" => \"<span class=sf-dump-str title=\"6 characters\">custom</span>\"
    \"<span class=sf-dump-key>complimentory</span>\" => <span class=sf-dump-num>0</span>
    \"<span class=sf-dump-key>duration</span>\" => \"<span class=sf-dump-str title=\"5 characters\">00:20</span>\"
    \"<span class=sf-dump-key>price</span>\" => <span class=sf-dump-num>5000.0</span>
    \"<span class=sf-dump-key>color</span>\" => \"<span class=sf-dump-str title=\"7 characters\">#2d2aea</span>\"
    \"<span class=sf-dump-key>end_node</span>\" => <span class=sf-dump-num>1</span>
    \"<span class=sf-dump-key>active</span>\" => <span class=sf-dump-num>0</span>
  </samp>]
  <span class=sf-dump-key>63</span> => <span class=sf-dump-note>array:10</span> [<samp data-depth=2 class=sf-dump-compact>
    \"<span class=sf-dump-key>id</span>\" => <span class=sf-dump-num>63</span>
    \"<span class=sf-dump-key>name</span>\" => \"<span class=sf-dump-str title=\"43 characters\">&amp;nbsp;&amp;nbsp;&amp;nbsp;Injection Lipolysis - 3ml</span>\"
    \"<span class=sf-dump-key>parent_id</span>\" => <span class=sf-dump-num>1</span>
    \"<span class=sf-dump-key>slug</span>\" => \"<span class=sf-dump-str title=\"6 characters\">custom</span>\"
    \"<span class=sf-dump-key>complimentory</span>\" => <span class=sf-dump-num>0</span>
    \"<span class=sf-dump-key>duration</span>\" => \"<span class=sf-dump-str title=\"5 characters\">00:25</span>\"
    \"<span class=sf-dump-key>price</span>\" => <span class=sf-dump-num>14000.0</span>
    \"<span class=sf-dump-key>color</span>\" => \"<span class=sf-dump-str title=\"7 characters\">#2d2aea</span>\"
    \"<span class=sf-dump-key>end_node</span>\" => <span class=sf-dump-num>1</span>
    \"<span class=sf-dump-key>active</span>\" => <span class=sf-dump-num>0</span>
  </samp>]
  <span class=sf-dump-key>62</span> => <span class=sf-dump-note>array:10</span> [<samp data-depth=2 class=sf-dump-compact>
    \"<span class=sf-dump-key>id</span>\" => <span class=sf-dump-num>62</span>
    \"<span class=sf-dump-key>name</span>\" => \"<span class=sf-dump-str title=\"48 characters\">&amp;nbsp;&amp;nbsp;&amp;nbsp;Injection Lipolysis FatX - 2ml</span>\"
    \"<span class=sf-dump-key>parent_id</span>\" => <span class=sf-dump-num>1</span>
    \"<span class=sf-dump-key>slug</span>\" => \"<span class=sf-dump-str title=\"6 characters\">custom</span>\"
    \"<span class=sf-dump-key>complimentory</span>\" => <span class=sf-dump-num>0</span>
    \"<span class=sf-dump-key>duration</span>\" => \"<span class=sf-dump-str title=\"5 characters\">00:20</span>\"
    \"<span class=sf-dump-key>price</span>\" => <span class=sf-dump-num>10000.0</span>
    \"<span class=sf-dump-key>color</span>\" => \"<span class=sf-dump-str title=\"7 characters\">#2d2aea</span>\"
    \"<span class=sf-dump-key>end_node</span>\" => <span class=sf-dump-num>1</span>
    \"<span class=sf-dump-key>active</span>\" => <span class=sf-dump-num>1</span>
  </samp>]
  <span class=sf-dump-key>65</span> => <span class=sf-dump-note>array:10</span> [<samp data-depth=2 class=sf-dump-compact>
    \"<span class=sf-dump-key>id</span>\" => <span class=sf-dump-num>65</span>
    \"<span class=sf-dump-key>name</span>\" => \"<span class=sf-dump-str title=\"52 characters\">&amp;nbsp;&amp;nbsp;&amp;nbsp;Injection Lipolysis Lipolab - 10ml</span>\"
    \"<span class=sf-dump-key>parent_id</span>\" => <span class=sf-dump-num>1</span>
    \"<span class=sf-dump-key>slug</span>\" => \"<span class=sf-dump-str title=\"6 characters\">custom</span>\"
    \"<span class=sf-dump-key>complimentory</span>\" => <span class=sf-dump-num>0</span>
    \"<span class=sf-dump-key>duration</span>\" => \"<span class=sf-dump-str title=\"5 characters\">00:30</span>\"
    \"<span class=sf-dump-key>price</span>\" => <span class=sf-dump-num>15000.0</span>
    \"<span class=sf-dump-key>color</span>\" => \"<span class=sf-dump-str title=\"7 characters\">#2d2aea</span>\"
    \"<span class=sf-dump-key>end_node</span>\" => <span class=sf-dump-num>1</span>
    \"<span class=sf-dump-key>active</span>\" => <span class=sf-dump-num>1</span>
  </samp>]
  <span class=sf-dump-key>64</span> => <span class=sf-dump-note>array:10</span> [<samp data-depth=2 class=sf-dump-compact>
    \"<span class=sf-dump-key>id</span>\" => <span class=sf-dump-num>64</span>
    \"<span class=sf-dump-key>name</span>\" => \"<span class=sf-dump-str title=\"51 characters\">&amp;nbsp;&amp;nbsp;&amp;nbsp;Injection Lipolysis Lipolab - 5ml</span>\"
    \"<span class=sf-dump-key>parent_id</span>\" => <span class=sf-dump-num>1</span>
    \"<span class=sf-dump-key>slug</span>\" => \"<span class=sf-dump-str title=\"6 characters\">custom</span>\"
    \"<span class=sf-dump-key>complimentory</span>\" => <span class=sf-dump-num>0</span>
    \"<span class=sf-dump-key>duration</span>\" => \"<span class=sf-dump-str title=\"5 characters\">00:30</span>\"
    \"<span class=sf-dump-key>price</span>\" => <span class=sf-dump-num>10000.0</span>
    \"<span class=sf-dump-key>color</span>\" => \"<span class=sf-dump-str title=\"7 characters\">#2d2aea</span>\"
    \"<span class=sf-dump-key>end_node</span>\" => <span class=sf-dump-num>1</span>
    \"<span class=sf-dump-key>active</span>\" => <span class=sf-dump-num>1</span>
  </samp>]
  <span class=sf-dump-key>69</span> => <span class=sf-dump-note>array:10</span> [<samp data-depth=2 class=sf-dump-compact>
    \"<span class=sf-dump-key>id</span>\" => <span class=sf-dump-num>69</span>
    \"<span class=sf-dump-key>name</span>\" => \"<span class=sf-dump-str title=\"40 characters\">&amp;nbsp;&amp;nbsp;&amp;nbsp;Skinny / Slimming Drip</span>\"
    \"<span class=sf-dump-key>parent_id</span>\" => <span class=sf-dump-num>1</span>
    \"<span class=sf-dump-key>slug</span>\" => \"<span class=sf-dump-str title=\"6 characters\">custom</span>\"
    \"<span class=sf-dump-key>complimentory</span>\" => <span class=sf-dump-num>0</span>
    \"<span class=sf-dump-key>duration</span>\" => \"<span class=sf-dump-str title=\"5 characters\">00:45</span>\"
    \"<span class=sf-dump-key>price</span>\" => <span class=sf-dump-num>10000.0</span>
    \"<span class=sf-dump-key>color</span>\" => \"<span class=sf-dump-str title=\"7 characters\">#ee2bb0</span>\"
    \"<span class=sf-dump-key>end_node</span>\" => <span class=sf-dump-num>1</span>
    \"<span class=sf-dump-key>active</span>\" => <span class=sf-dump-num>1</span>
  </samp>]
  <span class=sf-dump-key>49</span> => <span class=sf-dump-note>array:10</span> [<samp data-depth=2 class=sf-dump-compact>
    \"<span class=sf-dump-key>id</span>\" => <span class=sf-dump-num>49</span>
    \"<span class=sf-dump-key>name</span>\" => \"<span class=sf-dump-str title=\"49 characters\">&amp;nbsp;&amp;nbsp;&amp;nbsp;ULTIMATE - Cavitation (Abdomen)</span>\"
    \"<span class=sf-dump-key>parent_id</span>\" => <span class=sf-dump-num>1</span>
    \"<span class=sf-dump-key>slug</span>\" => \"<span class=sf-dump-str title=\"6 characters\">custom</span>\"
    \"<span class=sf-dump-key>complimentory</span>\" => <span class=sf-dump-num>0</span>
    \"<span class=sf-dump-key>duration</span>\" => \"<span class=sf-dump-str title=\"5 characters\">00:40</span>\"
    \"<span class=sf-dump-key>price</span>\" => <span class=sf-dump-num>8000.0</span>
    \"<span class=sf-dump-key>color</span>\" => \"<span class=sf-dump-str title=\"7 characters\">#06d09c</span>\"
    \"<span class=sf-dump-key>end_node</span>\" => <span class=sf-dump-num>1</span>
    \"<span class=sf-dump-key>active</span>\" => <span class=sf-dump-num>0</span>
  </samp>]
  <span class=sf-dump-key>72</span> => <span class=sf-dump-note>array:10</span> [<samp data-depth=2 class=sf-dump-compact>
    \"<span class=sf-dump-key>id</span>\" => <span class=sf-dump-num>72</span>
    \"<span class=sf-dump-key>name</span>\" => \"<span class=sf-dump-str title=\"73 characters\">&amp;nbsp;&amp;nbsp;&amp;nbsp;ULTIMATE - Cavitation + Shockwave + RF (Hips cellulite)</span>\"
    \"<span class=sf-dump-key>parent_id</span>\" => <span class=sf-dump-num>1</span>
    \"<span class=sf-dump-key>slug</span>\" => \"<span class=sf-dump-str title=\"6 characters\">custom</span>\"
    \"<span class=sf-dump-key>complimentory</span>\" => <span class=sf-dump-num>0</span>
    \"<span class=sf-dump-key>duration</span>\" => \"<span class=sf-dump-str title=\"5 characters\">01:00</span>\"
    \"<span class=sf-dump-key>price</span>\" => <span class=sf-dump-num>15000.0</span>
    \"<span class=sf-dump-key>color</span>\" => \"<span class=sf-dump-str title=\"7 characters\">#bb3a3a</span>\"
    \"<span class=sf-dump-key>end_node</span>\" => <span class=sf-dump-num>1</span>
    \"<span class=sf-dump-key>active</span>\" => <span class=sf-dump-num>0</span>
  </samp>]
  <span class=sf-dump-key>71</span> => <span class=sf-dump-note>array:10</span> [<samp data-depth=2 class=sf-dump-compact>
    \"<span class=sf-dump-key>id</span>\" => <span class=sf-dump-num>71</span>
    \"<span class=sf-dump-key>name</span>\" => \"<span class=sf-dump-str title=\"75 characters\">&amp;nbsp;&amp;nbsp;&amp;nbsp;ULTIMATE - Cavitation + Shockwave + RF (Thighs Cellulite)</span>\"
    \"<span class=sf-dump-key>parent_id</span>\" => <span class=sf-dump-num>1</span>
    \"<span class=sf-dump-key>slug</span>\" => \"<span class=sf-dump-str title=\"6 characters\">custom</span>\"
    \"<span class=sf-dump-key>complimentory</span>\" => <span class=sf-dump-num>0</span>
    \"<span class=sf-dump-key>duration</span>\" => \"<span class=sf-dump-str title=\"5 characters\">01:00</span>\"
    \"<span class=sf-dump-key>price</span>\" => <span class=sf-dump-num>15000.0</span>
    \"<span class=sf-dump-key>color</span>\" => \"<span class=sf-dump-str title=\"7 characters\">#06d09d</span>\"
    \"<span class=sf-dump-key>end_node</span>\" => <span class=sf-dump-num>1</span>
    \"<span class=sf-dump-key>active</span>\" => <span class=sf-dump-num>0</span>
  </samp>]
  <span class=sf-dump-key>73</span> => <span class=sf-dump-note>array:10</span> [<samp data-depth=2 class=sf-dump-compact>
    \"<span class=sf-dump-key>id</span>\" => <span class=sf-dump-num>73</span>
    \"<span class=sf-dump-key>name</span>\" => \"<span class=sf-dump-str title=\"79 characters\">&amp;nbsp;&amp;nbsp;&amp;nbsp;ULTIMATE - Cavitation + Shockwave + RF (Upper Legs Cellulite)</span>\"
    \"<span class=sf-dump-key>parent_id</span>\" => <span class=sf-dump-num>1</span>
    \"<span class=sf-dump-key>slug</span>\" => \"<span class=sf-dump-str title=\"6 characters\">custom</span>\"
    \"<span class=sf-dump-key>complimentory</span>\" => <span class=sf-dump-num>0</span>
    \"<span class=sf-dump-key>duration</span>\" => \"<span class=sf-dump-str title=\"5 characters\">01:30</span>\"
    \"<span class=sf-dump-key>price</span>\" => <span class=sf-dump-num>15000.0</span>
    \"<span class=sf-dump-key>color</span>\" => \"<span class=sf-dump-str title=\"7 characters\">#ba2c2c</span>\"
    \"<span class=sf-dump-key>end_node</span>\" => <span class=sf-dump-num>1</span>
    \"<span class=sf-dump-key>active</span>\" => <span class=sf-dump-num>0</span>
  </samp>]
  <span class=sf-dump-key>2</span> => <span class=sf-dump-note>array:10</span> [<samp data-depth=2 class=sf-dump-compact>
    \"<span class=sf-dump-key>id</span>\" => <span class=sf-dump-num>2</span>
    \"<span class=sf-dump-key>name</span>\" => \"<span class=sf-dump-str title=\"51 characters\">&amp;nbsp;&amp;nbsp;&amp;nbsp;ULTIMATE - Cool Sculpting (large)</span>\"
    \"<span class=sf-dump-key>parent_id</span>\" => <span class=sf-dump-num>1</span>
    \"<span class=sf-dump-key>slug</span>\" => \"<span class=sf-dump-str title=\"6 characters\">custom</span>\"
    \"<span class=sf-dump-key>complimentory</span>\" => <span class=sf-dump-num>0</span>
    \"<span class=sf-dump-key>duration</span>\" => \"<span class=sf-dump-str title=\"5 characters\">00:45</span>\"
    \"<span class=sf-dump-key>price</span>\" => <span class=sf-dump-num>30000.0</span>
    \"<span class=sf-dump-key>color</span>\" => \"<span class=sf-dump-str title=\"7 characters\">#0d7a82</span>\"
    \"<span class=sf-dump-key>end_node</span>\" => <span class=sf-dump-num>1</span>
    \"<span class=sf-dump-key>active</span>\" => <span class=sf-dump-num>1</span>
  </samp>]
  <span class=sf-dump-key>57</span> => <span class=sf-dump-note>array:10</span> [<samp data-depth=2 class=sf-dump-compact>
    \"<span class=sf-dump-key>id</span>\" => <span class=sf-dump-num>57</span>
    \"<span class=sf-dump-key>name</span>\" => \"<span class=sf-dump-str title=\"52 characters\">&amp;nbsp;&amp;nbsp;&amp;nbsp;ULTIMATE - Cool Sculpting (medium)</span>\"
    \"<span class=sf-dump-key>parent_id</span>\" => <span class=sf-dump-num>1</span>
    \"<span class=sf-dump-key>slug</span>\" => \"<span class=sf-dump-str title=\"6 characters\">custom</span>\"
    \"<span class=sf-dump-key>complimentory</span>\" => <span class=sf-dump-num>0</span>
    \"<span class=sf-dump-key>duration</span>\" => \"<span class=sf-dump-str title=\"5 characters\">00:45</span>\"
    \"<span class=sf-dump-key>price</span>\" => <span class=sf-dump-num>25000.0</span>
    \"<span class=sf-dump-key>color</span>\" => \"<span class=sf-dump-str title=\"7 characters\">#b74ea0</span>\"
    \"<span class=sf-dump-key>end_node</span>\" => <span class=sf-dump-num>1</span>
    \"<span class=sf-dump-key>active</span>\" => <span class=sf-dump-num>1</span>
  </samp>]
  <span class=sf-dump-key>74</span> => <span class=sf-dump-note>array:10</span> [<samp data-depth=2 class=sf-dump-compact>
    \"<span class=sf-dump-key>id</span>\" => <span class=sf-dump-num>74</span>
    \"<span class=sf-dump-key>name</span>\" => \"<span class=sf-dump-str title=\"56 characters\">&amp;nbsp;&amp;nbsp;&amp;nbsp;ULTIMATE - Cool Sculpting Duo (medium)</span>\"
    \"<span class=sf-dump-key>parent_id</span>\" => <span class=sf-dump-num>1</span>
    \"<span class=sf-dump-key>slug</span>\" => \"<span class=sf-dump-str title=\"6 characters\">custom</span>\"
    \"<span class=sf-dump-key>complimentory</span>\" => <span class=sf-dump-num>0</span>
    \"<span class=sf-dump-key>duration</span>\" => \"<span class=sf-dump-str title=\"5 characters\">01:30</span>\"
    \"<span class=sf-dump-key>price</span>\" => <span class=sf-dump-num>35000.0</span>
    \"<span class=sf-dump-key>color</span>\" => \"<span class=sf-dump-str title=\"7 characters\">#ab3636</span>\"
    \"<span class=sf-dump-key>end_node</span>\" => <span class=sf-dump-num>1</span>
    \"<span class=sf-dump-key>active</span>\" => <span class=sf-dump-num>1</span>
  </samp>]
  <span class=sf-dump-key>67</span> => <span class=sf-dump-note>array:10</span> [<samp data-depth=2 class=sf-dump-compact>
    \"<span class=sf-dump-key>id</span>\" => <span class=sf-dump-num>67</span>
    \"<span class=sf-dump-key>name</span>\" => \"<span class=sf-dump-str title=\"41 characters\">&amp;nbsp;&amp;nbsp;&amp;nbsp;ULTIMATE - RF (Abdomen)</span>\"
    \"<span class=sf-dump-key>parent_id</span>\" => <span class=sf-dump-num>1</span>
    \"<span class=sf-dump-key>slug</span>\" => \"<span class=sf-dump-str title=\"6 characters\">custom</span>\"
    \"<span class=sf-dump-key>complimentory</span>\" => <span class=sf-dump-num>0</span>
    \"<span class=sf-dump-key>duration</span>\" => \"<span class=sf-dump-str title=\"5 characters\">00:25</span>\"
    \"<span class=sf-dump-key>price</span>\" => <span class=sf-dump-num>7000.0</span>
    \"<span class=sf-dump-key>color</span>\" => \"<span class=sf-dump-str title=\"7 characters\">#2eb25c</span>\"
    \"<span class=sf-dump-key>end_node</span>\" => <span class=sf-dump-num>1</span>
    \"<span class=sf-dump-key>active</span>\" => <span class=sf-dump-num>1</span>
  </samp>]
  <span class=sf-dump-key>50</span> => <span class=sf-dump-note>array:10</span> [<samp data-depth=2 class=sf-dump-compact>
    \"<span class=sf-dump-key>id</span>\" => <span class=sf-dump-num>50</span>
    \"<span class=sf-dump-key>name</span>\" => \"<span class=sf-dump-str title=\"58 characters\">&amp;nbsp;&amp;nbsp;&amp;nbsp;ULTRASHAPE - Cavitation + Shockwave + RF</span>\"
    \"<span class=sf-dump-key>parent_id</span>\" => <span class=sf-dump-num>1</span>
    \"<span class=sf-dump-key>slug</span>\" => \"<span class=sf-dump-str title=\"6 characters\">custom</span>\"
    \"<span class=sf-dump-key>complimentory</span>\" => <span class=sf-dump-num>0</span>
    \"<span class=sf-dump-key>duration</span>\" => \"<span class=sf-dump-str title=\"5 characters\">01:00</span>\"
    \"<span class=sf-dump-key>price</span>\" => <span class=sf-dump-num>15000.0</span>
    \"<span class=sf-dump-key>color</span>\" => \"<span class=sf-dump-str title=\"7 characters\">#761919</span>\"
    \"<span class=sf-dump-key>end_node</span>\" => <span class=sf-dump-num>1</span>
    \"<span class=sf-dump-key>active</span>\" => <span class=sf-dump-num>1</span>
  </samp>]
  <span class=sf-dump-key>-55</span> => <span class=sf-dump-note>array:10</span> [<samp data-depth=2 class=sf-dump-compact>
    \"<span class=sf-dump-key>id</span>\" => <span class=sf-dump-num>55</span>
    \"<span class=sf-dump-key>name</span>\" => \"<span class=sf-dump-str title=\"17 characters\">Facial Contouring</span>\"
    \"<span class=sf-dump-key>parent_id</span>\" => <span class=sf-dump-num>0</span>
    \"<span class=sf-dump-key>slug</span>\" => \"<span class=sf-dump-str title=\"6 characters\">custom</span>\"
    \"<span class=sf-dump-key>complimentory</span>\" => <span class=sf-dump-num>0</span>
    \"<span class=sf-dump-key>active</span>\" => <span class=sf-dump-num>1</span>
    \"<span class=sf-dump-key>duration</span>\" => \"<span class=sf-dump-str title=\"5 characters\">00:30</span>\"
    \"<span class=sf-dump-key>price</span>\" => <span class=sf-dump-num>0.0</span>
    \"<span class=sf-dump-key>color</span>\" => \"<span class=sf-dump-str title=\"7 characters\">#46d28a</span>\"
    \"<span class=sf-dump-key>end_node</span>\" => <span class=sf-dump-num>0</span>
  </samp>]
  <span class=sf-dump-key>59</span> => <span class=sf-dump-note>array:10</span> [<samp data-depth=2 class=sf-dump-compact>
    \"<span class=sf-dump-key>id</span>\" => <span class=sf-dump-num>59</span>
    \"<span class=sf-dump-key>name</span>\" => \"<span class=sf-dump-str title=\"39 characters\">&amp;nbsp;&amp;nbsp;&amp;nbsp;4D - Double Chin HIFU</span>\"
    \"<span class=sf-dump-key>parent_id</span>\" => <span class=sf-dump-num>55</span>
    \"<span class=sf-dump-key>slug</span>\" => \"<span class=sf-dump-str title=\"6 characters\">custom</span>\"
    \"<span class=sf-dump-key>complimentory</span>\" => <span class=sf-dump-num>0</span>
    \"<span class=sf-dump-key>duration</span>\" => \"<span class=sf-dump-str title=\"5 characters\">00:30</span>\"
    \"<span class=sf-dump-key>price</span>\" => <span class=sf-dump-num>25000.0</span>
    \"<span class=sf-dump-key>color</span>\" => \"<span class=sf-dump-str title=\"7 characters\">#c13333</span>\"
    \"<span class=sf-dump-key>end_node</span>\" => <span class=sf-dump-num>1</span>
    \"<span class=sf-dump-key>active</span>\" => <span class=sf-dump-num>0</span>
  </samp>]
  <span class=sf-dump-key>120</span> => <span class=sf-dump-note>array:10</span> [<samp data-depth=2 class=sf-dump-compact>
    \"<span class=sf-dump-key>id</span>\" => <span class=sf-dump-num>120</span>
    \"<span class=sf-dump-key>name</span>\" => \"<span class=sf-dump-str title=\"36 characters\">&amp;nbsp;&amp;nbsp;&amp;nbsp;4D - Forehead HIFU</span>\"
    \"<span class=sf-dump-key>parent_id</span>\" => <span class=sf-dump-num>55</span>
    \"<span class=sf-dump-key>slug</span>\" => \"<span class=sf-dump-str title=\"6 characters\">custom</span>\"
    \"<span class=sf-dump-key>complimentory</span>\" => <span class=sf-dump-num>0</span>
    \"<span class=sf-dump-key>duration</span>\" => \"<span class=sf-dump-str title=\"5 characters\">00:30</span>\"
    \"<span class=sf-dump-key>price</span>\" => <span class=sf-dump-num>25000.0</span>
    \"<span class=sf-dump-key>color</span>\" => \"<span class=sf-dump-str title=\"7 characters\">#be2d2d</span>\"
    \"<span class=sf-dump-key>end_node</span>\" => <span class=sf-dump-num>1</span>
    \"<span class=sf-dump-key>active</span>\" => <span class=sf-dump-num>0</span>
  </samp>]
  <span class=sf-dump-key>121</span> => <span class=sf-dump-note>array:10</span> [<samp data-depth=2 class=sf-dump-compact>
    \"<span class=sf-dump-key>id</span>\" => <span class=sf-dump-num>121</span>
    \"<span class=sf-dump-key>name</span>\" => \"<span class=sf-dump-str title=\"39 characters\">&amp;nbsp;&amp;nbsp;&amp;nbsp;4D - Frown lines HIFU</span>\"
    \"<span class=sf-dump-key>parent_id</span>\" => <span class=sf-dump-num>55</span>
    \"<span class=sf-dump-key>slug</span>\" => \"<span class=sf-dump-str title=\"6 characters\">custom</span>\"
    \"<span class=sf-dump-key>complimentory</span>\" => <span class=sf-dump-num>0</span>
    \"<span class=sf-dump-key>duration</span>\" => \"<span class=sf-dump-str title=\"5 characters\">00:30</span>\"
    \"<span class=sf-dump-key>price</span>\" => <span class=sf-dump-num>25000.0</span>
    \"<span class=sf-dump-key>color</span>\" => \"<span class=sf-dump-str title=\"7 characters\">#bb1111</span>\"
    \"<span class=sf-dump-key>end_node</span>\" => <span class=sf-dump-num>1</span>
    \"<span class=sf-dump-key>active</span>\" => <span class=sf-dump-num>0</span>
  </samp>]
  <span class=sf-dump-key>116</span> => <span class=sf-dump-note>array:10</span> [<samp data-depth=2 class=sf-dump-compact>
    \"<span class=sf-dump-key>id</span>\" => <span class=sf-dump-num>116</span>
    \"<span class=sf-dump-key>name</span>\" => \"<span class=sf-dump-str title=\"35 characters\">&amp;nbsp;&amp;nbsp;&amp;nbsp;4D - Jawline HIFU</span>\"
    \"<span class=sf-dump-key>parent_id</span>\" => <span class=sf-dump-num>55</span>
    \"<span class=sf-dump-key>slug</span>\" => \"<span class=sf-dump-str title=\"6 characters\">custom</span>\"
    \"<span class=sf-dump-key>complimentory</span>\" => <span class=sf-dump-num>0</span>
    \"<span class=sf-dump-key>duration</span>\" => \"<span class=sf-dump-str title=\"5 characters\">00:30</span>\"
    \"<span class=sf-dump-key>price</span>\" => <span class=sf-dump-num>25000.0</span>
    \"<span class=sf-dump-key>color</span>\" => \"<span class=sf-dump-str title=\"7 characters\">#c62a2a</span>\"
    \"<span class=sf-dump-key>end_node</span>\" => <span class=sf-dump-num>1</span>
    \"<span class=sf-dump-key>active</span>\" => <span class=sf-dump-num>1</span>
  </samp>]
  <span class=sf-dump-key>119</span> => <span class=sf-dump-note>array:10</span> [<samp data-depth=2 class=sf-dump-compact>
    \"<span class=sf-dump-key>id</span>\" => <span class=sf-dump-num>119</span>
    \"<span class=sf-dump-key>name</span>\" => \"<span class=sf-dump-str title=\"39 characters\">&amp;nbsp;&amp;nbsp;&amp;nbsp;4D - Laugh lines HIFU</span>\"
    \"<span class=sf-dump-key>parent_id</span>\" => <span class=sf-dump-num>55</span>
    \"<span class=sf-dump-key>slug</span>\" => \"<span class=sf-dump-str title=\"6 characters\">custom</span>\"
    \"<span class=sf-dump-key>complimentory</span>\" => <span class=sf-dump-num>0</span>
    \"<span class=sf-dump-key>duration</span>\" => \"<span class=sf-dump-str title=\"5 characters\">00:30</span>\"
    \"<span class=sf-dump-key>price</span>\" => <span class=sf-dump-num>25000.0</span>
    \"<span class=sf-dump-key>color</span>\" => \"<span class=sf-dump-str title=\"7 characters\">#c72929</span>\"
    \"<span class=sf-dump-key>end_node</span>\" => <span class=sf-dump-num>1</span>
    \"<span class=sf-dump-key>active</span>\" => <span class=sf-dump-num>0</span>
  </samp>]
  <span class=sf-dump-key>117</span> => <span class=sf-dump-note>array:10</span> [<samp data-depth=2 class=sf-dump-compact>
    \"<span class=sf-dump-key>id</span>\" => <span class=sf-dump-num>117</span>
    \"<span class=sf-dump-key>name</span>\" => \"<span class=sf-dump-str title=\"40 characters\">&amp;nbsp;&amp;nbsp;&amp;nbsp;4D - Saggy Cheeks HIFU</span>\"
    \"<span class=sf-dump-key>parent_id</span>\" => <span class=sf-dump-num>55</span>
    \"<span class=sf-dump-key>slug</span>\" => \"<span class=sf-dump-str title=\"6 characters\">custom</span>\"
    \"<span class=sf-dump-key>complimentory</span>\" => <span class=sf-dump-num>0</span>
    \"<span class=sf-dump-key>duration</span>\" => \"<span class=sf-dump-str title=\"5 characters\">00:45</span>\"
    \"<span class=sf-dump-key>price</span>\" => <span class=sf-dump-num>25000.0</span>
    \"<span class=sf-dump-key>color</span>\" => \"<span class=sf-dump-str title=\"7 characters\">#cd3232</span>\"
    \"<span class=sf-dump-key>end_node</span>\" => <span class=sf-dump-num>1</span>
    \"<span class=sf-dump-key>active</span>\" => <span class=sf-dump-num>0</span>
  </samp>]
  <span class=sf-dump-key>118</span> => <span class=sf-dump-note>array:10</span> [<samp data-depth=2 class=sf-dump-compact>
    \"<span class=sf-dump-key>id</span>\" => <span class=sf-dump-num>118</span>
    \"<span class=sf-dump-key>name</span>\" => \"<span class=sf-dump-str title=\"41 characters\">&amp;nbsp;&amp;nbsp;&amp;nbsp;7D HIFU (One Face Area)</span>\"
    \"<span class=sf-dump-key>parent_id</span>\" => <span class=sf-dump-num>55</span>
    \"<span class=sf-dump-key>slug</span>\" => \"<span class=sf-dump-str title=\"6 characters\">custom</span>\"
    \"<span class=sf-dump-key>complimentory</span>\" => <span class=sf-dump-num>0</span>
    \"<span class=sf-dump-key>duration</span>\" => \"<span class=sf-dump-str title=\"5 characters\">00:30</span>\"
    \"<span class=sf-dump-key>price</span>\" => <span class=sf-dump-num>25000.0</span>
    \"<span class=sf-dump-key>color</span>\" => \"<span class=sf-dump-str title=\"7 characters\">#db2424</span>\"
    \"<span class=sf-dump-key>end_node</span>\" => <span class=sf-dump-num>1</span>
    \"<span class=sf-dump-key>active</span>\" => <span class=sf-dump-num>1</span>
  </samp>]
  <span class=sf-dump-key>124</span> => <span class=sf-dump-note>array:10</span> [<samp data-depth=2 class=sf-dump-compact>
    \"<span class=sf-dump-key>id</span>\" => <span class=sf-dump-num>124</span>
    \"<span class=sf-dump-key>name</span>\" => \"<span class=sf-dump-str title=\"37 characters\">&amp;nbsp;&amp;nbsp;&amp;nbsp;7D HIFU Face + Neck</span>\"
    \"<span class=sf-dump-key>parent_id</span>\" => <span class=sf-dump-num>55</span>
    \"<span class=sf-dump-key>slug</span>\" => \"<span class=sf-dump-str title=\"6 characters\">custom</span>\"
    \"<span class=sf-dump-key>complimentory</span>\" => <span class=sf-dump-num>0</span>
    \"<span class=sf-dump-key>duration</span>\" => \"<span class=sf-dump-str title=\"5 characters\">02:00</span>\"
    \"<span class=sf-dump-key>price</span>\" => <span class=sf-dump-num>65000.0</span>
    \"<span class=sf-dump-key>color</span>\" => \"<span class=sf-dump-str title=\"7 characters\">#000000</span>\"
    \"<span class=sf-dump-key>end_node</span>\" => <span class=sf-dump-num>1</span>
    \"<span class=sf-dump-key>active</span>\" => <span class=sf-dump-num>1</span>
  </samp>]
  <span class=sf-dump-key>110</span> => <span class=sf-dump-note>array:10</span> [<samp data-depth=2 class=sf-dump-compact>
    \"<span class=sf-dump-key>id</span>\" => <span class=sf-dump-num>110</span>
    \"<span class=sf-dump-key>name</span>\" => \"<span class=sf-dump-str title=\"35 characters\">&amp;nbsp;&amp;nbsp;&amp;nbsp;7D HIFU Full Face</span>\"
    \"<span class=sf-dump-key>parent_id</span>\" => <span class=sf-dump-num>55</span>
    \"<span class=sf-dump-key>slug</span>\" => \"<span class=sf-dump-str title=\"6 characters\">custom</span>\"
    \"<span class=sf-dump-key>complimentory</span>\" => <span class=sf-dump-num>0</span>
    \"<span class=sf-dump-key>duration</span>\" => \"<span class=sf-dump-str title=\"5 characters\">01:30</span>\"
    \"<span class=sf-dump-key>price</span>\" => <span class=sf-dump-num>49000.0</span>
    \"<span class=sf-dump-key>color</span>\" => \"<span class=sf-dump-str title=\"7 characters\">#dd2727</span>\"
    \"<span class=sf-dump-key>end_node</span>\" => <span class=sf-dump-num>1</span>
    \"<span class=sf-dump-key>active</span>\" => <span class=sf-dump-num>1</span>
  </samp>]
  <span class=sf-dump-key>123</span> => <span class=sf-dump-note>array:10</span> [<samp data-depth=2 class=sf-dump-compact>
    \"<span class=sf-dump-key>id</span>\" => <span class=sf-dump-num>123</span>
    \"<span class=sf-dump-key>name</span>\" => \"<span class=sf-dump-str title=\"30 characters\">&amp;nbsp;&amp;nbsp;&amp;nbsp;7D HIFU Neck</span>\"
    \"<span class=sf-dump-key>parent_id</span>\" => <span class=sf-dump-num>55</span>
    \"<span class=sf-dump-key>slug</span>\" => \"<span class=sf-dump-str title=\"6 characters\">custom</span>\"
    \"<span class=sf-dump-key>complimentory</span>\" => <span class=sf-dump-num>0</span>
    \"<span class=sf-dump-key>duration</span>\" => \"<span class=sf-dump-str title=\"5 characters\">00:30</span>\"
    \"<span class=sf-dump-key>price</span>\" => <span class=sf-dump-num>25000.0</span>
    \"<span class=sf-dump-key>color</span>\" => \"<span class=sf-dump-str title=\"7 characters\">#d93f3f</span>\"
    \"<span class=sf-dump-key>end_node</span>\" => <span class=sf-dump-num>1</span>
    \"<span class=sf-dump-key>active</span>\" => <span class=sf-dump-num>1</span>
  </samp>]
  <span class=sf-dump-key>56</span> => <span class=sf-dump-note>array:10</span> [<samp data-depth=2 class=sf-dump-compact>
    \"<span class=sf-dump-key>id</span>\" => <span class=sf-dump-num>56</span>
    \"<span class=sf-dump-key>name</span>\" => \"<span class=sf-dump-str title=\"51 characters\">&amp;nbsp;&amp;nbsp;&amp;nbsp;Injection lipolysis - Double Chin</span>\"
    \"<span class=sf-dump-key>parent_id</span>\" => <span class=sf-dump-num>55</span>
    \"<span class=sf-dump-key>slug</span>\" => \"<span class=sf-dump-str title=\"6 characters\">custom</span>\"
    \"<span class=sf-dump-key>complimentory</span>\" => <span class=sf-dump-num>0</span>
    \"<span class=sf-dump-key>duration</span>\" => \"<span class=sf-dump-str title=\"5 characters\">00:20</span>\"
    \"<span class=sf-dump-key>price</span>\" => <span class=sf-dump-num>10000.0</span>
    \"<span class=sf-dump-key>color</span>\" => \"<span class=sf-dump-str title=\"7 characters\">#ce50ac</span>\"
    \"<span class=sf-dump-key>end_node</span>\" => <span class=sf-dump-num>1</span>
    \"<span class=sf-dump-key>active</span>\" => <span class=sf-dump-num>0</span>
  </samp>]
  <span class=sf-dump-key>58</span> => <span class=sf-dump-note>array:10</span> [<samp data-depth=2 class=sf-dump-compact>
    \"<span class=sf-dump-key>id</span>\" => <span class=sf-dump-num>58</span>
    \"<span class=sf-dump-key>name</span>\" => \"<span class=sf-dump-str title=\"57 characters\">&amp;nbsp;&amp;nbsp;&amp;nbsp;ULTIMATE - Double Chin (Cool Sculpting)</span>\"
    \"<span class=sf-dump-key>parent_id</span>\" => <span class=sf-dump-num>55</span>
    \"<span class=sf-dump-key>slug</span>\" => \"<span class=sf-dump-str title=\"6 characters\">custom</span>\"
    \"<span class=sf-dump-key>complimentory</span>\" => <span class=sf-dump-num>0</span>
    \"<span class=sf-dump-key>duration</span>\" => \"<span class=sf-dump-str title=\"5 characters\">00:45</span>\"
    \"<span class=sf-dump-key>price</span>\" => <span class=sf-dump-num>20000.0</span>
    \"<span class=sf-dump-key>color</span>\" => \"<span class=sf-dump-str title=\"7 characters\">#b54a83</span>\"
    \"<span class=sf-dump-key>end_node</span>\" => <span class=sf-dump-num>1</span>
    \"<span class=sf-dump-key>active</span>\" => <span class=sf-dump-num>1</span>
  </samp>]
  <span class=sf-dump-key>60</span> => <span class=sf-dump-note>array:10</span> [<samp data-depth=2 class=sf-dump-compact>
    \"<span class=sf-dump-key>id</span>\" => <span class=sf-dump-num>60</span>
    \"<span class=sf-dump-key>name</span>\" => \"<span class=sf-dump-str title=\"43 characters\">&amp;nbsp;&amp;nbsp;&amp;nbsp;ULTIMATE - Double Chin RF</span>\"
    \"<span class=sf-dump-key>parent_id</span>\" => <span class=sf-dump-num>55</span>
    \"<span class=sf-dump-key>slug</span>\" => \"<span class=sf-dump-str title=\"6 characters\">custom</span>\"
    \"<span class=sf-dump-key>complimentory</span>\" => <span class=sf-dump-num>0</span>
    \"<span class=sf-dump-key>duration</span>\" => \"<span class=sf-dump-str title=\"5 characters\">00:20</span>\"
    \"<span class=sf-dump-key>price</span>\" => <span class=sf-dump-num>7000.0</span>
    \"<span class=sf-dump-key>color</span>\" => \"<span class=sf-dump-str title=\"7 characters\">#96317b</span>\"
    \"<span class=sf-dump-key>end_node</span>\" => <span class=sf-dump-num>1</span>
    \"<span class=sf-dump-key>active</span>\" => <span class=sf-dump-num>1</span>
  </samp>]
  <span class=sf-dump-key>-14</span> => <span class=sf-dump-note>array:10</span> [<samp data-depth=2 class=sf-dump-compact>
    \"<span class=sf-dump-key>id</span>\" => <span class=sf-dump-num>14</span>
    \"<span class=sf-dump-key>name</span>\" => \"<span class=sf-dump-str title=\"18 characters\">Laser Hair Removal</span>\"
    \"<span class=sf-dump-key>parent_id</span>\" => <span class=sf-dump-num>0</span>
    \"<span class=sf-dump-key>slug</span>\" => \"<span class=sf-dump-str title=\"6 characters\">custom</span>\"
    \"<span class=sf-dump-key>complimentory</span>\" => <span class=sf-dump-num>0</span>
    \"<span class=sf-dump-key>active</span>\" => <span class=sf-dump-num>1</span>
    \"<span class=sf-dump-key>duration</span>\" => \"<span class=sf-dump-str title=\"5 characters\">00:30</span>\"
    \"<span class=sf-dump-key>price</span>\" => <span class=sf-dump-num>0.0</span>
    \"<span class=sf-dump-key>color</span>\" => \"<span class=sf-dump-str title=\"7 characters\">#09ecec</span>\"
    \"<span class=sf-dump-key>end_node</span>\" => <span class=sf-dump-num>0</span>
  </samp>]
  <span class=sf-dump-key>45</span> => <span class=sf-dump-note>array:10</span> [<samp data-depth=2 class=sf-dump-compact>
    \"<span class=sf-dump-key>id</span>\" => <span class=sf-dump-num>45</span>
    \"<span class=sf-dump-key>name</span>\" => \"<span class=sf-dump-str title=\"49 characters\">&amp;nbsp;&amp;nbsp;&amp;nbsp;TITANIUM - Abdomen Hair removal</span>\"
    \"<span class=sf-dump-key>parent_id</span>\" => <span class=sf-dump-num>14</span>
    \"<span class=sf-dump-key>slug</span>\" => \"<span class=sf-dump-str title=\"6 characters\">custom</span>\"
    \"<span class=sf-dump-key>complimentory</span>\" => <span class=sf-dump-num>0</span>
    \"<span class=sf-dump-key>duration</span>\" => \"<span class=sf-dump-str title=\"5 characters\">00:20</span>\"
    \"<span class=sf-dump-key>price</span>\" => <span class=sf-dump-num>6000.0</span>
    \"<span class=sf-dump-key>color</span>\" => \"<span class=sf-dump-str title=\"7 characters\">#c97e7e</span>\"
    \"<span class=sf-dump-key>end_node</span>\" => <span class=sf-dump-num>1</span>
    \"<span class=sf-dump-key>active</span>\" => <span class=sf-dump-num>1</span>
  </samp>]
  <span class=sf-dump-key>40</span> => <span class=sf-dump-note>array:10</span> [<samp data-depth=2 class=sf-dump-compact>
    \"<span class=sf-dump-key>id</span>\" => <span class=sf-dump-num>40</span>
    \"<span class=sf-dump-key>name</span>\" => \"<span class=sf-dump-str title=\"48 characters\">&amp;nbsp;&amp;nbsp;&amp;nbsp;TITANIUM - Areola Hair removal</span>\"
    \"<span class=sf-dump-key>parent_id</span>\" => <span class=sf-dump-num>14</span>
    \"<span class=sf-dump-key>slug</span>\" => \"<span class=sf-dump-str title=\"6 characters\">custom</span>\"
    \"<span class=sf-dump-key>complimentory</span>\" => <span class=sf-dump-num>0</span>
    \"<span class=sf-dump-key>duration</span>\" => \"<span class=sf-dump-str title=\"5 characters\">00:10</span>\"
    \"<span class=sf-dump-key>price</span>\" => <span class=sf-dump-num>3000.0</span>
    \"<span class=sf-dump-key>color</span>\" => \"<span class=sf-dump-str title=\"7 characters\">#a88080</span>\"
    \"<span class=sf-dump-key>end_node</span>\" => <span class=sf-dump-num>1</span>
    \"<span class=sf-dump-key>active</span>\" => <span class=sf-dump-num>1</span>
  </samp>]
  <span class=sf-dump-key>141</span> => <span class=sf-dump-note>array:10</span> [<samp data-depth=2 class=sf-dump-compact>
    \"<span class=sf-dump-key>id</span>\" => <span class=sf-dump-num>141</span>
    \"<span class=sf-dump-key>name</span>\" => \"<span class=sf-dump-str title=\"52 characters\">&amp;nbsp;&amp;nbsp;&amp;nbsp;TITANIUM - Beard line Hair removal</span>\"
    \"<span class=sf-dump-key>parent_id</span>\" => <span class=sf-dump-num>14</span>
    \"<span class=sf-dump-key>slug</span>\" => \"<span class=sf-dump-str title=\"6 characters\">custom</span>\"
    \"<span class=sf-dump-key>complimentory</span>\" => <span class=sf-dump-num>0</span>
    \"<span class=sf-dump-key>duration</span>\" => \"<span class=sf-dump-str title=\"5 characters\">00:10</span>\"
    \"<span class=sf-dump-key>price</span>\" => <span class=sf-dump-num>3000.0</span>
    \"<span class=sf-dump-key>color</span>\" => \"<span class=sf-dump-str title=\"7 characters\">#d02f2f</span>\"
    \"<span class=sf-dump-key>end_node</span>\" => <span class=sf-dump-num>1</span>
    \"<span class=sf-dump-key>active</span>\" => <span class=sf-dump-num>1</span>
  </samp>]
  <span class=sf-dump-key>122</span> => <span class=sf-dump-note>array:10</span> [<samp data-depth=2 class=sf-dump-compact>
    \"<span class=sf-dump-key>id</span>\" => <span class=sf-dump-num>122</span>
    \"<span class=sf-dump-key>name</span>\" => \"<span class=sf-dump-str title=\"56 characters\">&amp;nbsp;&amp;nbsp;&amp;nbsp;TITANIUM - Beard Neckline Hair removal</span>\"
    \"<span class=sf-dump-key>parent_id</span>\" => <span class=sf-dump-num>14</span>
    \"<span class=sf-dump-key>slug</span>\" => \"<span class=sf-dump-str title=\"6 characters\">custom</span>\"
    \"<span class=sf-dump-key>complimentory</span>\" => <span class=sf-dump-num>0</span>
    \"<span class=sf-dump-key>duration</span>\" => \"<span class=sf-dump-str title=\"5 characters\">00:30</span>\"
    \"<span class=sf-dump-key>price</span>\" => <span class=sf-dump-num>6000.0</span>
    \"<span class=sf-dump-key>color</span>\" => \"<span class=sf-dump-str title=\"7 characters\">#c74848</span>\"
    \"<span class=sf-dump-key>end_node</span>\" => <span class=sf-dump-num>1</span>
    \"<span class=sf-dump-key>active</span>\" => <span class=sf-dump-num>1</span>
  </samp>]
  <span class=sf-dump-key>35</span> => <span class=sf-dump-note>array:10</span> [<samp data-depth=2 class=sf-dump-compact>
    \"<span class=sf-dump-key>id</span>\" => <span class=sf-dump-num>35</span>
    \"<span class=sf-dump-key>name</span>\" => \"<span class=sf-dump-str title=\"65 characters\">&amp;nbsp;&amp;nbsp;&amp;nbsp;TITANIUM - Bikini / Brazilian area Hair removal</span>\"
    \"<span class=sf-dump-key>parent_id</span>\" => <span class=sf-dump-num>14</span>
    \"<span class=sf-dump-key>slug</span>\" => \"<span class=sf-dump-str title=\"6 characters\">custom</span>\"
    \"<span class=sf-dump-key>complimentory</span>\" => <span class=sf-dump-num>0</span>
    \"<span class=sf-dump-key>duration</span>\" => \"<span class=sf-dump-str title=\"5 characters\">00:25</span>\"
    \"<span class=sf-dump-key>price</span>\" => <span class=sf-dump-num>8000.0</span>
    \"<span class=sf-dump-key>color</span>\" => \"<span class=sf-dump-str title=\"7 characters\">#845858</span>\"
    \"<span class=sf-dump-key>end_node</span>\" => <span class=sf-dump-num>1</span>
    \"<span class=sf-dump-key>active</span>\" => <span class=sf-dump-num>1</span>
  </samp>]
  <span class=sf-dump-key>33</span> => <span class=sf-dump-note>array:10</span> [<samp data-depth=2 class=sf-dump-compact>
    \"<span class=sf-dump-key>id</span>\" => <span class=sf-dump-num>33</span>
    \"<span class=sf-dump-key>name</span>\" => \"<span class=sf-dump-str title=\"53 characters\">&amp;nbsp;&amp;nbsp;&amp;nbsp;TITANIUM - Bikini Line Hair removal</span>\"
    \"<span class=sf-dump-key>parent_id</span>\" => <span class=sf-dump-num>14</span>
    \"<span class=sf-dump-key>slug</span>\" => \"<span class=sf-dump-str title=\"6 characters\">custom</span>\"
    \"<span class=sf-dump-key>complimentory</span>\" => <span class=sf-dump-num>0</span>
    \"<span class=sf-dump-key>duration</span>\" => \"<span class=sf-dump-str title=\"5 characters\">00:15</span>\"
    \"<span class=sf-dump-key>price</span>\" => <span class=sf-dump-num>3000.0</span>
    \"<span class=sf-dump-key>color</span>\" => \"<span class=sf-dump-str title=\"7 characters\">#a77272</span>\"
    \"<span class=sf-dump-key>end_node</span>\" => <span class=sf-dump-num>1</span>
    \"<span class=sf-dump-key>active</span>\" => <span class=sf-dump-num>0</span>
  </samp>]
  <span class=sf-dump-key>44</span> => <span class=sf-dump-note>array:10</span> [<samp data-depth=2 class=sf-dump-compact>
    \"<span class=sf-dump-key>id</span>\" => <span class=sf-dump-num>44</span>
    \"<span class=sf-dump-key>name</span>\" => \"<span class=sf-dump-str title=\"50 characters\">&amp;nbsp;&amp;nbsp;&amp;nbsp;TITANIUM - Buttocks Hair removal</span>\"
    \"<span class=sf-dump-key>parent_id</span>\" => <span class=sf-dump-num>14</span>
    \"<span class=sf-dump-key>slug</span>\" => \"<span class=sf-dump-str title=\"6 characters\">custom</span>\"
    \"<span class=sf-dump-key>complimentory</span>\" => <span class=sf-dump-num>0</span>
    \"<span class=sf-dump-key>duration</span>\" => \"<span class=sf-dump-str title=\"5 characters\">00:25</span>\"
    \"<span class=sf-dump-key>price</span>\" => <span class=sf-dump-num>6000.0</span>
    \"<span class=sf-dump-key>color</span>\" => \"<span class=sf-dump-str title=\"7 characters\">#bd7a7a</span>\"
    \"<span class=sf-dump-key>end_node</span>\" => <span class=sf-dump-num>1</span>
    \"<span class=sf-dump-key>active</span>\" => <span class=sf-dump-num>1</span>
  </samp>]
  <span class=sf-dump-key>19</span> => <span class=sf-dump-note>array:10</span> [<samp data-depth=2 class=sf-dump-compact>
    \"<span class=sf-dump-key>id</span>\" => <span class=sf-dump-num>19</span>
    \"<span class=sf-dump-key>name</span>\" => \"<span class=sf-dump-str title=\"48 characters\">&amp;nbsp;&amp;nbsp;&amp;nbsp;TITANIUM - Cheeks Hair removal</span>\"
    \"<span class=sf-dump-key>parent_id</span>\" => <span class=sf-dump-num>14</span>
    \"<span class=sf-dump-key>slug</span>\" => \"<span class=sf-dump-str title=\"6 characters\">custom</span>\"
    \"<span class=sf-dump-key>complimentory</span>\" => <span class=sf-dump-num>0</span>
    \"<span class=sf-dump-key>duration</span>\" => \"<span class=sf-dump-str title=\"5 characters\">00:10</span>\"
    \"<span class=sf-dump-key>price</span>\" => <span class=sf-dump-num>3000.0</span>
    \"<span class=sf-dump-key>color</span>\" => \"<span class=sf-dump-str title=\"7 characters\">#ab6363</span>\"
    \"<span class=sf-dump-key>end_node</span>\" => <span class=sf-dump-num>1</span>
    \"<span class=sf-dump-key>active</span>\" => <span class=sf-dump-num>1</span>
  </samp>]
  <span class=sf-dump-key>38</span> => <span class=sf-dump-note>array:10</span> [<samp data-depth=2 class=sf-dump-compact>
    \"<span class=sf-dump-key>id</span>\" => <span class=sf-dump-num>38</span>
    \"<span class=sf-dump-key>name</span>\" => \"<span class=sf-dump-str title=\"47 characters\">&amp;nbsp;&amp;nbsp;&amp;nbsp;TITANIUM - Chest Hair removal</span>\"
    \"<span class=sf-dump-key>parent_id</span>\" => <span class=sf-dump-num>14</span>
    \"<span class=sf-dump-key>slug</span>\" => \"<span class=sf-dump-str title=\"6 characters\">custom</span>\"
    \"<span class=sf-dump-key>complimentory</span>\" => <span class=sf-dump-num>0</span>
    \"<span class=sf-dump-key>duration</span>\" => \"<span class=sf-dump-str title=\"5 characters\">00:25</span>\"
    \"<span class=sf-dump-key>price</span>\" => <span class=sf-dump-num>6000.0</span>
    \"<span class=sf-dump-key>color</span>\" => \"<span class=sf-dump-str title=\"7 characters\">#d87d7d</span>\"
    \"<span class=sf-dump-key>end_node</span>\" => <span class=sf-dump-num>1</span>
    \"<span class=sf-dump-key>active</span>\" => <span class=sf-dump-num>1</span>
  </samp>]
  <span class=sf-dump-key>18</span> => <span class=sf-dump-note>array:10</span> [<samp data-depth=2 class=sf-dump-compact>
    \"<span class=sf-dump-key>id</span>\" => <span class=sf-dump-num>18</span>
    \"<span class=sf-dump-key>name</span>\" => \"<span class=sf-dump-str title=\"46 characters\">&amp;nbsp;&amp;nbsp;&amp;nbsp;TITANIUM - Chin Hair removal</span>\"
    \"<span class=sf-dump-key>parent_id</span>\" => <span class=sf-dump-num>14</span>
    \"<span class=sf-dump-key>slug</span>\" => \"<span class=sf-dump-str title=\"6 characters\">custom</span>\"
    \"<span class=sf-dump-key>complimentory</span>\" => <span class=sf-dump-num>0</span>
    \"<span class=sf-dump-key>duration</span>\" => \"<span class=sf-dump-str title=\"5 characters\">00:10</span>\"
    \"<span class=sf-dump-key>price</span>\" => <span class=sf-dump-num>2000.0</span>
    \"<span class=sf-dump-key>color</span>\" => \"<span class=sf-dump-str title=\"7 characters\">#db6666</span>\"
    \"<span class=sf-dump-key>end_node</span>\" => <span class=sf-dump-num>1</span>
    \"<span class=sf-dump-key>active</span>\" => <span class=sf-dump-num>1</span>
  </samp>]
  <span class=sf-dump-key>111</span> => <span class=sf-dump-note>array:10</span> [<samp data-depth=2 class=sf-dump-compact>
    \"<span class=sf-dump-key>id</span>\" => <span class=sf-dump-num>111</span>
    \"<span class=sf-dump-key>name</span>\" => \"<span class=sf-dump-str title=\"46 characters\">&amp;nbsp;&amp;nbsp;&amp;nbsp;TITANIUM - Ears Hair removal</span>\"
    \"<span class=sf-dump-key>parent_id</span>\" => <span class=sf-dump-num>14</span>
    \"<span class=sf-dump-key>slug</span>\" => \"<span class=sf-dump-str title=\"6 characters\">custom</span>\"
    \"<span class=sf-dump-key>complimentory</span>\" => <span class=sf-dump-num>0</span>
    \"<span class=sf-dump-key>duration</span>\" => \"<span class=sf-dump-str title=\"5 characters\">00:10</span>\"
    \"<span class=sf-dump-key>price</span>\" => <span class=sf-dump-num>3000.0</span>
    \"<span class=sf-dump-key>color</span>\" => \"<span class=sf-dump-str title=\"7 characters\">#cc3838</span>\"
    \"<span class=sf-dump-key>end_node</span>\" => <span class=sf-dump-num>1</span>
    \"<span class=sf-dump-key>active</span>\" => <span class=sf-dump-num>1</span>
  </samp>]
  <span class=sf-dump-key>32</span> => <span class=sf-dump-note>array:10</span> [<samp data-depth=2 class=sf-dump-compact>
    \"<span class=sf-dump-key>id</span>\" => <span class=sf-dump-num>32</span>
    \"<span class=sf-dump-key>name</span>\" => \"<span class=sf-dump-str title=\"53 characters\">&amp;nbsp;&amp;nbsp;&amp;nbsp;TITANIUM - Feet &amp; Toes Hair removal</span>\"
    \"<span class=sf-dump-key>parent_id</span>\" => <span class=sf-dump-num>14</span>
    \"<span class=sf-dump-key>slug</span>\" => \"<span class=sf-dump-str title=\"6 characters\">custom</span>\"
    \"<span class=sf-dump-key>complimentory</span>\" => <span class=sf-dump-num>0</span>
    \"<span class=sf-dump-key>duration</span>\" => \"<span class=sf-dump-str title=\"5 characters\">00:15</span>\"
    \"<span class=sf-dump-key>price</span>\" => <span class=sf-dump-num>4000.0</span>
    \"<span class=sf-dump-key>color</span>\" => \"<span class=sf-dump-str title=\"7 characters\">#b65858</span>\"
    \"<span class=sf-dump-key>end_node</span>\" => <span class=sf-dump-num>1</span>
    \"<span class=sf-dump-key>active</span>\" => <span class=sf-dump-num>1</span>
  </samp>]
  <span class=sf-dump-key>26</span> => <span class=sf-dump-note>array:10</span> [<samp data-depth=2 class=sf-dump-compact>
    \"<span class=sf-dump-key>id</span>\" => <span class=sf-dump-num>26</span>
    \"<span class=sf-dump-key>name</span>\" => \"<span class=sf-dump-str title=\"50 characters\">&amp;nbsp;&amp;nbsp;&amp;nbsp;TITANIUM - Forearms Hair removal</span>\"
    \"<span class=sf-dump-key>parent_id</span>\" => <span class=sf-dump-num>14</span>
    \"<span class=sf-dump-key>slug</span>\" => \"<span class=sf-dump-str title=\"6 characters\">custom</span>\"
    \"<span class=sf-dump-key>complimentory</span>\" => <span class=sf-dump-num>0</span>
    \"<span class=sf-dump-key>duration</span>\" => \"<span class=sf-dump-str title=\"5 characters\">00:30</span>\"
    \"<span class=sf-dump-key>price</span>\" => <span class=sf-dump-num>7000.0</span>
    \"<span class=sf-dump-key>color</span>\" => \"<span class=sf-dump-str title=\"7 characters\">#b97979</span>\"
    \"<span class=sf-dump-key>end_node</span>\" => <span class=sf-dump-num>1</span>
    \"<span class=sf-dump-key>active</span>\" => <span class=sf-dump-num>1</span>
  </samp>]
  <span class=sf-dump-key>16</span> => <span class=sf-dump-note>array:10</span> [<samp data-depth=2 class=sf-dump-compact>
    \"<span class=sf-dump-key>id</span>\" => <span class=sf-dump-num>16</span>
    \"<span class=sf-dump-key>name</span>\" => \"<span class=sf-dump-str title=\"50 characters\">&amp;nbsp;&amp;nbsp;&amp;nbsp;TITANIUM - Forehead Hair removal</span>\"
    \"<span class=sf-dump-key>parent_id</span>\" => <span class=sf-dump-num>14</span>
    \"<span class=sf-dump-key>slug</span>\" => \"<span class=sf-dump-str title=\"6 characters\">custom</span>\"
    \"<span class=sf-dump-key>complimentory</span>\" => <span class=sf-dump-num>0</span>
    \"<span class=sf-dump-key>duration</span>\" => \"<span class=sf-dump-str title=\"5 characters\">00:10</span>\"
    \"<span class=sf-dump-key>price</span>\" => <span class=sf-dump-num>2000.0</span>
    \"<span class=sf-dump-key>color</span>\" => \"<span class=sf-dump-str title=\"7 characters\">#e77474</span>\"
    \"<span class=sf-dump-key>end_node</span>\" => <span class=sf-dump-num>1</span>
    \"<span class=sf-dump-key>active</span>\" => <span class=sf-dump-num>1</span>
  </samp>]
  <span class=sf-dump-key>22</span> => <span class=sf-dump-note>array:10</span> [<samp data-depth=2 class=sf-dump-compact>
    \"<span class=sf-dump-key>id</span>\" => <span class=sf-dump-num>22</span>
    \"<span class=sf-dump-key>name</span>\" => \"<span class=sf-dump-str title=\"59 characters\">&amp;nbsp;&amp;nbsp;&amp;nbsp;TITANIUM - Front of the Neck Hair removal</span>\"
    \"<span class=sf-dump-key>parent_id</span>\" => <span class=sf-dump-num>14</span>
    \"<span class=sf-dump-key>slug</span>\" => \"<span class=sf-dump-str title=\"6 characters\">custom</span>\"
    \"<span class=sf-dump-key>complimentory</span>\" => <span class=sf-dump-num>0</span>
    \"<span class=sf-dump-key>duration</span>\" => \"<span class=sf-dump-str title=\"5 characters\">00:10</span>\"
    \"<span class=sf-dump-key>price</span>\" => <span class=sf-dump-num>3000.0</span>
    \"<span class=sf-dump-key>color</span>\" => \"<span class=sf-dump-str title=\"7 characters\">#ae6565</span>\"
    \"<span class=sf-dump-key>end_node</span>\" => <span class=sf-dump-num>1</span>
    \"<span class=sf-dump-key>active</span>\" => <span class=sf-dump-num>1</span>
  </samp>]
  <span class=sf-dump-key>28</span> => <span class=sf-dump-note>array:10</span> [<samp data-depth=2 class=sf-dump-compact>
    \"<span class=sf-dump-key>id</span>\" => <span class=sf-dump-num>28</span>
    \"<span class=sf-dump-key>name</span>\" => \"<span class=sf-dump-str title=\"77 characters\">&amp;nbsp;&amp;nbsp;&amp;nbsp;TITANIUM - Full arms including hands &amp; fingers Hair removal</span>\"
    \"<span class=sf-dump-key>parent_id</span>\" => <span class=sf-dump-num>14</span>
    \"<span class=sf-dump-key>slug</span>\" => \"<span class=sf-dump-str title=\"6 characters\">custom</span>\"
    \"<span class=sf-dump-key>complimentory</span>\" => <span class=sf-dump-num>0</span>
    \"<span class=sf-dump-key>duration</span>\" => \"<span class=sf-dump-str title=\"5 characters\">00:30</span>\"
    \"<span class=sf-dump-key>price</span>\" => <span class=sf-dump-num>10000.0</span>
    \"<span class=sf-dump-key>color</span>\" => \"<span class=sf-dump-str title=\"7 characters\">#a06464</span>\"
    \"<span class=sf-dump-key>end_node</span>\" => <span class=sf-dump-num>1</span>
    \"<span class=sf-dump-key>active</span>\" => <span class=sf-dump-num>1</span>
  </samp>]
  <span class=sf-dump-key>29</span> => <span class=sf-dump-note>array:10</span> [<samp data-depth=2 class=sf-dump-compact>
    \"<span class=sf-dump-key>id</span>\" => <span class=sf-dump-num>29</span>
    \"<span class=sf-dump-key>name</span>\" => \"<span class=sf-dump-str title=\"91 characters\">&amp;nbsp;&amp;nbsp;&amp;nbsp;TITANIUM - Full arms including hands and fingers + underarms Hair removal</span>\"
    \"<span class=sf-dump-key>parent_id</span>\" => <span class=sf-dump-num>14</span>
    \"<span class=sf-dump-key>slug</span>\" => \"<span class=sf-dump-str title=\"6 characters\">custom</span>\"
    \"<span class=sf-dump-key>complimentory</span>\" => <span class=sf-dump-num>0</span>
    \"<span class=sf-dump-key>duration</span>\" => \"<span class=sf-dump-str title=\"5 characters\">00:40</span>\"
    \"<span class=sf-dump-key>price</span>\" => <span class=sf-dump-num>12000.0</span>
    \"<span class=sf-dump-key>color</span>\" => \"<span class=sf-dump-str title=\"7 characters\">#b55a5a</span>\"
    \"<span class=sf-dump-key>end_node</span>\" => <span class=sf-dump-num>1</span>
    \"<span class=sf-dump-key>active</span>\" => <span class=sf-dump-num>1</span>
  </samp>]
  <span class=sf-dump-key>46</span> => <span class=sf-dump-note>array:10</span> [<samp data-depth=2 class=sf-dump-compact>
    \"<span class=sf-dump-key>id</span>\" => <span class=sf-dump-num>46</span>
    \"<span class=sf-dump-key>name</span>\" => \"<span class=sf-dump-str title=\"51 characters\">&amp;nbsp;&amp;nbsp;&amp;nbsp;TITANIUM - Full Back Hair removal</span>\"
    \"<span class=sf-dump-key>parent_id</span>\" => <span class=sf-dump-num>14</span>
    \"<span class=sf-dump-key>slug</span>\" => \"<span class=sf-dump-str title=\"6 characters\">custom</span>\"
    \"<span class=sf-dump-key>complimentory</span>\" => <span class=sf-dump-num>0</span>
    \"<span class=sf-dump-key>duration</span>\" => \"<span class=sf-dump-str title=\"5 characters\">00:30</span>\"
    \"<span class=sf-dump-key>price</span>\" => <span class=sf-dump-num>10000.0</span>
    \"<span class=sf-dump-key>color</span>\" => \"<span class=sf-dump-str title=\"7 characters\">#b46e6e</span>\"
    \"<span class=sf-dump-key>end_node</span>\" => <span class=sf-dump-num>1</span>
    \"<span class=sf-dump-key>active</span>\" => <span class=sf-dump-num>1</span>
  </samp>]
  <span class=sf-dump-key>54</span> => <span class=sf-dump-note>array:10</span> [<samp data-depth=2 class=sf-dump-compact>
    \"<span class=sf-dump-key>id</span>\" => <span class=sf-dump-num>54</span>
    \"<span class=sf-dump-key>name</span>\" => \"<span class=sf-dump-str title=\"82 characters\">&amp;nbsp;&amp;nbsp;&amp;nbsp;TITANIUM - Full Body Hair removal (including Bikini / Brazilian)</span>\"
    \"<span class=sf-dump-key>parent_id</span>\" => <span class=sf-dump-num>14</span>
    \"<span class=sf-dump-key>slug</span>\" => \"<span class=sf-dump-str title=\"6 characters\">custom</span>\"
    \"<span class=sf-dump-key>complimentory</span>\" => <span class=sf-dump-num>0</span>
    \"<span class=sf-dump-key>duration</span>\" => \"<span class=sf-dump-str title=\"5 characters\">01:30</span>\"
    \"<span class=sf-dump-key>price</span>\" => <span class=sf-dump-num>35000.0</span>
    \"<span class=sf-dump-key>color</span>\" => \"<span class=sf-dump-str title=\"7 characters\">#000000</span>\"
    \"<span class=sf-dump-key>end_node</span>\" => <span class=sf-dump-num>1</span>
    \"<span class=sf-dump-key>active</span>\" => <span class=sf-dump-num>1</span>
  </samp>]
  <span class=sf-dump-key>47</span> => <span class=sf-dump-note>array:10</span> [<samp data-depth=2 class=sf-dump-compact>
    \"<span class=sf-dump-key>id</span>\" => <span class=sf-dump-num>47</span>
    \"<span class=sf-dump-key>name</span>\" => \"<span class=sf-dump-str title=\"80 characters\">&amp;nbsp;&amp;nbsp;&amp;nbsp;TITANIUM - Full Body Hair removal (without Bikini / Brazilian)</span>\"
    \"<span class=sf-dump-key>parent_id</span>\" => <span class=sf-dump-num>14</span>
    \"<span class=sf-dump-key>slug</span>\" => \"<span class=sf-dump-str title=\"6 characters\">custom</span>\"
    \"<span class=sf-dump-key>complimentory</span>\" => <span class=sf-dump-num>0</span>
    \"<span class=sf-dump-key>duration</span>\" => \"<span class=sf-dump-str title=\"5 characters\">01:30</span>\"
    \"<span class=sf-dump-key>price</span>\" => <span class=sf-dump-num>30000.0</span>
    \"<span class=sf-dump-key>color</span>\" => \"<span class=sf-dump-str title=\"7 characters\">#d87474</span>\"
    \"<span class=sf-dump-key>end_node</span>\" => <span class=sf-dump-num>1</span>
    \"<span class=sf-dump-key>active</span>\" => <span class=sf-dump-num>1</span>
  </samp>]
  <span class=sf-dump-key>20</span> => <span class=sf-dump-note>array:10</span> [<samp data-depth=2 class=sf-dump-compact>
    \"<span class=sf-dump-key>id</span>\" => <span class=sf-dump-num>20</span>
    \"<span class=sf-dump-key>name</span>\" => \"<span class=sf-dump-str title=\"51 characters\">&amp;nbsp;&amp;nbsp;&amp;nbsp;TITANIUM - Full Face Hair removal</span>\"
    \"<span class=sf-dump-key>parent_id</span>\" => <span class=sf-dump-num>14</span>
    \"<span class=sf-dump-key>slug</span>\" => \"<span class=sf-dump-str title=\"6 characters\">custom</span>\"
    \"<span class=sf-dump-key>complimentory</span>\" => <span class=sf-dump-num>0</span>
    \"<span class=sf-dump-key>duration</span>\" => \"<span class=sf-dump-str title=\"5 characters\">00:25</span>\"
    \"<span class=sf-dump-key>price</span>\" => <span class=sf-dump-num>6000.0</span>
    \"<span class=sf-dump-key>color</span>\" => \"<span class=sf-dump-str title=\"7 characters\">#bb8181</span>\"
    \"<span class=sf-dump-key>end_node</span>\" => <span class=sf-dump-num>1</span>
    \"<span class=sf-dump-key>active</span>\" => <span class=sf-dump-num>1</span>
  </samp>]
  <span class=sf-dump-key>21</span> => <span class=sf-dump-note>array:10</span> [<samp data-depth=2 class=sf-dump-compact>
    \"<span class=sf-dump-key>id</span>\" => <span class=sf-dump-num>21</span>
    \"<span class=sf-dump-key>name</span>\" => \"<span class=sf-dump-str title=\"66 characters\">&amp;nbsp;&amp;nbsp;&amp;nbsp;TITANIUM - Full Face including Neck Hair removal</span>\"
    \"<span class=sf-dump-key>parent_id</span>\" => <span class=sf-dump-num>14</span>
    \"<span class=sf-dump-key>slug</span>\" => \"<span class=sf-dump-str title=\"6 characters\">custom</span>\"
    \"<span class=sf-dump-key>complimentory</span>\" => <span class=sf-dump-num>0</span>
    \"<span class=sf-dump-key>duration</span>\" => \"<span class=sf-dump-str title=\"5 characters\">00:30</span>\"
    \"<span class=sf-dump-key>price</span>\" => <span class=sf-dump-num>8000.0</span>
    \"<span class=sf-dump-key>color</span>\" => \"<span class=sf-dump-str title=\"7 characters\">#955050</span>\"
    \"<span class=sf-dump-key>end_node</span>\" => <span class=sf-dump-num>1</span>
    \"<span class=sf-dump-key>active</span>\" => <span class=sf-dump-num>1</span>
  </samp>]
  <span class=sf-dump-key>36</span> => <span class=sf-dump-note>array:10</span> [<samp data-depth=2 class=sf-dump-compact>
    \"<span class=sf-dump-key>id</span>\" => <span class=sf-dump-num>36</span>
    \"<span class=sf-dump-key>name</span>\" => \"<span class=sf-dump-str title=\"73 characters\">&amp;nbsp;&amp;nbsp;&amp;nbsp;TITANIUM - Full legs including feet &amp; toes Hair removal</span>\"
    \"<span class=sf-dump-key>parent_id</span>\" => <span class=sf-dump-num>14</span>
    \"<span class=sf-dump-key>slug</span>\" => \"<span class=sf-dump-str title=\"6 characters\">custom</span>\"
    \"<span class=sf-dump-key>complimentory</span>\" => <span class=sf-dump-num>0</span>
    \"<span class=sf-dump-key>duration</span>\" => \"<span class=sf-dump-str title=\"5 characters\">00:45</span>\"
    \"<span class=sf-dump-key>price</span>\" => <span class=sf-dump-num>15000.0</span>
    \"<span class=sf-dump-key>color</span>\" => \"<span class=sf-dump-str title=\"7 characters\">#946161</span>\"
    \"<span class=sf-dump-key>end_node</span>\" => <span class=sf-dump-num>1</span>
    \"<span class=sf-dump-key>active</span>\" => <span class=sf-dump-num>1</span>
  </samp>]
  <span class=sf-dump-key>27</span> => <span class=sf-dump-note>array:10</span> [<samp data-depth=2 class=sf-dump-compact>
    \"<span class=sf-dump-key>id</span>\" => <span class=sf-dump-num>27</span>
    \"<span class=sf-dump-key>name</span>\" => \"<span class=sf-dump-str title=\"57 characters\">&amp;nbsp;&amp;nbsp;&amp;nbsp;TITANIUM - Hands &amp; Fingers Hair removal</span>\"
    \"<span class=sf-dump-key>parent_id</span>\" => <span class=sf-dump-num>14</span>
    \"<span class=sf-dump-key>slug</span>\" => \"<span class=sf-dump-str title=\"6 characters\">custom</span>\"
    \"<span class=sf-dump-key>complimentory</span>\" => <span class=sf-dump-num>0</span>
    \"<span class=sf-dump-key>duration</span>\" => \"<span class=sf-dump-str title=\"5 characters\">00:15</span>\"
    \"<span class=sf-dump-key>price</span>\" => <span class=sf-dump-num>3000.0</span>
    \"<span class=sf-dump-key>color</span>\" => \"<span class=sf-dump-str title=\"7 characters\">#c27a7a</span>\"
    \"<span class=sf-dump-key>end_node</span>\" => <span class=sf-dump-num>1</span>
    \"<span class=sf-dump-key>active</span>\" => <span class=sf-dump-num>1</span>
  </samp>]
  <span class=sf-dump-key>43</span> => <span class=sf-dump-note>array:10</span> [<samp data-depth=2 class=sf-dump-compact>
    \"<span class=sf-dump-key>id</span>\" => <span class=sf-dump-num>43</span>
    \"<span class=sf-dump-key>name</span>\" => \"<span class=sf-dump-str title=\"52 characters\">&amp;nbsp;&amp;nbsp;&amp;nbsp;TITANIUM - Lower Back Hair removal</span>\"
    \"<span class=sf-dump-key>parent_id</span>\" => <span class=sf-dump-num>14</span>
    \"<span class=sf-dump-key>slug</span>\" => \"<span class=sf-dump-str title=\"6 characters\">custom</span>\"
    \"<span class=sf-dump-key>complimentory</span>\" => <span class=sf-dump-num>0</span>
    \"<span class=sf-dump-key>duration</span>\" => \"<span class=sf-dump-str title=\"5 characters\">00:20</span>\"
    \"<span class=sf-dump-key>price</span>\" => <span class=sf-dump-num>6000.0</span>
    \"<span class=sf-dump-key>color</span>\" => \"<span class=sf-dump-str title=\"7 characters\">#955f5f</span>\"
    \"<span class=sf-dump-key>end_node</span>\" => <span class=sf-dump-num>1</span>
    \"<span class=sf-dump-key>active</span>\" => <span class=sf-dump-num>1</span>
  </samp>]
  <span class=sf-dump-key>37</span> => <span class=sf-dump-note>array:10</span> [<samp data-depth=2 class=sf-dump-compact>
    \"<span class=sf-dump-key>id</span>\" => <span class=sf-dump-num>37</span>
    \"<span class=sf-dump-key>name</span>\" => \"<span class=sf-dump-str title=\"73 characters\">&amp;nbsp;&amp;nbsp;&amp;nbsp;TITANIUM - Lower Body (legs &amp; Bikini area) Hair removal</span>\"
    \"<span class=sf-dump-key>parent_id</span>\" => <span class=sf-dump-num>14</span>
    \"<span class=sf-dump-key>slug</span>\" => \"<span class=sf-dump-str title=\"6 characters\">custom</span>\"
    \"<span class=sf-dump-key>complimentory</span>\" => <span class=sf-dump-num>0</span>
    \"<span class=sf-dump-key>duration</span>\" => \"<span class=sf-dump-str title=\"5 characters\">00:50</span>\"
    \"<span class=sf-dump-key>price</span>\" => <span class=sf-dump-num>20000.0</span>
    \"<span class=sf-dump-key>color</span>\" => \"<span class=sf-dump-str title=\"7 characters\">#c47e7e</span>\"
    \"<span class=sf-dump-key>end_node</span>\" => <span class=sf-dump-num>1</span>
    \"<span class=sf-dump-key>active</span>\" => <span class=sf-dump-num>1</span>
  </samp>]
  <span class=sf-dump-key>31</span> => <span class=sf-dump-note>array:10</span> [<samp data-depth=2 class=sf-dump-compact>
    \"<span class=sf-dump-key>id</span>\" => <span class=sf-dump-num>31</span>
    \"<span class=sf-dump-key>name</span>\" => \"<span class=sf-dump-str title=\"52 characters\">&amp;nbsp;&amp;nbsp;&amp;nbsp;TITANIUM - Lower legs Hair removal</span>\"
    \"<span class=sf-dump-key>parent_id</span>\" => <span class=sf-dump-num>14</span>
    \"<span class=sf-dump-key>slug</span>\" => \"<span class=sf-dump-str title=\"6 characters\">custom</span>\"
    \"<span class=sf-dump-key>complimentory</span>\" => <span class=sf-dump-num>0</span>
    \"<span class=sf-dump-key>duration</span>\" => \"<span class=sf-dump-str title=\"5 characters\">00:30</span>\"
    \"<span class=sf-dump-key>price</span>\" => <span class=sf-dump-num>9000.0</span>
    \"<span class=sf-dump-key>color</span>\" => \"<span class=sf-dump-str title=\"7 characters\">#ad7f7f</span>\"
    \"<span class=sf-dump-key>end_node</span>\" => <span class=sf-dump-num>1</span>
    \"<span class=sf-dump-key>active</span>\" => <span class=sf-dump-num>1</span>
  </samp>]
  <span class=sf-dump-key>131</span> => <span class=sf-dump-note>array:10</span> [<samp data-depth=2 class=sf-dump-compact>
    \"<span class=sf-dump-key>id</span>\" => <span class=sf-dump-num>131</span>
    \"<span class=sf-dump-key>name</span>\" => \"<span class=sf-dump-str title=\"59 characters\">&amp;nbsp;&amp;nbsp;&amp;nbsp;TITANIUM - Male Private area Hair removal</span>\"
    \"<span class=sf-dump-key>parent_id</span>\" => <span class=sf-dump-num>14</span>
    \"<span class=sf-dump-key>slug</span>\" => \"<span class=sf-dump-str title=\"6 characters\">custom</span>\"
    \"<span class=sf-dump-key>complimentory</span>\" => <span class=sf-dump-num>0</span>
    \"<span class=sf-dump-key>duration</span>\" => \"<span class=sf-dump-str title=\"5 characters\">00:30</span>\"
    \"<span class=sf-dump-key>price</span>\" => <span class=sf-dump-num>10000.0</span>
    \"<span class=sf-dump-key>color</span>\" => \"<span class=sf-dump-str title=\"7 characters\">#101aa8</span>\"
    \"<span class=sf-dump-key>end_node</span>\" => <span class=sf-dump-num>1</span>
    \"<span class=sf-dump-key>active</span>\" => <span class=sf-dump-num>1</span>
  </samp>]
  <span class=sf-dump-key>23</span> => <span class=sf-dump-note>array:10</span> [<samp data-depth=2 class=sf-dump-compact>
    \"<span class=sf-dump-key>id</span>\" => <span class=sf-dump-num>23</span>
    \"<span class=sf-dump-key>name</span>\" => \"<span class=sf-dump-str title=\"54 characters\">&amp;nbsp;&amp;nbsp;&amp;nbsp;TITANIUM - Nape of neck Hair removal</span>\"
    \"<span class=sf-dump-key>parent_id</span>\" => <span class=sf-dump-num>14</span>
    \"<span class=sf-dump-key>slug</span>\" => \"<span class=sf-dump-str title=\"6 characters\">custom</span>\"
    \"<span class=sf-dump-key>complimentory</span>\" => <span class=sf-dump-num>0</span>
    \"<span class=sf-dump-key>duration</span>\" => \"<span class=sf-dump-str title=\"5 characters\">00:10</span>\"
    \"<span class=sf-dump-key>price</span>\" => <span class=sf-dump-num>3000.0</span>
    \"<span class=sf-dump-key>color</span>\" => \"<span class=sf-dump-str title=\"7 characters\">#9e6b6b</span>\"
    \"<span class=sf-dump-key>end_node</span>\" => <span class=sf-dump-num>1</span>
    \"<span class=sf-dump-key>active</span>\" => <span class=sf-dump-num>1</span>
  </samp>]
  <span class=sf-dump-key>125</span> => <span class=sf-dump-note>array:10</span> [<samp data-depth=2 class=sf-dump-compact>
    \"<span class=sf-dump-key>id</span>\" => <span class=sf-dump-num>125</span>
    \"<span class=sf-dump-key>name</span>\" => \"<span class=sf-dump-str title=\"46 characters\">&amp;nbsp;&amp;nbsp;&amp;nbsp;TITANIUM - Nose Hair removal</span>\"
    \"<span class=sf-dump-key>parent_id</span>\" => <span class=sf-dump-num>14</span>
    \"<span class=sf-dump-key>slug</span>\" => \"<span class=sf-dump-str title=\"6 characters\">custom</span>\"
    \"<span class=sf-dump-key>complimentory</span>\" => <span class=sf-dump-num>0</span>
    \"<span class=sf-dump-key>duration</span>\" => \"<span class=sf-dump-str title=\"5 characters\">00:10</span>\"
    \"<span class=sf-dump-key>price</span>\" => <span class=sf-dump-num>2000.0</span>
    \"<span class=sf-dump-key>color</span>\" => \"<span class=sf-dump-str title=\"7 characters\">#4828bd</span>\"
    \"<span class=sf-dump-key>end_node</span>\" => <span class=sf-dump-num>1</span>
    \"<span class=sf-dump-key>active</span>\" => <span class=sf-dump-num>1</span>
  </samp>]
  <span class=sf-dump-key>41</span> => <span class=sf-dump-note>array:10</span> [<samp data-depth=2 class=sf-dump-compact>
    \"<span class=sf-dump-key>id</span>\" => <span class=sf-dump-num>41</span>
    \"<span class=sf-dump-key>name</span>\" => \"<span class=sf-dump-str title=\"51 characters\">&amp;nbsp;&amp;nbsp;&amp;nbsp;TITANIUM - Shoulders Hair removal</span>\"
    \"<span class=sf-dump-key>parent_id</span>\" => <span class=sf-dump-num>14</span>
    \"<span class=sf-dump-key>slug</span>\" => \"<span class=sf-dump-str title=\"6 characters\">custom</span>\"
    \"<span class=sf-dump-key>complimentory</span>\" => <span class=sf-dump-num>0</span>
    \"<span class=sf-dump-key>duration</span>\" => \"<span class=sf-dump-str title=\"5 characters\">00:15</span>\"
    \"<span class=sf-dump-key>price</span>\" => <span class=sf-dump-num>5000.0</span>
    \"<span class=sf-dump-key>color</span>\" => \"<span class=sf-dump-str title=\"7 characters\">#a77b7b</span>\"
    \"<span class=sf-dump-key>end_node</span>\" => <span class=sf-dump-num>1</span>
    \"<span class=sf-dump-key>active</span>\" => <span class=sf-dump-num>1</span>
  </samp>]
  <span class=sf-dump-key>17</span> => <span class=sf-dump-note>array:10</span> [<samp data-depth=2 class=sf-dump-compact>
    \"<span class=sf-dump-key>id</span>\" => <span class=sf-dump-num>17</span>
    \"<span class=sf-dump-key>name</span>\" => \"<span class=sf-dump-str title=\"51 characters\">&amp;nbsp;&amp;nbsp;&amp;nbsp;TITANIUM - Sideburns Hair removal</span>\"
    \"<span class=sf-dump-key>parent_id</span>\" => <span class=sf-dump-num>14</span>
    \"<span class=sf-dump-key>slug</span>\" => \"<span class=sf-dump-str title=\"6 characters\">custom</span>\"
    \"<span class=sf-dump-key>complimentory</span>\" => <span class=sf-dump-num>0</span>
    \"<span class=sf-dump-key>duration</span>\" => \"<span class=sf-dump-str title=\"5 characters\">00:10</span>\"
    \"<span class=sf-dump-key>price</span>\" => <span class=sf-dump-num>2000.0</span>
    \"<span class=sf-dump-key>color</span>\" => \"<span class=sf-dump-str title=\"7 characters\">#c67676</span>\"
    \"<span class=sf-dump-key>end_node</span>\" => <span class=sf-dump-num>1</span>
    \"<span class=sf-dump-key>active</span>\" => <span class=sf-dump-num>1</span>
  </samp>]
  <span class=sf-dump-key>39</span> => <span class=sf-dump-note>array:10</span> [<samp data-depth=2 class=sf-dump-compact>
    \"<span class=sf-dump-key>id</span>\" => <span class=sf-dump-num>39</span>
    \"<span class=sf-dump-key>name</span>\" => \"<span class=sf-dump-str title=\"49 characters\">&amp;nbsp;&amp;nbsp;&amp;nbsp;TITANIUM - Sternum Hair removal</span>\"
    \"<span class=sf-dump-key>parent_id</span>\" => <span class=sf-dump-num>14</span>
    \"<span class=sf-dump-key>slug</span>\" => \"<span class=sf-dump-str title=\"6 characters\">custom</span>\"
    \"<span class=sf-dump-key>complimentory</span>\" => <span class=sf-dump-num>0</span>
    \"<span class=sf-dump-key>duration</span>\" => \"<span class=sf-dump-str title=\"5 characters\">00:10</span>\"
    \"<span class=sf-dump-key>price</span>\" => <span class=sf-dump-num>2500.0</span>
    \"<span class=sf-dump-key>color</span>\" => \"<span class=sf-dump-str title=\"7 characters\">#ca7d7d</span>\"
    \"<span class=sf-dump-key>end_node</span>\" => <span class=sf-dump-num>1</span>
    \"<span class=sf-dump-key>active</span>\" => <span class=sf-dump-num>1</span>
  </samp>]
  <span class=sf-dump-key>24</span> => <span class=sf-dump-note>array:10</span> [<samp data-depth=2 class=sf-dump-compact>
    \"<span class=sf-dump-key>id</span>\" => <span class=sf-dump-num>24</span>
    \"<span class=sf-dump-key>name</span>\" => \"<span class=sf-dump-str title=\"61 characters\">&amp;nbsp;&amp;nbsp;&amp;nbsp;TITANIUM - Underarms / armpits Hair removal</span>\"
    \"<span class=sf-dump-key>parent_id</span>\" => <span class=sf-dump-num>14</span>
    \"<span class=sf-dump-key>slug</span>\" => \"<span class=sf-dump-str title=\"6 characters\">custom</span>\"
    \"<span class=sf-dump-key>complimentory</span>\" => <span class=sf-dump-num>0</span>
    \"<span class=sf-dump-key>duration</span>\" => \"<span class=sf-dump-str title=\"5 characters\">00:20</span>\"
    \"<span class=sf-dump-key>price</span>\" => <span class=sf-dump-num>5000.0</span>
    \"<span class=sf-dump-key>color</span>\" => \"<span class=sf-dump-str title=\"7 characters\">#cc7171</span>\"
    \"<span class=sf-dump-key>end_node</span>\" => <span class=sf-dump-num>1</span>
    \"<span class=sf-dump-key>active</span>\" => <span class=sf-dump-num>1</span>
  </samp>]
  <span class=sf-dump-key>126</span> => <span class=sf-dump-note>array:10</span> [<samp data-depth=2 class=sf-dump-compact>
    \"<span class=sf-dump-key>id</span>\" => <span class=sf-dump-num>126</span>
    \"<span class=sf-dump-key>name</span>\" => \"<span class=sf-dump-str title=\"49 characters\">&amp;nbsp;&amp;nbsp;&amp;nbsp;TITANIUM - Unibrow Hair removal</span>\"
    \"<span class=sf-dump-key>parent_id</span>\" => <span class=sf-dump-num>14</span>
    \"<span class=sf-dump-key>slug</span>\" => \"<span class=sf-dump-str title=\"6 characters\">custom</span>\"
    \"<span class=sf-dump-key>complimentory</span>\" => <span class=sf-dump-num>0</span>
    \"<span class=sf-dump-key>duration</span>\" => \"<span class=sf-dump-str title=\"5 characters\">00:10</span>\"
    \"<span class=sf-dump-key>price</span>\" => <span class=sf-dump-num>2000.0</span>
    \"<span class=sf-dump-key>color</span>\" => \"<span class=sf-dump-str title=\"7 characters\">#4335ac</span>\"
    \"<span class=sf-dump-key>end_node</span>\" => <span class=sf-dump-num>1</span>
    \"<span class=sf-dump-key>active</span>\" => <span class=sf-dump-num>1</span>
  </samp>]
  <span class=sf-dump-key>25</span> => <span class=sf-dump-note>array:10</span> [<samp data-depth=2 class=sf-dump-compact>
    \"<span class=sf-dump-key>id</span>\" => <span class=sf-dump-num>25</span>
    \"<span class=sf-dump-key>name</span>\" => \"<span class=sf-dump-str title=\"52 characters\">&amp;nbsp;&amp;nbsp;&amp;nbsp;TITANIUM - Upper arms Hair removal</span>\"
    \"<span class=sf-dump-key>parent_id</span>\" => <span class=sf-dump-num>14</span>
    \"<span class=sf-dump-key>slug</span>\" => \"<span class=sf-dump-str title=\"6 characters\">custom</span>\"
    \"<span class=sf-dump-key>complimentory</span>\" => <span class=sf-dump-num>0</span>
    \"<span class=sf-dump-key>duration</span>\" => \"<span class=sf-dump-str title=\"5 characters\">00:30</span>\"
    \"<span class=sf-dump-key>price</span>\" => <span class=sf-dump-num>6000.0</span>
    \"<span class=sf-dump-key>color</span>\" => \"<span class=sf-dump-str title=\"7 characters\">#aa6e6e</span>\"
    \"<span class=sf-dump-key>end_node</span>\" => <span class=sf-dump-num>1</span>
    \"<span class=sf-dump-key>active</span>\" => <span class=sf-dump-num>1</span>
  </samp>]
  <span class=sf-dump-key>42</span> => <span class=sf-dump-note>array:10</span> [<samp data-depth=2 class=sf-dump-compact>
    \"<span class=sf-dump-key>id</span>\" => <span class=sf-dump-num>42</span>
    \"<span class=sf-dump-key>name</span>\" => \"<span class=sf-dump-str title=\"52 characters\">&amp;nbsp;&amp;nbsp;&amp;nbsp;TITANIUM - Upper Back Hair removal</span>\"
    \"<span class=sf-dump-key>parent_id</span>\" => <span class=sf-dump-num>14</span>
    \"<span class=sf-dump-key>slug</span>\" => \"<span class=sf-dump-str title=\"6 characters\">custom</span>\"
    \"<span class=sf-dump-key>complimentory</span>\" => <span class=sf-dump-num>0</span>
    \"<span class=sf-dump-key>duration</span>\" => \"<span class=sf-dump-str title=\"5 characters\">00:20</span>\"
    \"<span class=sf-dump-key>price</span>\" => <span class=sf-dump-num>6000.0</span>
    \"<span class=sf-dump-key>color</span>\" => \"<span class=sf-dump-str title=\"7 characters\">#b87575</span>\"
    \"<span class=sf-dump-key>end_node</span>\" => <span class=sf-dump-num>1</span>
    \"<span class=sf-dump-key>active</span>\" => <span class=sf-dump-num>1</span>
  </samp>]
  <span class=sf-dump-key>127</span> => <span class=sf-dump-note>array:10</span> [<samp data-depth=2 class=sf-dump-compact>
    \"<span class=sf-dump-key>id</span>\" => <span class=sf-dump-num>127</span>
    \"<span class=sf-dump-key>name</span>\" => \"<span class=sf-dump-str title=\"78 characters\">&amp;nbsp;&amp;nbsp;&amp;nbsp;TITANIUM - Upper Body (face -&gt; Waistline) Laser Hair removal</span>\"
    \"<span class=sf-dump-key>parent_id</span>\" => <span class=sf-dump-num>14</span>
    \"<span class=sf-dump-key>slug</span>\" => \"<span class=sf-dump-str title=\"6 characters\">custom</span>\"
    \"<span class=sf-dump-key>complimentory</span>\" => <span class=sf-dump-num>0</span>
    \"<span class=sf-dump-key>duration</span>\" => \"<span class=sf-dump-str title=\"5 characters\">01:00</span>\"
    \"<span class=sf-dump-key>price</span>\" => <span class=sf-dump-num>20000.0</span>
    \"<span class=sf-dump-key>color</span>\" => \"<span class=sf-dump-str title=\"7 characters\">#d83b3b</span>\"
    \"<span class=sf-dump-key>end_node</span>\" => <span class=sf-dump-num>1</span>
    \"<span class=sf-dump-key>active</span>\" => <span class=sf-dump-num>1</span>
  </samp>]
  <span class=sf-dump-key>30</span> => <span class=sf-dump-note>array:10</span> [<samp data-depth=2 class=sf-dump-compact>
    \"<span class=sf-dump-key>id</span>\" => <span class=sf-dump-num>30</span>
    \"<span class=sf-dump-key>name</span>\" => \"<span class=sf-dump-str title=\"52 characters\">&amp;nbsp;&amp;nbsp;&amp;nbsp;TITANIUM - Upper legs Hair removal</span>\"
    \"<span class=sf-dump-key>parent_id</span>\" => <span class=sf-dump-num>14</span>
    \"<span class=sf-dump-key>slug</span>\" => \"<span class=sf-dump-str title=\"6 characters\">custom</span>\"
    \"<span class=sf-dump-key>complimentory</span>\" => <span class=sf-dump-num>0</span>
    \"<span class=sf-dump-key>duration</span>\" => \"<span class=sf-dump-str title=\"5 characters\">00:30</span>\"
    \"<span class=sf-dump-key>price</span>\" => <span class=sf-dump-num>9000.0</span>
    \"<span class=sf-dump-key>color</span>\" => \"<span class=sf-dump-str title=\"7 characters\">#c99797</span>\"
    \"<span class=sf-dump-key>end_node</span>\" => <span class=sf-dump-num>1</span>
    \"<span class=sf-dump-key>active</span>\" => <span class=sf-dump-num>1</span>
  </samp>]
  <span class=sf-dump-key>15</span> => <span class=sf-dump-note>array:10</span> [<samp data-depth=2 class=sf-dump-compact>
    \"<span class=sf-dump-key>id</span>\" => <span class=sf-dump-num>15</span>
    \"<span class=sf-dump-key>name</span>\" => \"<span class=sf-dump-str title=\"52 characters\">&amp;nbsp;&amp;nbsp;&amp;nbsp;TITANIUM - Upper lips Hair removal</span>\"
    \"<span class=sf-dump-key>parent_id</span>\" => <span class=sf-dump-num>14</span>
    \"<span class=sf-dump-key>slug</span>\" => \"<span class=sf-dump-str title=\"6 characters\">custom</span>\"
    \"<span class=sf-dump-key>complimentory</span>\" => <span class=sf-dump-num>0</span>
    \"<span class=sf-dump-key>duration</span>\" => \"<span class=sf-dump-str title=\"5 characters\">00:05</span>\"
    \"<span class=sf-dump-key>price</span>\" => <span class=sf-dump-num>2000.0</span>
    \"<span class=sf-dump-key>color</span>\" => \"<span class=sf-dump-str title=\"7 characters\">#dcea71</span>\"
    \"<span class=sf-dump-key>end_node</span>\" => <span class=sf-dump-num>1</span>
    \"<span class=sf-dump-key>active</span>\" => <span class=sf-dump-num>1</span>
  </samp>]
  <span class=sf-dump-key>-137</span> => <span class=sf-dump-note>array:10</span> [<samp data-depth=2 class=sf-dump-compact>
    \"<span class=sf-dump-key>id</span>\" => <span class=sf-dump-num>137</span>
    \"<span class=sf-dump-key>name</span>\" => \"<span class=sf-dump-str title=\"23 characters\">Lifestyle and Nutrition</span>\"
    \"<span class=sf-dump-key>parent_id</span>\" => <span class=sf-dump-num>0</span>
    \"<span class=sf-dump-key>slug</span>\" => \"<span class=sf-dump-str title=\"6 characters\">custom</span>\"
    \"<span class=sf-dump-key>complimentory</span>\" => <span class=sf-dump-num>0</span>
    \"<span class=sf-dump-key>active</span>\" => <span class=sf-dump-num>1</span>
    \"<span class=sf-dump-key>duration</span>\" => \"<span class=sf-dump-str title=\"5 characters\">00:30</span>\"
    \"<span class=sf-dump-key>price</span>\" => <span class=sf-dump-num>0.0</span>
    \"<span class=sf-dump-key>color</span>\" => \"<span class=sf-dump-str title=\"7 characters\">#0bf95e</span>\"
    \"<span class=sf-dump-key>end_node</span>\" => <span class=sf-dump-num>0</span>
  </samp>]
  <span class=sf-dump-key>138</span> => <span class=sf-dump-note>array:10</span> [<samp data-depth=2 class=sf-dump-compact>
    \"<span class=sf-dump-key>id</span>\" => <span class=sf-dump-num>138</span>
    \"<span class=sf-dump-key>name</span>\" => \"<span class=sf-dump-str title=\"40 characters\">&amp;nbsp;&amp;nbsp;&amp;nbsp;Lifestyle Consultation</span>\"
    \"<span class=sf-dump-key>parent_id</span>\" => <span class=sf-dump-num>137</span>
    \"<span class=sf-dump-key>slug</span>\" => \"<span class=sf-dump-str title=\"6 characters\">custom</span>\"
    \"<span class=sf-dump-key>complimentory</span>\" => <span class=sf-dump-num>0</span>
    \"<span class=sf-dump-key>duration</span>\" => \"<span class=sf-dump-str title=\"5 characters\">00:30</span>\"
    \"<span class=sf-dump-key>price</span>\" => <span class=sf-dump-num>2000.0</span>
    \"<span class=sf-dump-key>color</span>\" => \"<span class=sf-dump-str title=\"7 characters\">#04f12b</span>\"
    \"<span class=sf-dump-key>end_node</span>\" => <span class=sf-dump-num>1</span>
    \"<span class=sf-dump-key>active</span>\" => <span class=sf-dump-num>1</span>
  </samp>]
  <span class=sf-dump-key>-5</span> => <span class=sf-dump-note>array:10</span> [<samp data-depth=2 class=sf-dump-compact>
    \"<span class=sf-dump-key>id</span>\" => <span class=sf-dump-num>5</span>
    \"<span class=sf-dump-key>name</span>\" => \"<span class=sf-dump-str title=\"18 characters\">Minimally Invasive</span>\"
    \"<span class=sf-dump-key>parent_id</span>\" => <span class=sf-dump-num>0</span>
    \"<span class=sf-dump-key>slug</span>\" => \"<span class=sf-dump-str title=\"6 characters\">custom</span>\"
    \"<span class=sf-dump-key>complimentory</span>\" => <span class=sf-dump-num>0</span>
    \"<span class=sf-dump-key>active</span>\" => <span class=sf-dump-num>1</span>
    \"<span class=sf-dump-key>duration</span>\" => \"<span class=sf-dump-str title=\"5 characters\">00:30</span>\"
    \"<span class=sf-dump-key>price</span>\" => <span class=sf-dump-num>0.0</span>
    \"<span class=sf-dump-key>color</span>\" => \"<span class=sf-dump-str title=\"7 characters\">#d91212</span>\"
    \"<span class=sf-dump-key>end_node</span>\" => <span class=sf-dump-num>0</span>
  </samp>]
  <span class=sf-dump-key>100</span> => <span class=sf-dump-note>array:10</span> [<samp data-depth=2 class=sf-dump-compact>
    \"<span class=sf-dump-key>id</span>\" => <span class=sf-dump-num>100</span>
    \"<span class=sf-dump-key>name</span>\" => \"<span class=sf-dump-str title=\"34 characters\">&amp;nbsp;&amp;nbsp;&amp;nbsp;BOTOX - Crowfeet</span>\"
    \"<span class=sf-dump-key>parent_id</span>\" => <span class=sf-dump-num>5</span>
    \"<span class=sf-dump-key>slug</span>\" => \"<span class=sf-dump-str title=\"6 characters\">custom</span>\"
    \"<span class=sf-dump-key>complimentory</span>\" => <span class=sf-dump-num>0</span>
    \"<span class=sf-dump-key>duration</span>\" => \"<span class=sf-dump-str title=\"5 characters\">00:20</span>\"
    \"<span class=sf-dump-key>price</span>\" => <span class=sf-dump-num>15000.0</span>
    \"<span class=sf-dump-key>color</span>\" => \"<span class=sf-dump-str title=\"7 characters\">#e01f1f</span>\"
    \"<span class=sf-dump-key>end_node</span>\" => <span class=sf-dump-num>1</span>
    \"<span class=sf-dump-key>active</span>\" => <span class=sf-dump-num>0</span>
  </samp>]
  <span class=sf-dump-key>103</span> => <span class=sf-dump-note>array:10</span> [<samp data-depth=2 class=sf-dump-compact>
    \"<span class=sf-dump-key>id</span>\" => <span class=sf-dump-num>103</span>
    \"<span class=sf-dump-key>name</span>\" => \"<span class=sf-dump-str title=\"37 characters\">&amp;nbsp;&amp;nbsp;&amp;nbsp;BOTOX - Gummy smile</span>\"
    \"<span class=sf-dump-key>parent_id</span>\" => <span class=sf-dump-num>5</span>
    \"<span class=sf-dump-key>slug</span>\" => \"<span class=sf-dump-str title=\"6 characters\">custom</span>\"
    \"<span class=sf-dump-key>complimentory</span>\" => <span class=sf-dump-num>0</span>
    \"<span class=sf-dump-key>duration</span>\" => \"<span class=sf-dump-str title=\"5 characters\">00:30</span>\"
    \"<span class=sf-dump-key>price</span>\" => <span class=sf-dump-num>30000.0</span>
    \"<span class=sf-dump-key>color</span>\" => \"<span class=sf-dump-str title=\"7 characters\">#df1111</span>\"
    \"<span class=sf-dump-key>end_node</span>\" => <span class=sf-dump-num>1</span>
    \"<span class=sf-dump-key>active</span>\" => <span class=sf-dump-num>0</span>
  </samp>]
  <span class=sf-dump-key>105</span> => <span class=sf-dump-note>array:10</span> [<samp data-depth=2 class=sf-dump-compact>
    \"<span class=sf-dump-key>id</span>\" => <span class=sf-dump-num>105</span>
    \"<span class=sf-dump-key>name</span>\" => \"<span class=sf-dump-str title=\"49 characters\">&amp;nbsp;&amp;nbsp;&amp;nbsp;BOTOX - Hyperhidrosis (armpits)</span>\"
    \"<span class=sf-dump-key>parent_id</span>\" => <span class=sf-dump-num>5</span>
    \"<span class=sf-dump-key>slug</span>\" => \"<span class=sf-dump-str title=\"6 characters\">custom</span>\"
    \"<span class=sf-dump-key>complimentory</span>\" => <span class=sf-dump-num>0</span>
    \"<span class=sf-dump-key>duration</span>\" => \"<span class=sf-dump-str title=\"5 characters\">00:30</span>\"
    \"<span class=sf-dump-key>price</span>\" => <span class=sf-dump-num>30000.0</span>
    \"<span class=sf-dump-key>color</span>\" => \"<span class=sf-dump-str title=\"7 characters\">#d11515</span>\"
    \"<span class=sf-dump-key>end_node</span>\" => <span class=sf-dump-num>1</span>
    \"<span class=sf-dump-key>active</span>\" => <span class=sf-dump-num>0</span>
  </samp>]
  <span class=sf-dump-key>102</span> => <span class=sf-dump-note>array:10</span> [<samp data-depth=2 class=sf-dump-compact>
    \"<span class=sf-dump-key>id</span>\" => <span class=sf-dump-num>102</span>
    \"<span class=sf-dump-key>name</span>\" => \"<span class=sf-dump-str title=\"42 characters\">&amp;nbsp;&amp;nbsp;&amp;nbsp;BOTOX - Jaw augmentation</span>\"
    \"<span class=sf-dump-key>parent_id</span>\" => <span class=sf-dump-num>5</span>
    \"<span class=sf-dump-key>slug</span>\" => \"<span class=sf-dump-str title=\"6 characters\">custom</span>\"
    \"<span class=sf-dump-key>complimentory</span>\" => <span class=sf-dump-num>0</span>
    \"<span class=sf-dump-key>duration</span>\" => \"<span class=sf-dump-str title=\"5 characters\">00:30</span>\"
    \"<span class=sf-dump-key>price</span>\" => <span class=sf-dump-num>30000.0</span>
    \"<span class=sf-dump-key>color</span>\" => \"<span class=sf-dump-str title=\"7 characters\">#cb1010</span>\"
    \"<span class=sf-dump-key>end_node</span>\" => <span class=sf-dump-num>1</span>
    \"<span class=sf-dump-key>active</span>\" => <span class=sf-dump-num>0</span>
  </samp>]
  <span class=sf-dump-key>104</span> => <span class=sf-dump-note>array:10</span> [<samp data-depth=2 class=sf-dump-compact>
    \"<span class=sf-dump-key>id</span>\" => <span class=sf-dump-num>104</span>
    \"<span class=sf-dump-key>name</span>\" => \"<span class=sf-dump-str title=\"39 characters\">&amp;nbsp;&amp;nbsp;&amp;nbsp;BOTOX - Neck wrinkles</span>\"
    \"<span class=sf-dump-key>parent_id</span>\" => <span class=sf-dump-num>5</span>
    \"<span class=sf-dump-key>slug</span>\" => \"<span class=sf-dump-str title=\"6 characters\">custom</span>\"
    \"<span class=sf-dump-key>complimentory</span>\" => <span class=sf-dump-num>0</span>
    \"<span class=sf-dump-key>duration</span>\" => \"<span class=sf-dump-str title=\"5 characters\">00:30</span>\"
    \"<span class=sf-dump-key>price</span>\" => <span class=sf-dump-num>25000.0</span>
    \"<span class=sf-dump-key>color</span>\" => \"<span class=sf-dump-str title=\"7 characters\">#000000</span>\"
    \"<span class=sf-dump-key>end_node</span>\" => <span class=sf-dump-num>1</span>
    \"<span class=sf-dump-key>active</span>\" => <span class=sf-dump-num>0</span>
  </samp>]
  <span class=sf-dump-key>129</span> => <span class=sf-dump-note>array:10</span> [<samp data-depth=2 class=sf-dump-compact>
    \"<span class=sf-dump-key>id</span>\" => <span class=sf-dump-num>129</span>
    \"<span class=sf-dump-key>name</span>\" => \"<span class=sf-dump-str title=\"40 characters\">&amp;nbsp;&amp;nbsp;&amp;nbsp;BOTOX 100iu - Allergan</span>\"
    \"<span class=sf-dump-key>parent_id</span>\" => <span class=sf-dump-num>5</span>
    \"<span class=sf-dump-key>slug</span>\" => \"<span class=sf-dump-str title=\"6 characters\">custom</span>\"
    \"<span class=sf-dump-key>complimentory</span>\" => <span class=sf-dump-num>0</span>
    \"<span class=sf-dump-key>duration</span>\" => \"<span class=sf-dump-str title=\"5 characters\">00:30</span>\"
    \"<span class=sf-dump-key>price</span>\" => <span class=sf-dump-num>45000.0</span>
    \"<span class=sf-dump-key>color</span>\" => \"<span class=sf-dump-str title=\"7 characters\">#d21414</span>\"
    \"<span class=sf-dump-key>end_node</span>\" => <span class=sf-dump-num>1</span>
    \"<span class=sf-dump-key>active</span>\" => <span class=sf-dump-num>1</span>
  </samp>]
  <span class=sf-dump-key>101</span> => <span class=sf-dump-note>array:10</span> [<samp data-depth=2 class=sf-dump-compact>
    \"<span class=sf-dump-key>id</span>\" => <span class=sf-dump-num>101</span>
    \"<span class=sf-dump-key>name</span>\" => \"<span class=sf-dump-str title=\"38 characters\">&amp;nbsp;&amp;nbsp;&amp;nbsp;BOTOX 100iu - Korean</span>\"
    \"<span class=sf-dump-key>parent_id</span>\" => <span class=sf-dump-num>5</span>
    \"<span class=sf-dump-key>slug</span>\" => \"<span class=sf-dump-str title=\"6 characters\">custom</span>\"
    \"<span class=sf-dump-key>complimentory</span>\" => <span class=sf-dump-num>0</span>
    \"<span class=sf-dump-key>duration</span>\" => \"<span class=sf-dump-str title=\"5 characters\">00:20</span>\"
    \"<span class=sf-dump-key>price</span>\" => <span class=sf-dump-num>30000.0</span>
    \"<span class=sf-dump-key>color</span>\" => \"<span class=sf-dump-str title=\"7 characters\">#bc1a1a</span>\"
    \"<span class=sf-dump-key>end_node</span>\" => <span class=sf-dump-num>1</span>
    \"<span class=sf-dump-key>active</span>\" => <span class=sf-dump-num>1</span>
  </samp>]
  <span class=sf-dump-key>6</span> => <span class=sf-dump-note>array:10</span> [<samp data-depth=2 class=sf-dump-compact>
    \"<span class=sf-dump-key>id</span>\" => <span class=sf-dump-num>6</span>
    \"<span class=sf-dump-key>name</span>\" => \"<span class=sf-dump-str title=\"44 characters\">&amp;nbsp;&amp;nbsp;&amp;nbsp;Dermal Filler 1ml<span class=\"sf-dump-default\">\\t</span>- Korean</span>\"
    \"<span class=sf-dump-key>parent_id</span>\" => <span class=sf-dump-num>5</span>
    \"<span class=sf-dump-key>slug</span>\" => \"<span class=sf-dump-str title=\"6 characters\">custom</span>\"
    \"<span class=sf-dump-key>complimentory</span>\" => <span class=sf-dump-num>0</span>
    \"<span class=sf-dump-key>duration</span>\" => \"<span class=sf-dump-str title=\"5 characters\">00:30</span>\"
    \"<span class=sf-dump-key>price</span>\" => <span class=sf-dump-num>30000.0</span>
    \"<span class=sf-dump-key>color</span>\" => \"<span class=sf-dump-str title=\"7 characters\">#84c91d</span>\"
    \"<span class=sf-dump-key>end_node</span>\" => <span class=sf-dump-num>1</span>
    \"<span class=sf-dump-key>active</span>\" => <span class=sf-dump-num>1</span>
  </samp>]
  <span class=sf-dump-key>130</span> => <span class=sf-dump-note>array:10</span> [<samp data-depth=2 class=sf-dump-compact>
    \"<span class=sf-dump-key>id</span>\" => <span class=sf-dump-num>130</span>
    \"<span class=sf-dump-key>name</span>\" => \"<span class=sf-dump-str title=\"47 characters\">&amp;nbsp;&amp;nbsp;&amp;nbsp;Dermal Filler 1ml<span class=\"sf-dump-default\">\\t</span>- Restylane</span>\"
    \"<span class=sf-dump-key>parent_id</span>\" => <span class=sf-dump-num>5</span>
    \"<span class=sf-dump-key>slug</span>\" => \"<span class=sf-dump-str title=\"6 characters\">custom</span>\"
    \"<span class=sf-dump-key>complimentory</span>\" => <span class=sf-dump-num>0</span>
    \"<span class=sf-dump-key>duration</span>\" => \"<span class=sf-dump-str title=\"5 characters\">00:30</span>\"
    \"<span class=sf-dump-key>price</span>\" => <span class=sf-dump-num>45000.0</span>
    \"<span class=sf-dump-key>color</span>\" => \"<span class=sf-dump-str title=\"7 characters\">#3cbf22</span>\"
    \"<span class=sf-dump-key>end_node</span>\" => <span class=sf-dump-num>1</span>
    \"<span class=sf-dump-key>active</span>\" => <span class=sf-dump-num>1</span>
  </samp>]
  <span class=sf-dump-key>133</span> => <span class=sf-dump-note>array:10</span> [<samp data-depth=2 class=sf-dump-compact>
    \"<span class=sf-dump-key>id</span>\" => <span class=sf-dump-num>133</span>
    \"<span class=sf-dump-key>name</span>\" => \"<span class=sf-dump-str title=\"35 characters\">&amp;nbsp;&amp;nbsp;&amp;nbsp;PRP/PRF for Scalp</span>\"
    \"<span class=sf-dump-key>parent_id</span>\" => <span class=sf-dump-num>5</span>
    \"<span class=sf-dump-key>slug</span>\" => \"<span class=sf-dump-str title=\"6 characters\">custom</span>\"
    \"<span class=sf-dump-key>complimentory</span>\" => <span class=sf-dump-num>0</span>
    \"<span class=sf-dump-key>duration</span>\" => \"<span class=sf-dump-str title=\"5 characters\">00:45</span>\"
    \"<span class=sf-dump-key>price</span>\" => <span class=sf-dump-num>13000.0</span>
    \"<span class=sf-dump-key>color</span>\" => \"<span class=sf-dump-str title=\"7 characters\">#e12d2d</span>\"
    \"<span class=sf-dump-key>end_node</span>\" => <span class=sf-dump-num>1</span>
    \"<span class=sf-dump-key>active</span>\" => <span class=sf-dump-num>1</span>
  </samp>]
  <span class=sf-dump-key>98</span> => <span class=sf-dump-note>array:10</span> [<samp data-depth=2 class=sf-dump-compact>
    \"<span class=sf-dump-key>id</span>\" => <span class=sf-dump-num>98</span>
    \"<span class=sf-dump-key>name</span>\" => \"<span class=sf-dump-str title=\"42 characters\">&amp;nbsp;&amp;nbsp;&amp;nbsp;PRP/PRF+Biotin for Scalp</span>\"
    \"<span class=sf-dump-key>parent_id</span>\" => <span class=sf-dump-num>5</span>
    \"<span class=sf-dump-key>slug</span>\" => \"<span class=sf-dump-str title=\"6 characters\">custom</span>\"
    \"<span class=sf-dump-key>complimentory</span>\" => <span class=sf-dump-num>0</span>
    \"<span class=sf-dump-key>duration</span>\" => \"<span class=sf-dump-str title=\"5 characters\">00:40</span>\"
    \"<span class=sf-dump-key>price</span>\" => <span class=sf-dump-num>16000.0</span>
    \"<span class=sf-dump-key>color</span>\" => \"<span class=sf-dump-str title=\"7 characters\">#b90e0e</span>\"
    \"<span class=sf-dump-key>end_node</span>\" => <span class=sf-dump-num>1</span>
    \"<span class=sf-dump-key>active</span>\" => <span class=sf-dump-num>1</span>
  </samp>]
  <span class=sf-dump-key>114</span> => <span class=sf-dump-note>array:10</span> [<samp data-depth=2 class=sf-dump-compact>
    \"<span class=sf-dump-key>id</span>\" => <span class=sf-dump-num>114</span>
    \"<span class=sf-dump-key>name</span>\" => \"<span class=sf-dump-str title=\"46 characters\">&amp;nbsp;&amp;nbsp;&amp;nbsp;ULTRA V PCL Cog Thread (One)</span>\"
    \"<span class=sf-dump-key>parent_id</span>\" => <span class=sf-dump-num>5</span>
    \"<span class=sf-dump-key>slug</span>\" => \"<span class=sf-dump-str title=\"6 characters\">custom</span>\"
    \"<span class=sf-dump-key>complimentory</span>\" => <span class=sf-dump-num>0</span>
    \"<span class=sf-dump-key>duration</span>\" => \"<span class=sf-dump-str title=\"5 characters\">00:20</span>\"
    \"<span class=sf-dump-key>price</span>\" => <span class=sf-dump-num>20000.0</span>
    \"<span class=sf-dump-key>color</span>\" => \"<span class=sf-dump-str title=\"7 characters\">#000000</span>\"
    \"<span class=sf-dump-key>end_node</span>\" => <span class=sf-dump-num>1</span>
    \"<span class=sf-dump-key>active</span>\" => <span class=sf-dump-num>1</span>
  </samp>]
  <span class=sf-dump-key>99</span> => <span class=sf-dump-note>array:10</span> [<samp data-depth=2 class=sf-dump-compact>
    \"<span class=sf-dump-key>id</span>\" => <span class=sf-dump-num>99</span>
    \"<span class=sf-dump-key>name</span>\" => \"<span class=sf-dump-str title=\"47 characters\">&amp;nbsp;&amp;nbsp;&amp;nbsp;ULTRA V PCL Mono Thread (One)</span>\"
    \"<span class=sf-dump-key>parent_id</span>\" => <span class=sf-dump-num>5</span>
    \"<span class=sf-dump-key>slug</span>\" => \"<span class=sf-dump-str title=\"6 characters\">custom</span>\"
    \"<span class=sf-dump-key>complimentory</span>\" => <span class=sf-dump-num>0</span>
    \"<span class=sf-dump-key>duration</span>\" => \"<span class=sf-dump-str title=\"5 characters\">00:15</span>\"
    \"<span class=sf-dump-key>price</span>\" => <span class=sf-dump-num>5000.0</span>
    \"<span class=sf-dump-key>color</span>\" => \"<span class=sf-dump-str title=\"7 characters\">#24e08f</span>\"
    \"<span class=sf-dump-key>end_node</span>\" => <span class=sf-dump-num>1</span>
    \"<span class=sf-dump-key>active</span>\" => <span class=sf-dump-num>1</span>
  </samp>]
  <span class=sf-dump-key>115</span> => <span class=sf-dump-note>array:10</span> [<samp data-depth=2 class=sf-dump-compact>
    \"<span class=sf-dump-key>id</span>\" => <span class=sf-dump-num>115</span>
    \"<span class=sf-dump-key>name</span>\" => \"<span class=sf-dump-str title=\"46 characters\">&amp;nbsp;&amp;nbsp;&amp;nbsp;ULTRA V PDO Cog Thread (One)</span>\"
    \"<span class=sf-dump-key>parent_id</span>\" => <span class=sf-dump-num>5</span>
    \"<span class=sf-dump-key>slug</span>\" => \"<span class=sf-dump-str title=\"6 characters\">custom</span>\"
    \"<span class=sf-dump-key>complimentory</span>\" => <span class=sf-dump-num>0</span>
    \"<span class=sf-dump-key>duration</span>\" => \"<span class=sf-dump-str title=\"5 characters\">00:20</span>\"
    \"<span class=sf-dump-key>price</span>\" => <span class=sf-dump-num>15000.0</span>
    \"<span class=sf-dump-key>color</span>\" => \"<span class=sf-dump-str title=\"7 characters\">#554cd6</span>\"
    \"<span class=sf-dump-key>end_node</span>\" => <span class=sf-dump-num>1</span>
    \"<span class=sf-dump-key>active</span>\" => <span class=sf-dump-num>1</span>
  </samp>]
  <span class=sf-dump-key>97</span> => <span class=sf-dump-note>array:10</span> [<samp data-depth=2 class=sf-dump-compact>
    \"<span class=sf-dump-key>id</span>\" => <span class=sf-dump-num>97</span>
    \"<span class=sf-dump-key>name</span>\" => \"<span class=sf-dump-str title=\"40 characters\">&amp;nbsp;&amp;nbsp;&amp;nbsp;Vampire PRP/PRF Facial</span>\"
    \"<span class=sf-dump-key>parent_id</span>\" => <span class=sf-dump-num>5</span>
    \"<span class=sf-dump-key>slug</span>\" => \"<span class=sf-dump-str title=\"6 characters\">custom</span>\"
    \"<span class=sf-dump-key>complimentory</span>\" => <span class=sf-dump-num>0</span>
    \"<span class=sf-dump-key>duration</span>\" => \"<span class=sf-dump-str title=\"5 characters\">00:40</span>\"
    \"<span class=sf-dump-key>price</span>\" => <span class=sf-dump-num>13000.0</span>
    \"<span class=sf-dump-key>color</span>\" => \"<span class=sf-dump-str title=\"7 characters\">#ed1212</span>\"
    \"<span class=sf-dump-key>end_node</span>\" => <span class=sf-dump-num>1</span>
    \"<span class=sf-dump-key>active</span>\" => <span class=sf-dump-num>1</span>
  </samp>]
  <span class=sf-dump-key>-3</span> => <span class=sf-dump-note>array:10</span> [<samp data-depth=2 class=sf-dump-compact>
    \"<span class=sf-dump-key>id</span>\" => <span class=sf-dump-num>3</span>
    \"<span class=sf-dump-key>name</span>\" => \"<span class=sf-dump-str title=\"15 characters\">Skin Treatments</span>\"
    \"<span class=sf-dump-key>parent_id</span>\" => <span class=sf-dump-num>0</span>
    \"<span class=sf-dump-key>slug</span>\" => \"<span class=sf-dump-str title=\"6 characters\">custom</span>\"
    \"<span class=sf-dump-key>complimentory</span>\" => <span class=sf-dump-num>0</span>
    \"<span class=sf-dump-key>active</span>\" => <span class=sf-dump-num>1</span>
    \"<span class=sf-dump-key>duration</span>\" => \"<span class=sf-dump-str title=\"5 characters\">00:30</span>\"
    \"<span class=sf-dump-key>price</span>\" => <span class=sf-dump-num>0.0</span>
    \"<span class=sf-dump-key>color</span>\" => \"<span class=sf-dump-str title=\"7 characters\">#ee2bb0</span>\"
    \"<span class=sf-dump-key>end_node</span>\" => <span class=sf-dump-num>0</span>
  </samp>]
  <span class=sf-dump-key>107</span> => <span class=sf-dump-note>array:10</span> [<samp data-depth=2 class=sf-dump-compact>
    \"<span class=sf-dump-key>id</span>\" => <span class=sf-dump-num>107</span>
    \"<span class=sf-dump-key>name</span>\" => \"<span class=sf-dump-str title=\"44 characters\">&amp;nbsp;&amp;nbsp;&amp;nbsp;BB Glow Facial from Stayve</span>\"
    \"<span class=sf-dump-key>parent_id</span>\" => <span class=sf-dump-num>3</span>
    \"<span class=sf-dump-key>slug</span>\" => \"<span class=sf-dump-str title=\"6 characters\">custom</span>\"
    \"<span class=sf-dump-key>complimentory</span>\" => <span class=sf-dump-num>0</span>
    \"<span class=sf-dump-key>duration</span>\" => \"<span class=sf-dump-str title=\"5 characters\">00:30</span>\"
    \"<span class=sf-dump-key>price</span>\" => <span class=sf-dump-num>13000.0</span>
    \"<span class=sf-dump-key>color</span>\" => \"<span class=sf-dump-str title=\"7 characters\">#e1740e</span>\"
    \"<span class=sf-dump-key>end_node</span>\" => <span class=sf-dump-num>1</span>
    \"<span class=sf-dump-key>active</span>\" => <span class=sf-dump-num>1</span>
  </samp>]
  <span class=sf-dump-key>106</span> => <span class=sf-dump-note>array:10</span> [<samp data-depth=2 class=sf-dump-compact>
    \"<span class=sf-dump-key>id</span>\" => <span class=sf-dump-num>106</span>
    \"<span class=sf-dump-key>name</span>\" => \"<span class=sf-dump-str title=\"31 characters\">&amp;nbsp;&amp;nbsp;&amp;nbsp;Chemical Peel</span>\"
    \"<span class=sf-dump-key>parent_id</span>\" => <span class=sf-dump-num>3</span>
    \"<span class=sf-dump-key>slug</span>\" => \"<span class=sf-dump-str title=\"6 characters\">custom</span>\"
    \"<span class=sf-dump-key>complimentory</span>\" => <span class=sf-dump-num>0</span>
    \"<span class=sf-dump-key>duration</span>\" => \"<span class=sf-dump-str title=\"5 characters\">00:20</span>\"
    \"<span class=sf-dump-key>price</span>\" => <span class=sf-dump-num>5000.0</span>
    \"<span class=sf-dump-key>color</span>\" => \"<span class=sf-dump-str title=\"7 characters\">#cfd309</span>\"
    \"<span class=sf-dump-key>end_node</span>\" => <span class=sf-dump-num>1</span>
    \"<span class=sf-dump-key>active</span>\" => <span class=sf-dump-num>1</span>
  </samp>]
  <span class=sf-dump-key>112</span> => <span class=sf-dump-note>array:10</span> [<samp data-depth=2 class=sf-dump-compact>
    \"<span class=sf-dump-key>id</span>\" => <span class=sf-dump-num>112</span>
    \"<span class=sf-dump-key>name</span>\" => \"<span class=sf-dump-str title=\"38 characters\">&amp;nbsp;&amp;nbsp;&amp;nbsp;Deep Collagen Facial</span>\"
    \"<span class=sf-dump-key>parent_id</span>\" => <span class=sf-dump-num>3</span>
    \"<span class=sf-dump-key>slug</span>\" => \"<span class=sf-dump-str title=\"6 characters\">custom</span>\"
    \"<span class=sf-dump-key>complimentory</span>\" => <span class=sf-dump-num>0</span>
    \"<span class=sf-dump-key>duration</span>\" => \"<span class=sf-dump-str title=\"5 characters\">00:40</span>\"
    \"<span class=sf-dump-key>price</span>\" => <span class=sf-dump-num>8000.0</span>
    \"<span class=sf-dump-key>color</span>\" => \"<span class=sf-dump-str title=\"7 characters\">#462acf</span>\"
    \"<span class=sf-dump-key>end_node</span>\" => <span class=sf-dump-num>1</span>
    \"<span class=sf-dump-key>active</span>\" => <span class=sf-dump-num>1</span>
  </samp>]
  <span class=sf-dump-key>128</span> => <span class=sf-dump-note>array:10</span> [<samp data-depth=2 class=sf-dump-compact>
    \"<span class=sf-dump-key>id</span>\" => <span class=sf-dump-num>128</span>
    \"<span class=sf-dump-key>name</span>\" => \"<span class=sf-dump-str title=\"37 characters\">&amp;nbsp;&amp;nbsp;&amp;nbsp;Diamond Glow Facial</span>\"
    \"<span class=sf-dump-key>parent_id</span>\" => <span class=sf-dump-num>3</span>
    \"<span class=sf-dump-key>slug</span>\" => \"<span class=sf-dump-str title=\"6 characters\">custom</span>\"
    \"<span class=sf-dump-key>complimentory</span>\" => <span class=sf-dump-num>0</span>
    \"<span class=sf-dump-key>duration</span>\" => \"<span class=sf-dump-str title=\"5 characters\">00:40</span>\"
    \"<span class=sf-dump-key>price</span>\" => <span class=sf-dump-num>8000.0</span>
    \"<span class=sf-dump-key>color</span>\" => \"<span class=sf-dump-str title=\"7 characters\">#2abb56</span>\"
    \"<span class=sf-dump-key>end_node</span>\" => <span class=sf-dump-num>1</span>
    \"<span class=sf-dump-key>active</span>\" => <span class=sf-dump-num>1</span>
  </samp>]
  <span class=sf-dump-key>109</span> => <span class=sf-dump-note>array:10</span> [<samp data-depth=2 class=sf-dump-compact>
    \"<span class=sf-dump-key>id</span>\" => <span class=sf-dump-num>109</span>
    \"<span class=sf-dump-key>name</span>\" => \"<span class=sf-dump-str title=\"52 characters\">&amp;nbsp;&amp;nbsp;&amp;nbsp;Glutathione - Skin lightening Drip</span>\"
    \"<span class=sf-dump-key>parent_id</span>\" => <span class=sf-dump-num>3</span>
    \"<span class=sf-dump-key>slug</span>\" => \"<span class=sf-dump-str title=\"6 characters\">custom</span>\"
    \"<span class=sf-dump-key>complimentory</span>\" => <span class=sf-dump-num>0</span>
    \"<span class=sf-dump-key>duration</span>\" => \"<span class=sf-dump-str title=\"5 characters\">00:40</span>\"
    \"<span class=sf-dump-key>price</span>\" => <span class=sf-dump-num>10000.0</span>
    \"<span class=sf-dump-key>color</span>\" => \"<span class=sf-dump-str title=\"7 characters\">#e22c2c</span>\"
    \"<span class=sf-dump-key>end_node</span>\" => <span class=sf-dump-num>1</span>
    \"<span class=sf-dump-key>active</span>\" => <span class=sf-dump-num>1</span>
  </samp>]
  <span class=sf-dump-key>96</span> => <span class=sf-dump-note>array:10</span> [<samp data-depth=2 class=sf-dump-compact>
    \"<span class=sf-dump-key>id</span>\" => <span class=sf-dump-num>96</span>
    \"<span class=sf-dump-key>name</span>\" => \"<span class=sf-dump-str title=\"29 characters\">&amp;nbsp;&amp;nbsp;&amp;nbsp;Hydrafacial</span>\"
    \"<span class=sf-dump-key>parent_id</span>\" => <span class=sf-dump-num>3</span>
    \"<span class=sf-dump-key>slug</span>\" => \"<span class=sf-dump-str title=\"6 characters\">custom</span>\"
    \"<span class=sf-dump-key>complimentory</span>\" => <span class=sf-dump-num>0</span>
    \"<span class=sf-dump-key>duration</span>\" => \"<span class=sf-dump-str title=\"5 characters\">00:40</span>\"
    \"<span class=sf-dump-key>price</span>\" => <span class=sf-dump-num>8000.0</span>
    \"<span class=sf-dump-key>color</span>\" => \"<span class=sf-dump-str title=\"7 characters\">#23b83c</span>\"
    \"<span class=sf-dump-key>end_node</span>\" => <span class=sf-dump-num>1</span>
    \"<span class=sf-dump-key>active</span>\" => <span class=sf-dump-num>1</span>
  </samp>]
  <span class=sf-dump-key>134</span> => <span class=sf-dump-note>array:10</span> [<samp data-depth=2 class=sf-dump-compact>
    \"<span class=sf-dump-key>id</span>\" => <span class=sf-dump-num>134</span>
    \"<span class=sf-dump-key>name</span>\" => \"<span class=sf-dump-str title=\"45 characters\">&amp;nbsp;&amp;nbsp;&amp;nbsp;INFINI - Fractional RF Face</span>\"
    \"<span class=sf-dump-key>parent_id</span>\" => <span class=sf-dump-num>3</span>
    \"<span class=sf-dump-key>slug</span>\" => \"<span class=sf-dump-str title=\"6 characters\">custom</span>\"
    \"<span class=sf-dump-key>complimentory</span>\" => <span class=sf-dump-num>0</span>
    \"<span class=sf-dump-key>duration</span>\" => \"<span class=sf-dump-str title=\"5 characters\">00:30</span>\"
    \"<span class=sf-dump-key>price</span>\" => <span class=sf-dump-num>10000.0</span>
    \"<span class=sf-dump-key>color</span>\" => \"<span class=sf-dump-str title=\"7 characters\">#000000</span>\"
    \"<span class=sf-dump-key>end_node</span>\" => <span class=sf-dump-num>1</span>
    \"<span class=sf-dump-key>active</span>\" => <span class=sf-dump-num>1</span>
  </samp>]
  <span class=sf-dump-key>88</span> => <span class=sf-dump-note>array:10</span> [<samp data-depth=2 class=sf-dump-compact>
    \"<span class=sf-dump-key>id</span>\" => <span class=sf-dump-num>88</span>
    \"<span class=sf-dump-key>name</span>\" => \"<span class=sf-dump-str title=\"77 characters\">&amp;nbsp;&amp;nbsp;&amp;nbsp;INFINI - RF Microneedling (Stretch marks for One Body area)</span>\"
    \"<span class=sf-dump-key>parent_id</span>\" => <span class=sf-dump-num>3</span>
    \"<span class=sf-dump-key>slug</span>\" => \"<span class=sf-dump-str title=\"6 characters\">custom</span>\"
    \"<span class=sf-dump-key>complimentory</span>\" => <span class=sf-dump-num>0</span>
    \"<span class=sf-dump-key>duration</span>\" => \"<span class=sf-dump-str title=\"5 characters\">00:45</span>\"
    \"<span class=sf-dump-key>price</span>\" => <span class=sf-dump-num>20000.0</span>
    \"<span class=sf-dump-key>color</span>\" => \"<span class=sf-dump-str title=\"7 characters\">#12ce99</span>\"
    \"<span class=sf-dump-key>end_node</span>\" => <span class=sf-dump-num>1</span>
    \"<span class=sf-dump-key>active</span>\" => <span class=sf-dump-num>1</span>
  </samp>]
  <span class=sf-dump-key>93</span> => <span class=sf-dump-note>array:10</span> [<samp data-depth=2 class=sf-dump-compact>
    \"<span class=sf-dump-key>id</span>\" => <span class=sf-dump-num>93</span>
    \"<span class=sf-dump-key>name</span>\" => \"<span class=sf-dump-str title=\"73 characters\">&amp;nbsp;&amp;nbsp;&amp;nbsp;INFINI - RF Microneedling Arms (Stretch marks / Straie)</span>\"
    \"<span class=sf-dump-key>parent_id</span>\" => <span class=sf-dump-num>3</span>
    \"<span class=sf-dump-key>slug</span>\" => \"<span class=sf-dump-str title=\"6 characters\">custom</span>\"
    \"<span class=sf-dump-key>complimentory</span>\" => <span class=sf-dump-num>0</span>
    \"<span class=sf-dump-key>duration</span>\" => \"<span class=sf-dump-str title=\"5 characters\">00:25</span>\"
    \"<span class=sf-dump-key>price</span>\" => <span class=sf-dump-num>15000.0</span>
    \"<span class=sf-dump-key>color</span>\" => \"<span class=sf-dump-str title=\"7 characters\">#064b14</span>\"
    \"<span class=sf-dump-key>end_node</span>\" => <span class=sf-dump-num>1</span>
    \"<span class=sf-dump-key>active</span>\" => <span class=sf-dump-num>0</span>
  </samp>]
  <span class=sf-dump-key>92</span> => <span class=sf-dump-note>array:10</span> [<samp data-depth=2 class=sf-dump-compact>
    \"<span class=sf-dump-key>id</span>\" => <span class=sf-dump-num>92</span>
    \"<span class=sf-dump-key>name</span>\" => \"<span class=sf-dump-str title=\"75 characters\">&amp;nbsp;&amp;nbsp;&amp;nbsp;INFINI - RF Microneedling Breast (Stretch marks / Straie)</span>\"
    \"<span class=sf-dump-key>parent_id</span>\" => <span class=sf-dump-num>3</span>
    \"<span class=sf-dump-key>slug</span>\" => \"<span class=sf-dump-str title=\"6 characters\">custom</span>\"
    \"<span class=sf-dump-key>complimentory</span>\" => <span class=sf-dump-num>0</span>
    \"<span class=sf-dump-key>duration</span>\" => \"<span class=sf-dump-str title=\"5 characters\">00:30</span>\"
    \"<span class=sf-dump-key>price</span>\" => <span class=sf-dump-num>15000.0</span>
    \"<span class=sf-dump-key>color</span>\" => \"<span class=sf-dump-str title=\"7 characters\">#000000</span>\"
    \"<span class=sf-dump-key>end_node</span>\" => <span class=sf-dump-num>1</span>
    \"<span class=sf-dump-key>active</span>\" => <span class=sf-dump-num>0</span>
  </samp>]
  <span class=sf-dump-key>89</span> => <span class=sf-dump-note>array:10</span> [<samp data-depth=2 class=sf-dump-compact>
    \"<span class=sf-dump-key>id</span>\" => <span class=sf-dump-num>89</span>
    \"<span class=sf-dump-key>name</span>\" => \"<span class=sf-dump-str title=\"77 characters\">&amp;nbsp;&amp;nbsp;&amp;nbsp;INFINI - RF Microneedling Buttocks (Stretch marks / Straie)</span>\"
    \"<span class=sf-dump-key>parent_id</span>\" => <span class=sf-dump-num>3</span>
    \"<span class=sf-dump-key>slug</span>\" => \"<span class=sf-dump-str title=\"6 characters\">custom</span>\"
    \"<span class=sf-dump-key>complimentory</span>\" => <span class=sf-dump-num>0</span>
    \"<span class=sf-dump-key>duration</span>\" => \"<span class=sf-dump-str title=\"5 characters\">00:45</span>\"
    \"<span class=sf-dump-key>price</span>\" => <span class=sf-dump-num>15000.0</span>
    \"<span class=sf-dump-key>color</span>\" => \"<span class=sf-dump-str title=\"7 characters\">#0eaf54</span>\"
    \"<span class=sf-dump-key>end_node</span>\" => <span class=sf-dump-num>1</span>
    \"<span class=sf-dump-key>active</span>\" => <span class=sf-dump-num>0</span>
  </samp>]
  <span class=sf-dump-key>91</span> => <span class=sf-dump-note>array:10</span> [<samp data-depth=2 class=sf-dump-compact>
    \"<span class=sf-dump-key>id</span>\" => <span class=sf-dump-num>91</span>
    \"<span class=sf-dump-key>name</span>\" => \"<span class=sf-dump-str title=\"81 characters\">&amp;nbsp;&amp;nbsp;&amp;nbsp;INFINI - RF Microneedling Calf muscles (Stretch marks / Straie)</span>\"
    \"<span class=sf-dump-key>parent_id</span>\" => <span class=sf-dump-num>3</span>
    \"<span class=sf-dump-key>slug</span>\" => \"<span class=sf-dump-str title=\"6 characters\">custom</span>\"
    \"<span class=sf-dump-key>complimentory</span>\" => <span class=sf-dump-num>0</span>
    \"<span class=sf-dump-key>duration</span>\" => \"<span class=sf-dump-str title=\"5 characters\">00:30</span>\"
    \"<span class=sf-dump-key>price</span>\" => <span class=sf-dump-num>15000.0</span>
    \"<span class=sf-dump-key>color</span>\" => \"<span class=sf-dump-str title=\"7 characters\">#058f15</span>\"
    \"<span class=sf-dump-key>end_node</span>\" => <span class=sf-dump-num>1</span>
    \"<span class=sf-dump-key>active</span>\" => <span class=sf-dump-num>0</span>
  </samp>]
  <span class=sf-dump-key>52</span> => <span class=sf-dump-note>array:10</span> [<samp data-depth=2 class=sf-dump-compact>
    \"<span class=sf-dump-key>id</span>\" => <span class=sf-dump-num>52</span>
    \"<span class=sf-dump-key>name</span>\" => \"<span class=sf-dump-str title=\"48 characters\">&amp;nbsp;&amp;nbsp;&amp;nbsp;INFINI - RF Microneedling Face</span>\"
    \"<span class=sf-dump-key>parent_id</span>\" => <span class=sf-dump-num>3</span>
    \"<span class=sf-dump-key>slug</span>\" => \"<span class=sf-dump-str title=\"6 characters\">custom</span>\"
    \"<span class=sf-dump-key>complimentory</span>\" => <span class=sf-dump-num>0</span>
    \"<span class=sf-dump-key>duration</span>\" => \"<span class=sf-dump-str title=\"5 characters\">00:40</span>\"
    \"<span class=sf-dump-key>price</span>\" => <span class=sf-dump-num>18000.0</span>
    \"<span class=sf-dump-key>color</span>\" => \"<span class=sf-dump-str title=\"7 characters\">#000000</span>\"
    \"<span class=sf-dump-key>end_node</span>\" => <span class=sf-dump-num>1</span>
    \"<span class=sf-dump-key>active</span>\" => <span class=sf-dump-num>1</span>
  </samp>]
  <span class=sf-dump-key>87</span> => <span class=sf-dump-note>array:10</span> [<samp data-depth=2 class=sf-dump-compact>
    \"<span class=sf-dump-key>id</span>\" => <span class=sf-dump-num>87</span>
    \"<span class=sf-dump-key>name</span>\" => \"<span class=sf-dump-str title=\"55 characters\">&amp;nbsp;&amp;nbsp;&amp;nbsp;INFINI - RF Microneedling Face + Neck</span>\"
    \"<span class=sf-dump-key>parent_id</span>\" => <span class=sf-dump-num>3</span>
    \"<span class=sf-dump-key>slug</span>\" => \"<span class=sf-dump-str title=\"6 characters\">custom</span>\"
    \"<span class=sf-dump-key>complimentory</span>\" => <span class=sf-dump-num>0</span>
    \"<span class=sf-dump-key>duration</span>\" => \"<span class=sf-dump-str title=\"5 characters\">00:40</span>\"
    \"<span class=sf-dump-key>price</span>\" => <span class=sf-dump-num>20000.0</span>
    \"<span class=sf-dump-key>color</span>\" => \"<span class=sf-dump-str title=\"7 characters\">#bfe600</span>\"
    \"<span class=sf-dump-key>end_node</span>\" => <span class=sf-dump-num>1</span>
    \"<span class=sf-dump-key>active</span>\" => <span class=sf-dump-num>1</span>
  </samp>]
  <span class=sf-dump-key>90</span> => <span class=sf-dump-note>array:10</span> [<samp data-depth=2 class=sf-dump-compact>
    \"<span class=sf-dump-key>id</span>\" => <span class=sf-dump-num>90</span>
    \"<span class=sf-dump-key>name</span>\" => \"<span class=sf-dump-str title=\"75 characters\">&amp;nbsp;&amp;nbsp;&amp;nbsp;INFINI - RF Microneedling Thighs (Stretch marks / Straie)</span>\"
    \"<span class=sf-dump-key>parent_id</span>\" => <span class=sf-dump-num>3</span>
    \"<span class=sf-dump-key>slug</span>\" => \"<span class=sf-dump-str title=\"6 characters\">custom</span>\"
    \"<span class=sf-dump-key>complimentory</span>\" => <span class=sf-dump-num>0</span>
    \"<span class=sf-dump-key>duration</span>\" => \"<span class=sf-dump-str title=\"5 characters\">00:45</span>\"
    \"<span class=sf-dump-key>price</span>\" => <span class=sf-dump-num>20000.0</span>
    \"<span class=sf-dump-key>color</span>\" => \"<span class=sf-dump-str title=\"7 characters\">#0b9d15</span>\"
    \"<span class=sf-dump-key>end_node</span>\" => <span class=sf-dump-num>1</span>
    \"<span class=sf-dump-key>active</span>\" => <span class=sf-dump-num>0</span>
  </samp>]
  <span class=sf-dump-key>108</span> => <span class=sf-dump-note>array:10</span> [<samp data-depth=2 class=sf-dump-compact>
    \"<span class=sf-dump-key>id</span>\" => <span class=sf-dump-num>108</span>
    \"<span class=sf-dump-key>name</span>\" => \"<span class=sf-dump-str title=\"51 characters\">&amp;nbsp;&amp;nbsp;&amp;nbsp;Meso-Eye - Dark circles reduction</span>\"
    \"<span class=sf-dump-key>parent_id</span>\" => <span class=sf-dump-num>3</span>
    \"<span class=sf-dump-key>slug</span>\" => \"<span class=sf-dump-str title=\"6 characters\">custom</span>\"
    \"<span class=sf-dump-key>complimentory</span>\" => <span class=sf-dump-num>0</span>
    \"<span class=sf-dump-key>duration</span>\" => \"<span class=sf-dump-str title=\"5 characters\">00:20</span>\"
    \"<span class=sf-dump-key>price</span>\" => <span class=sf-dump-num>8000.0</span>
    \"<span class=sf-dump-key>color</span>\" => \"<span class=sf-dump-str title=\"7 characters\">#24bc36</span>\"
    \"<span class=sf-dump-key>end_node</span>\" => <span class=sf-dump-num>1</span>
    \"<span class=sf-dump-key>active</span>\" => <span class=sf-dump-num>1</span>
  </samp>]
  <span class=sf-dump-key>94</span> => <span class=sf-dump-note>array:10</span> [<samp data-depth=2 class=sf-dump-compact>
    \"<span class=sf-dump-key>id</span>\" => <span class=sf-dump-num>94</span>
    \"<span class=sf-dump-key>name</span>\" => \"<span class=sf-dump-str title=\"59 characters\">&amp;nbsp;&amp;nbsp;&amp;nbsp;Microneedling with Dermedics Serum - Face</span>\"
    \"<span class=sf-dump-key>parent_id</span>\" => <span class=sf-dump-num>3</span>
    \"<span class=sf-dump-key>slug</span>\" => \"<span class=sf-dump-str title=\"6 characters\">custom</span>\"
    \"<span class=sf-dump-key>complimentory</span>\" => <span class=sf-dump-num>0</span>
    \"<span class=sf-dump-key>duration</span>\" => \"<span class=sf-dump-str title=\"5 characters\">00:40</span>\"
    \"<span class=sf-dump-key>price</span>\" => <span class=sf-dump-num>12000.0</span>
    \"<span class=sf-dump-key>color</span>\" => \"<span class=sf-dump-str title=\"7 characters\">#0b5b2e</span>\"
    \"<span class=sf-dump-key>end_node</span>\" => <span class=sf-dump-num>1</span>
    \"<span class=sf-dump-key>active</span>\" => <span class=sf-dump-num>1</span>
  </samp>]
  <span class=sf-dump-key>95</span> => <span class=sf-dump-note>array:10</span> [<samp data-depth=2 class=sf-dump-compact>
    \"<span class=sf-dump-key>id</span>\" => <span class=sf-dump-num>95</span>
    \"<span class=sf-dump-key>name</span>\" => \"<span class=sf-dump-str title=\"66 characters\">&amp;nbsp;&amp;nbsp;&amp;nbsp;Microneedling with Dermedics Serum - Face + Neck</span>\"
    \"<span class=sf-dump-key>parent_id</span>\" => <span class=sf-dump-num>3</span>
    \"<span class=sf-dump-key>slug</span>\" => \"<span class=sf-dump-str title=\"6 characters\">custom</span>\"
    \"<span class=sf-dump-key>complimentory</span>\" => <span class=sf-dump-num>0</span>
    \"<span class=sf-dump-key>duration</span>\" => \"<span class=sf-dump-str title=\"5 characters\">00:45</span>\"
    \"<span class=sf-dump-key>price</span>\" => <span class=sf-dump-num>15000.0</span>
    \"<span class=sf-dump-key>color</span>\" => \"<span class=sf-dump-str title=\"7 characters\">#14730d</span>\"
    \"<span class=sf-dump-key>end_node</span>\" => <span class=sf-dump-num>1</span>
    \"<span class=sf-dump-key>active</span>\" => <span class=sf-dump-num>1</span>
  </samp>]
  <span class=sf-dump-key>84</span> => <span class=sf-dump-note>array:10</span> [<samp data-depth=2 class=sf-dump-compact>
    \"<span class=sf-dump-key>id</span>\" => <span class=sf-dump-num>84</span>
    \"<span class=sf-dump-key>name</span>\" => \"<span class=sf-dump-str title=\"62 characters\">&amp;nbsp;&amp;nbsp;&amp;nbsp;PICO LASER - Birthmarks Reduction 2x2 inches</span>\"
    \"<span class=sf-dump-key>parent_id</span>\" => <span class=sf-dump-num>3</span>
    \"<span class=sf-dump-key>slug</span>\" => \"<span class=sf-dump-str title=\"6 characters\">custom</span>\"
    \"<span class=sf-dump-key>complimentory</span>\" => <span class=sf-dump-num>0</span>
    \"<span class=sf-dump-key>duration</span>\" => \"<span class=sf-dump-str title=\"5 characters\">00:20</span>\"
    \"<span class=sf-dump-key>price</span>\" => <span class=sf-dump-num>7000.0</span>
    \"<span class=sf-dump-key>color</span>\" => \"<span class=sf-dump-str title=\"7 characters\">#69339e</span>\"
    \"<span class=sf-dump-key>end_node</span>\" => <span class=sf-dump-num>1</span>
    \"<span class=sf-dump-key>active</span>\" => <span class=sf-dump-num>0</span>
  </samp>]
  <span class=sf-dump-key>85</span> => <span class=sf-dump-note>array:10</span> [<samp data-depth=2 class=sf-dump-compact>
    \"<span class=sf-dump-key>id</span>\" => <span class=sf-dump-num>85</span>
    \"<span class=sf-dump-key>name</span>\" => \"<span class=sf-dump-str title=\"62 characters\">&amp;nbsp;&amp;nbsp;&amp;nbsp;PICO LASER - Birthmarks Reduction 3x3 inches</span>\"
    \"<span class=sf-dump-key>parent_id</span>\" => <span class=sf-dump-num>3</span>
    \"<span class=sf-dump-key>slug</span>\" => \"<span class=sf-dump-str title=\"6 characters\">custom</span>\"
    \"<span class=sf-dump-key>complimentory</span>\" => <span class=sf-dump-num>0</span>
    \"<span class=sf-dump-key>duration</span>\" => \"<span class=sf-dump-str title=\"5 characters\">00:25</span>\"
    \"<span class=sf-dump-key>price</span>\" => <span class=sf-dump-num>10000.0</span>
    \"<span class=sf-dump-key>color</span>\" => \"<span class=sf-dump-str title=\"7 characters\">#5e339e</span>\"
    \"<span class=sf-dump-key>end_node</span>\" => <span class=sf-dump-num>1</span>
    \"<span class=sf-dump-key>active</span>\" => <span class=sf-dump-num>0</span>
  </samp>]
  <span class=sf-dump-key>86</span> => <span class=sf-dump-note>array:10</span> [<samp data-depth=2 class=sf-dump-compact>
    \"<span class=sf-dump-key>id</span>\" => <span class=sf-dump-num>86</span>
    \"<span class=sf-dump-key>name</span>\" => \"<span class=sf-dump-str title=\"62 characters\">&amp;nbsp;&amp;nbsp;&amp;nbsp;PICO LASER - Birthmarks Reduction 4x4 inches</span>\"
    \"<span class=sf-dump-key>parent_id</span>\" => <span class=sf-dump-num>3</span>
    \"<span class=sf-dump-key>slug</span>\" => \"<span class=sf-dump-str title=\"6 characters\">custom</span>\"
    \"<span class=sf-dump-key>complimentory</span>\" => <span class=sf-dump-num>0</span>
    \"<span class=sf-dump-key>duration</span>\" => \"<span class=sf-dump-str title=\"5 characters\">00:30</span>\"
    \"<span class=sf-dump-key>price</span>\" => <span class=sf-dump-num>13000.0</span>
    \"<span class=sf-dump-key>color</span>\" => \"<span class=sf-dump-str title=\"7 characters\">#7023af</span>\"
    \"<span class=sf-dump-key>end_node</span>\" => <span class=sf-dump-num>1</span>
    \"<span class=sf-dump-key>active</span>\" => <span class=sf-dump-num>0</span>
  </samp>]
  <span class=sf-dump-key>51</span> => <span class=sf-dump-note>array:10</span> [<samp data-depth=2 class=sf-dump-compact>
    \"<span class=sf-dump-key>id</span>\" => <span class=sf-dump-num>51</span>
    \"<span class=sf-dump-key>name</span>\" => \"<span class=sf-dump-str title=\"48 characters\">&amp;nbsp;&amp;nbsp;&amp;nbsp;PICO LASER - Carbon laser peel</span>\"
    \"<span class=sf-dump-key>parent_id</span>\" => <span class=sf-dump-num>3</span>
    \"<span class=sf-dump-key>slug</span>\" => \"<span class=sf-dump-str title=\"6 characters\">custom</span>\"
    \"<span class=sf-dump-key>complimentory</span>\" => <span class=sf-dump-num>0</span>
    \"<span class=sf-dump-key>duration</span>\" => \"<span class=sf-dump-str title=\"5 characters\">00:30</span>\"
    \"<span class=sf-dump-key>price</span>\" => <span class=sf-dump-num>13000.0</span>
    \"<span class=sf-dump-key>color</span>\" => \"<span class=sf-dump-str title=\"7 characters\">#474bb3</span>\"
    \"<span class=sf-dump-key>end_node</span>\" => <span class=sf-dump-num>1</span>
    \"<span class=sf-dump-key>active</span>\" => <span class=sf-dump-num>1</span>
  </samp>]
  <span class=sf-dump-key>83</span> => <span class=sf-dump-note>array:10</span> [<samp data-depth=2 class=sf-dump-compact>
    \"<span class=sf-dump-key>id</span>\" => <span class=sf-dump-num>83</span>
    \"<span class=sf-dump-key>name</span>\" => \"<span class=sf-dump-str title=\"49 characters\">&amp;nbsp;&amp;nbsp;&amp;nbsp;PICO LASER - Feets rejuvenation</span>\"
    \"<span class=sf-dump-key>parent_id</span>\" => <span class=sf-dump-num>3</span>
    \"<span class=sf-dump-key>slug</span>\" => \"<span class=sf-dump-str title=\"6 characters\">custom</span>\"
    \"<span class=sf-dump-key>complimentory</span>\" => <span class=sf-dump-num>0</span>
    \"<span class=sf-dump-key>duration</span>\" => \"<span class=sf-dump-str title=\"5 characters\">00:30</span>\"
    \"<span class=sf-dump-key>price</span>\" => <span class=sf-dump-num>12000.0</span>
    \"<span class=sf-dump-key>color</span>\" => \"<span class=sf-dump-str title=\"7 characters\">#41258e</span>\"
    \"<span class=sf-dump-key>end_node</span>\" => <span class=sf-dump-num>1</span>
    \"<span class=sf-dump-key>active</span>\" => <span class=sf-dump-num>0</span>
  </samp>]
  <span class=sf-dump-key>82</span> => <span class=sf-dump-note>array:10</span> [<samp data-depth=2 class=sf-dump-compact>
    \"<span class=sf-dump-key>id</span>\" => <span class=sf-dump-num>82</span>
    \"<span class=sf-dump-key>name</span>\" => \"<span class=sf-dump-str title=\"49 characters\">&amp;nbsp;&amp;nbsp;&amp;nbsp;PICO LASER - Hands rejuvenation</span>\"
    \"<span class=sf-dump-key>parent_id</span>\" => <span class=sf-dump-num>3</span>
    \"<span class=sf-dump-key>slug</span>\" => \"<span class=sf-dump-str title=\"6 characters\">custom</span>\"
    \"<span class=sf-dump-key>complimentory</span>\" => <span class=sf-dump-num>0</span>
    \"<span class=sf-dump-key>duration</span>\" => \"<span class=sf-dump-str title=\"5 characters\">00:30</span>\"
    \"<span class=sf-dump-key>price</span>\" => <span class=sf-dump-num>10000.0</span>
    \"<span class=sf-dump-key>color</span>\" => \"<span class=sf-dump-str title=\"7 characters\">#532d9a</span>\"
    \"<span class=sf-dump-key>end_node</span>\" => <span class=sf-dump-num>1</span>
    \"<span class=sf-dump-key>active</span>\" => <span class=sf-dump-num>0</span>
  </samp>]
  <span class=sf-dump-key>79</span> => <span class=sf-dump-note>array:10</span> [<samp data-depth=2 class=sf-dump-compact>
    \"<span class=sf-dump-key>id</span>\" => <span class=sf-dump-num>79</span>
    \"<span class=sf-dump-key>name</span>\" => \"<span class=sf-dump-str title=\"72 characters\">&amp;nbsp;&amp;nbsp;&amp;nbsp;PICO LASER - Melasma, Hyper-Pigmentation, Spider Veins</span>\"
    \"<span class=sf-dump-key>parent_id</span>\" => <span class=sf-dump-num>3</span>
    \"<span class=sf-dump-key>slug</span>\" => \"<span class=sf-dump-str title=\"6 characters\">custom</span>\"
    \"<span class=sf-dump-key>complimentory</span>\" => <span class=sf-dump-num>0</span>
    \"<span class=sf-dump-key>duration</span>\" => \"<span class=sf-dump-str title=\"5 characters\">00:30</span>\"
    \"<span class=sf-dump-key>price</span>\" => <span class=sf-dump-num>16000.0</span>
    \"<span class=sf-dump-key>color</span>\" => \"<span class=sf-dump-str title=\"7 characters\">#28af37</span>\"
    \"<span class=sf-dump-key>end_node</span>\" => <span class=sf-dump-num>1</span>
    \"<span class=sf-dump-key>active</span>\" => <span class=sf-dump-num>0</span>
  </samp>]
  <span class=sf-dump-key>81</span> => <span class=sf-dump-note>array:10</span> [<samp data-depth=2 class=sf-dump-compact>
    \"<span class=sf-dump-key>id</span>\" => <span class=sf-dump-num>81</span>
    \"<span class=sf-dump-key>name</span>\" => \"<span class=sf-dump-str title=\"53 characters\">&amp;nbsp;&amp;nbsp;&amp;nbsp;PICO LASER - Skin lightening facial</span>\"
    \"<span class=sf-dump-key>parent_id</span>\" => <span class=sf-dump-num>3</span>
    \"<span class=sf-dump-key>slug</span>\" => \"<span class=sf-dump-str title=\"6 characters\">custom</span>\"
    \"<span class=sf-dump-key>complimentory</span>\" => <span class=sf-dump-num>0</span>
    \"<span class=sf-dump-key>duration</span>\" => \"<span class=sf-dump-str title=\"5 characters\">00:30</span>\"
    \"<span class=sf-dump-key>price</span>\" => <span class=sf-dump-num>12000.0</span>
    \"<span class=sf-dump-key>color</span>\" => \"<span class=sf-dump-str title=\"7 characters\">#252d9d</span>\"
    \"<span class=sf-dump-key>end_node</span>\" => <span class=sf-dump-num>1</span>
    \"<span class=sf-dump-key>active</span>\" => <span class=sf-dump-num>0</span>
  </samp>]
  <span class=sf-dump-key>76</span> => <span class=sf-dump-note>array:10</span> [<samp data-depth=2 class=sf-dump-compact>
    \"<span class=sf-dump-key>id</span>\" => <span class=sf-dump-num>76</span>
    \"<span class=sf-dump-key>name</span>\" => \"<span class=sf-dump-str title=\"39 characters\">&amp;nbsp;&amp;nbsp;&amp;nbsp;PICO LASER 2x2 inches</span>\"
    \"<span class=sf-dump-key>parent_id</span>\" => <span class=sf-dump-num>3</span>
    \"<span class=sf-dump-key>slug</span>\" => \"<span class=sf-dump-str title=\"6 characters\">custom</span>\"
    \"<span class=sf-dump-key>complimentory</span>\" => <span class=sf-dump-num>0</span>
    \"<span class=sf-dump-key>duration</span>\" => \"<span class=sf-dump-str title=\"5 characters\">00:20</span>\"
    \"<span class=sf-dump-key>price</span>\" => <span class=sf-dump-num>12000.0</span>
    \"<span class=sf-dump-key>color</span>\" => \"<span class=sf-dump-str title=\"7 characters\">#18862a</span>\"
    \"<span class=sf-dump-key>end_node</span>\" => <span class=sf-dump-num>1</span>
    \"<span class=sf-dump-key>active</span>\" => <span class=sf-dump-num>1</span>
  </samp>]
  <span class=sf-dump-key>77</span> => <span class=sf-dump-note>array:10</span> [<samp data-depth=2 class=sf-dump-compact>
    \"<span class=sf-dump-key>id</span>\" => <span class=sf-dump-num>77</span>
    \"<span class=sf-dump-key>name</span>\" => \"<span class=sf-dump-str title=\"39 characters\">&amp;nbsp;&amp;nbsp;&amp;nbsp;PICO LASER 3x3 inches</span>\"
    \"<span class=sf-dump-key>parent_id</span>\" => <span class=sf-dump-num>3</span>
    \"<span class=sf-dump-key>slug</span>\" => \"<span class=sf-dump-str title=\"6 characters\">custom</span>\"
    \"<span class=sf-dump-key>complimentory</span>\" => <span class=sf-dump-num>0</span>
    \"<span class=sf-dump-key>duration</span>\" => \"<span class=sf-dump-str title=\"5 characters\">00:20</span>\"
    \"<span class=sf-dump-key>price</span>\" => <span class=sf-dump-num>15000.0</span>
    \"<span class=sf-dump-key>color</span>\" => \"<span class=sf-dump-str title=\"7 characters\">#129752</span>\"
    \"<span class=sf-dump-key>end_node</span>\" => <span class=sf-dump-num>1</span>
    \"<span class=sf-dump-key>active</span>\" => <span class=sf-dump-num>1</span>
  </samp>]
  <span class=sf-dump-key>78</span> => <span class=sf-dump-note>array:10</span> [<samp data-depth=2 class=sf-dump-compact>
    \"<span class=sf-dump-key>id</span>\" => <span class=sf-dump-num>78</span>
    \"<span class=sf-dump-key>name</span>\" => \"<span class=sf-dump-str title=\"39 characters\">&amp;nbsp;&amp;nbsp;&amp;nbsp;PICO LASER 4x4 inches</span>\"
    \"<span class=sf-dump-key>parent_id</span>\" => <span class=sf-dump-num>3</span>
    \"<span class=sf-dump-key>slug</span>\" => \"<span class=sf-dump-str title=\"6 characters\">custom</span>\"
    \"<span class=sf-dump-key>complimentory</span>\" => <span class=sf-dump-num>0</span>
    \"<span class=sf-dump-key>duration</span>\" => \"<span class=sf-dump-str title=\"5 characters\">00:25</span>\"
    \"<span class=sf-dump-key>price</span>\" => <span class=sf-dump-num>18000.0</span>
    \"<span class=sf-dump-key>color</span>\" => \"<span class=sf-dump-str title=\"7 characters\">#11794c</span>\"
    \"<span class=sf-dump-key>end_node</span>\" => <span class=sf-dump-num>1</span>
    \"<span class=sf-dump-key>active</span>\" => <span class=sf-dump-num>1</span>
  </samp>]
  <span class=sf-dump-key>-135</span> => <span class=sf-dump-note>array:10</span> [<samp data-depth=2 class=sf-dump-compact>
    \"<span class=sf-dump-key>id</span>\" => <span class=sf-dump-num>135</span>
    \"<span class=sf-dump-key>name</span>\" => \"<span class=sf-dump-str title=\"8 characters\">Surgical</span>\"
    \"<span class=sf-dump-key>parent_id</span>\" => <span class=sf-dump-num>0</span>
    \"<span class=sf-dump-key>slug</span>\" => \"<span class=sf-dump-str title=\"6 characters\">custom</span>\"
    \"<span class=sf-dump-key>complimentory</span>\" => <span class=sf-dump-num>0</span>
    \"<span class=sf-dump-key>active</span>\" => <span class=sf-dump-num>1</span>
    \"<span class=sf-dump-key>duration</span>\" => \"<span class=sf-dump-str title=\"5 characters\">00:30</span>\"
    \"<span class=sf-dump-key>price</span>\" => <span class=sf-dump-num>0.0</span>
    \"<span class=sf-dump-key>color</span>\" => \"<span class=sf-dump-str title=\"7 characters\">#000000</span>\"
    \"<span class=sf-dump-key>end_node</span>\" => <span class=sf-dump-num>0</span>
  </samp>]
  <span class=sf-dump-key>139</span> => <span class=sf-dump-note>array:10</span> [<samp data-depth=2 class=sf-dump-compact>
    \"<span class=sf-dump-key>id</span>\" => <span class=sf-dump-num>139</span>
    \"<span class=sf-dump-key>name</span>\" => \"<span class=sf-dump-str title=\"30 characters\">&amp;nbsp;&amp;nbsp;&amp;nbsp;Fat Grafting</span>\"
    \"<span class=sf-dump-key>parent_id</span>\" => <span class=sf-dump-num>135</span>
    \"<span class=sf-dump-key>slug</span>\" => \"<span class=sf-dump-str title=\"6 characters\">custom</span>\"
    \"<span class=sf-dump-key>complimentory</span>\" => <span class=sf-dump-num>0</span>
    \"<span class=sf-dump-key>duration</span>\" => \"<span class=sf-dump-str title=\"5 characters\">01:00</span>\"
    \"<span class=sf-dump-key>price</span>\" => <span class=sf-dump-num>50000.0</span>
    \"<span class=sf-dump-key>color</span>\" => \"<span class=sf-dump-str title=\"7 characters\">#f5450a</span>\"
    \"<span class=sf-dump-key>end_node</span>\" => <span class=sf-dump-num>1</span>
    \"<span class=sf-dump-key>active</span>\" => <span class=sf-dump-num>1</span>
  </samp>]
  <span class=sf-dump-key>140</span> => <span class=sf-dump-note>array:10</span> [<samp data-depth=2 class=sf-dump-compact>
    \"<span class=sf-dump-key>id</span>\" => <span class=sf-dump-num>140</span>
    \"<span class=sf-dump-key>name</span>\" => \"<span class=sf-dump-str title=\"30 characters\">&amp;nbsp;&amp;nbsp;&amp;nbsp;Mole Removal</span>\"
    \"<span class=sf-dump-key>parent_id</span>\" => <span class=sf-dump-num>135</span>
    \"<span class=sf-dump-key>slug</span>\" => \"<span class=sf-dump-str title=\"6 characters\">custom</span>\"
    \"<span class=sf-dump-key>complimentory</span>\" => <span class=sf-dump-num>0</span>
    \"<span class=sf-dump-key>duration</span>\" => \"<span class=sf-dump-str title=\"5 characters\">00:30</span>\"
    \"<span class=sf-dump-key>price</span>\" => <span class=sf-dump-num>15000.0</span>
    \"<span class=sf-dump-key>color</span>\" => \"<span class=sf-dump-str title=\"7 characters\">#bd1414</span>\"
    \"<span class=sf-dump-key>end_node</span>\" => <span class=sf-dump-num>1</span>
    \"<span class=sf-dump-key>active</span>\" => <span class=sf-dump-num>1</span>
  </samp>]
  <span class=sf-dump-key>136</span> => <span class=sf-dump-note>array:10</span> [<samp data-depth=2 class=sf-dump-compact>
    \"<span class=sf-dump-key>id</span>\" => <span class=sf-dump-num>136</span>
    \"<span class=sf-dump-key>name</span>\" => \"<span class=sf-dump-str title=\"41 characters\">&amp;nbsp;&amp;nbsp;&amp;nbsp;Scar removal - Forehead</span>\"
    \"<span class=sf-dump-key>parent_id</span>\" => <span class=sf-dump-num>135</span>
    \"<span class=sf-dump-key>slug</span>\" => \"<span class=sf-dump-str title=\"6 characters\">custom</span>\"
    \"<span class=sf-dump-key>complimentory</span>\" => <span class=sf-dump-num>0</span>
    \"<span class=sf-dump-key>duration</span>\" => \"<span class=sf-dump-str title=\"5 characters\">01:00</span>\"
    \"<span class=sf-dump-key>price</span>\" => <span class=sf-dump-num>25000.0</span>
    \"<span class=sf-dump-key>color</span>\" => \"<span class=sf-dump-str title=\"7 characters\">#ab2121</span>\"
    \"<span class=sf-dump-key>end_node</span>\" => <span class=sf-dump-num>1</span>
    \"<span class=sf-dump-key>active</span>\" => <span class=sf-dump-num>1</span>
  </samp>]
</samp>]
</pre><script>Sfdump(\"sf-dump-71381507\", {\"maxDepth\":3,\"maxStringLength\":160})</script>
","users":"<pre class=sf-dump id=sf-dump-1258999619 data-indent-pad=\"  \"><span class=sf-dump-note>array:41</span> [<samp data-depth=1 class=sf-dump-expanded>
  \"\" => \"<span class=sf-dump-str title=\"3 characters\">All</span>\"
  <span class=sf-dump-key>1</span> => \"<span class=sf-dump-str title=\"5 characters\">Admin</span>\"
  <span class=sf-dump-key>4</span> => \"<span class=sf-dump-str title=\"10 characters\">Syeda Saba</span>\"
  <span class=sf-dump-key>5</span> => \"<span class=sf-dump-str title=\"9 characters\">DHA - FDM</span>\"
  <span class=sf-dump-key>87</span> => \"<span class=sf-dump-str title=\"16 characters\">Zeeshan Jahangir</span>\"
  <span class=sf-dump-key>1116</span> => \"<span class=sf-dump-str title=\"9 characters\">FDM - BHD</span>\"
  <span class=sf-dump-key>1874</span> => \"<span class=sf-dump-str title=\"14 characters\">Omer Chuadhery</span>\"
  <span class=sf-dump-key>9591</span> => \"<span class=sf-dump-str title=\"16 characters\">Irfan Ahmed Khan</span>\"
  <span class=sf-dump-key>13403</span> => \"<span class=sf-dump-str title=\"18 characters\">Muhammad Ahmad Ali</span>\"
  <span class=sf-dump-key>13978</span> => \"<span class=sf-dump-str title=\"6 characters\">FDM-JT</span>\"
  <span class=sf-dump-key>20363</span> => \"<span class=sf-dump-str title=\"11 characters\">FDM Gulshan</span>\"
  <span class=sf-dump-key>20365</span> => \"<span class=sf-dump-str title=\"16 characters\">Mudassar Mehmood</span>\"
  <span class=sf-dump-key>27657</span> => \"<span class=sf-dump-str title=\"14 characters\">Mahnoor Waheed</span>\"
  <span class=sf-dump-key>7</span> => \"<span class=sf-dump-str title=\"5 characters\">Hasan</span>\"
  <span class=sf-dump-key>1728</span> => \"<span class=sf-dump-str title=\"17 characters\">Dr. Zarmeen Zehra</span>\"
  <span class=sf-dump-key>1842</span> => \"<span class=sf-dump-str title=\"16 characters\">Dr. Sajida Rahat</span>\"
  <span class=sf-dump-key>2985</span> => \"<span class=sf-dump-str title=\"17 characters\">Dr. Shakeela Aziz</span>\"
  <span class=sf-dump-key>4284</span> => \"<span class=sf-dump-str title=\"19 characters\">Dr. Natasha Artwani</span>\"
  <span class=sf-dump-key>5241</span> => \"<span class=sf-dump-str title=\"15 characters\">Muhammad Arshad</span>\"
  <span class=sf-dump-key>7287</span> => \"<span class=sf-dump-str title=\"15 characters\">Dr. Yusra Afzal</span>\"
  <span class=sf-dump-key>8460</span> => \"<span class=sf-dump-str title=\"18 characters\">Dr. Faryal Shareef</span>\"
  <span class=sf-dump-key>9179</span> => \"<span class=sf-dump-str title=\"17 characters\">Dr. Sohaib Yusufi</span>\"
  <span class=sf-dump-key>9697</span> => \"<span class=sf-dump-str title=\"16 characters\">Dr. Moeez Fatima</span>\"
  <span class=sf-dump-key>9698</span> => \"<span class=sf-dump-str title=\"17 characters\">Dr Junaid Rabbani</span>\"
  <span class=sf-dump-key>10295</span> => \"<span class=sf-dump-str title=\"18 characters\">Dr. Aneeta Jevtani</span>\"
  <span class=sf-dump-key>10725</span> => \"<span class=sf-dump-str title=\"16 characters\">Dr Andleeb Imran</span>\"
  <span class=sf-dump-key>11032</span> => \"<span class=sf-dump-str title=\"9 characters\">Dr. Hasan</span>\"
  <span class=sf-dump-key>11742</span> => \"<span class=sf-dump-str title=\"15 characters\">Dr Yusra Khalid</span>\"
  <span class=sf-dump-key>13696</span> => \"<span class=sf-dump-str title=\"17 characters\">Dr Mehroze Waseem</span>\"
  <span class=sf-dump-key>13698</span> => \"<span class=sf-dump-str title=\"20 characters\">Dr Taha Mahmood Khan</span>\"
  <span class=sf-dump-key>13701</span> => \"<span class=sf-dump-str title=\"17 characters\">Dr Maheen Sarfraz</span>\"
  <span class=sf-dump-key>13704</span> => \"<span class=sf-dump-str title=\"18 characters\">Dr Huma Akram Baig</span>\"
  <span class=sf-dump-key>17443</span> => \"<span class=sf-dump-str title=\"12 characters\">Dr Zara Noor</span>\"
  <span class=sf-dump-key>17661</span> => \"<span class=sf-dump-str title=\"15 characters\">Dr Arooj Khalid</span>\"
  <span class=sf-dump-key>18312</span> => \"<span class=sf-dump-str title=\"12 characters\">Dr Ume Rubab</span>\"
  <span class=sf-dump-key>18907</span> => \"<span class=sf-dump-str title=\"15 characters\">Dr Kanwal Jawad</span>\"
  <span class=sf-dump-key>20361</span> => \"<span class=sf-dump-str title=\"14 characters\">Dr Sana Mohsin</span>\"
  <span class=sf-dump-key>20362</span> => \"<span class=sf-dump-str title=\"15 characters\">Dr Zubiya Tunio</span>\"
  <span class=sf-dump-key>21549</span> => \"<span class=sf-dump-str title=\"13 characters\">Dr Rida Naeem</span>\"
  <span class=sf-dump-key>21721</span> => \"<span class=sf-dump-str title=\"15 characters\">Dr Sana Suleman</span>\"
  <span class=sf-dump-key>22985</span> => \"<span class=sf-dump-str title=\"20 characters\">Dr tamkeenat Mansoor</span>\"
</samp>]
</pre><script>Sfdump(\"sf-dump-1258999619\", {\"maxDepth\":3,\"maxStringLength\":160})</script>
","appointment_types":"<pre class=sf-dump id=sf-dump-809956097 data-indent-pad=\"  \"><span class=sf-dump-note>Illuminate\\Support\\Collection</span> {<a class=sf-dump-ref>#3319</a><samp data-depth=1 class=sf-dump-expanded>
  #<span class=sf-dump-protected title=\"Protected property\">items</span>: <span class=sf-dump-note>array:3</span> [<samp data-depth=2 class=sf-dump-compact>
    \"\" => \"<span class=sf-dump-str title=\"3 characters\">All</span>\"
    <span class=sf-dump-key>1</span> => \"<span class=sf-dump-str title=\"11 characters\">Consultancy</span>\"
    <span class=sf-dump-key>2</span> => \"<span class=sf-dump-str title=\"9 characters\">Treatment</span>\"
  </samp>]
  #<span class=sf-dump-protected title=\"Protected property\">escapeWhenCastingToString</span>: <span class=sf-dump-const>false</span>
</samp>}
</pre><script>Sfdump(\"sf-dump-809956097\", {\"maxDepth\":3,\"maxStringLength\":160})</script>
","regions":"<pre class=sf-dump id=sf-dump-1392484469 data-indent-pad=\"  \"><span class=sf-dump-note>Illuminate\\Support\\Collection</span> {<a class=sf-dump-ref>#3308</a><samp data-depth=1 class=sf-dump-expanded>
  #<span class=sf-dump-protected title=\"Protected property\">items</span>: <span class=sf-dump-note>array:2</span> [<samp data-depth=2 class=sf-dump-compact>
    \"\" => \"<span class=sf-dump-str title=\"3 characters\">All</span>\"
    <span class=sf-dump-key>4</span> => \"<span class=sf-dump-str title=\"12 characters\">South Region</span>\"
  </samp>]
  #<span class=sf-dump-protected title=\"Protected property\">escapeWhenCastingToString</span>: <span class=sf-dump-const>false</span>
</samp>}
</pre><script>Sfdump(\"sf-dump-1392484469\", {\"maxDepth\":3,\"maxStringLength\":160})</script>
","locations_com":"<pre class=sf-dump id=sf-dump-1377662437 data-indent-pad=\"  \"><span class=sf-dump-note>Illuminate\\Support\\Collection</span> {<a class=sf-dump-ref>#3325</a><samp data-depth=1 class=sf-dump-expanded>
  #<span class=sf-dump-protected title=\"Protected property\">items</span>: <span class=sf-dump-note>array:5</span> [<samp data-depth=2 class=sf-dump-compact>
    <span class=sf-dump-key>2</span> => \"<span class=sf-dump-str title=\"19 characters\">CUTERA, DHA Karachi</span>\"
    <span class=sf-dump-key>3</span> => \"<span class=sf-dump-str title=\"27 characters\">CUTERA, Bahadurabad Karachi</span>\"
    <span class=sf-dump-key>35</span> => \"<span class=sf-dump-str title=\"10 characters\">RED SIGNAL</span>\"
    <span class=sf-dump-key>46</span> => \"<span class=sf-dump-str title=\"26 characters\">CUTERA, Johar Town, Lahore</span>\"
    <span class=sf-dump-key>47</span> => \"<span class=sf-dump-str title=\"29 characters\">CUTERA, Gulshan/Johar Karachi</span>\"
  </samp>]
  #<span class=sf-dump-protected title=\"Protected property\">escapeWhenCastingToString</span>: <span class=sf-dump-const>false</span>
</samp>}
</pre><script>Sfdump(\"sf-dump-1377662437\", {\"maxDepth\":3,\"maxStringLength\":160})</script>
","operators":"<pre class=sf-dump id=sf-dump-1258740656 data-indent-pad=\"  \"><span class=sf-dump-note>Illuminate\\Support\\Collection</span> {<a class=sf-dump-ref>#3240</a><samp data-depth=1 class=sf-dump-expanded>
  #<span class=sf-dump-protected title=\"Protected property\">items</span>: <span class=sf-dump-note>array:29</span> [<samp data-depth=2 class=sf-dump-compact>
    \"\" => \"<span class=sf-dump-str title=\"3 characters\">All</span>\"
    <span class=sf-dump-key>7</span> => \"<span class=sf-dump-str title=\"5 characters\">Hasan</span>\"
    <span class=sf-dump-key>1728</span> => \"<span class=sf-dump-str title=\"17 characters\">Dr. Zarmeen Zehra</span>\"
    <span class=sf-dump-key>1842</span> => \"<span class=sf-dump-str title=\"16 characters\">Dr. Sajida Rahat</span>\"
    <span class=sf-dump-key>2985</span> => \"<span class=sf-dump-str title=\"17 characters\">Dr. Shakeela Aziz</span>\"
    <span class=sf-dump-key>4284</span> => \"<span class=sf-dump-str title=\"19 characters\">Dr. Natasha Artwani</span>\"
    <span class=sf-dump-key>5241</span> => \"<span class=sf-dump-str title=\"15 characters\">Muhammad Arshad</span>\"
    <span class=sf-dump-key>7287</span> => \"<span class=sf-dump-str title=\"15 characters\">Dr. Yusra Afzal</span>\"
    <span class=sf-dump-key>8460</span> => \"<span class=sf-dump-str title=\"18 characters\">Dr. Faryal Shareef</span>\"
    <span class=sf-dump-key>9179</span> => \"<span class=sf-dump-str title=\"17 characters\">Dr. Sohaib Yusufi</span>\"
    <span class=sf-dump-key>9697</span> => \"<span class=sf-dump-str title=\"16 characters\">Dr. Moeez Fatima</span>\"
    <span class=sf-dump-key>9698</span> => \"<span class=sf-dump-str title=\"17 characters\">Dr Junaid Rabbani</span>\"
    <span class=sf-dump-key>10295</span> => \"<span class=sf-dump-str title=\"18 characters\">Dr. Aneeta Jevtani</span>\"
    <span class=sf-dump-key>10725</span> => \"<span class=sf-dump-str title=\"16 characters\">Dr Andleeb Imran</span>\"
    <span class=sf-dump-key>11032</span> => \"<span class=sf-dump-str title=\"9 characters\">Dr. Hasan</span>\"
    <span class=sf-dump-key>11742</span> => \"<span class=sf-dump-str title=\"15 characters\">Dr Yusra Khalid</span>\"
    <span class=sf-dump-key>13696</span> => \"<span class=sf-dump-str title=\"17 characters\">Dr Mehroze Waseem</span>\"
    <span class=sf-dump-key>13698</span> => \"<span class=sf-dump-str title=\"20 characters\">Dr Taha Mahmood Khan</span>\"
    <span class=sf-dump-key>13701</span> => \"<span class=sf-dump-str title=\"17 characters\">Dr Maheen Sarfraz</span>\"
    <span class=sf-dump-key>13704</span> => \"<span class=sf-dump-str title=\"18 characters\">Dr Huma Akram Baig</span>\"
    <span class=sf-dump-key>17443</span> => \"<span class=sf-dump-str title=\"12 characters\">Dr Zara Noor</span>\"
    <span class=sf-dump-key>17661</span> => \"<span class=sf-dump-str title=\"15 characters\">Dr Arooj Khalid</span>\"
    <span class=sf-dump-key>18312</span> => \"<span class=sf-dump-str title=\"12 characters\">Dr Ume Rubab</span>\"
    <span class=sf-dump-key>18907</span> => \"<span class=sf-dump-str title=\"15 characters\">Dr Kanwal Jawad</span>\"
    <span class=sf-dump-key>20361</span> => \"<span class=sf-dump-str title=\"14 characters\">Dr Sana Mohsin</span>\"
    <span class=sf-dump-key>20362</span> => \"<span class=sf-dump-str title=\"15 characters\">Dr Zubiya Tunio</span>\"
    <span class=sf-dump-key>21549</span> => \"<span class=sf-dump-str title=\"13 characters\">Dr Rida Naeem</span>\"
    <span class=sf-dump-key>21721</span> => \"<span class=sf-dump-str title=\"15 characters\">Dr Sana Suleman</span>\"
    <span class=sf-dump-key>22985</span> => \"<span class=sf-dump-str title=\"20 characters\">Dr tamkeenat Mansoor</span>\"
  </samp>]
  #<span class=sf-dump-protected title=\"Protected property\">escapeWhenCastingToString</span>: <span class=sf-dump-const>false</span>
</samp>}
</pre><script>Sfdump(\"sf-dump-1258740656\", {\"maxDepth\":3,\"maxStringLength\":160})</script>
","cities":"<pre class=sf-dump id=sf-dump-1745895863 data-indent-pad=\"  \"><span class=sf-dump-note>Illuminate\\Support\\Collection</span> {<a class=sf-dump-ref>#3377</a><samp data-depth=1 class=sf-dump-expanded>
  #<span class=sf-dump-protected title=\"Protected property\">items</span>: <span class=sf-dump-note>array:13</span> [<samp data-depth=2 class=sf-dump-compact>
    \"\" => \"<span class=sf-dump-str title=\"11 characters\">Select City</span>\"
    <span class=sf-dump-key>1</span> => \"<span class=sf-dump-str title=\"6 characters\">Lahore</span>\"
    <span class=sf-dump-key>2</span> => \"<span class=sf-dump-str title=\"7 characters\">Karachi</span>\"
    <span class=sf-dump-key>3</span> => \"<span class=sf-dump-str title=\"9 characters\">Islamabad</span>\"
    <span class=sf-dump-key>4</span> => \"<span class=sf-dump-str title=\"8 characters\">Peshawar</span>\"
    <span class=sf-dump-key>6</span> => \"<span class=sf-dump-str title=\"10 characters\">Faisalabad</span>\"
    <span class=sf-dump-key>7</span> => \"<span class=sf-dump-str title=\"10 characters\">Gujranwala</span>\"
    <span class=sf-dump-key>8</span> => \"<span class=sf-dump-str title=\"6 characters\">Multan</span>\"
    <span class=sf-dump-key>9</span> => \"<span class=sf-dump-str title=\"9 characters\">Hyderabad</span>\"
    <span class=sf-dump-key>10</span> => \"<span class=sf-dump-str title=\"6 characters\">Quetta</span>\"
    <span class=sf-dump-key>14</span> => \"<span class=sf-dump-str title=\"7 characters\">Sialkot</span>\"
    <span class=sf-dump-key>57</span> => \"<span class=sf-dump-str title=\"10 characters\">Rawalpindi</span>\"
    <span class=sf-dump-key>66</span> => \"<span class=sf-dump-str title=\"14 characters\">Interior Sindh</span>\"
  </samp>]
  #<span class=sf-dump-protected title=\"Protected property\">escapeWhenCastingToString</span>: <span class=sf-dump-const>false</span>
</samp>}
</pre><script>Sfdump(\"sf-dump-1745895863\", {\"maxDepth\":3,\"maxStringLength\":160})</script>
"}},"userId":1,"exception":"[object] (Facade\\Ignition\\Exceptions\\ViewException(code: 0): syntax error, unexpected token \"endif\", expecting end of file (View: /var/www/cutera-upgradation/resources/views/admin/reports/accountsalesreport/index.blade.php) at /var/www/cutera-upgradation/resources/views/admin/reports/accountsalesreport/index.blade.php:95)
[stacktrace]
#0 /var/www/cutera-upgradation/vendor/laravel/framework/src/Illuminate/Filesystem/Filesystem.php(108): Illuminate\\Filesystem\\Filesystem::Illuminate\\Filesystem\\{closure}()
#1 /var/www/cutera-upgradation/vendor/laravel/framework/src/Illuminate/View/Engines/PhpEngine.php(58): Illuminate\\Filesystem\\Filesystem->getRequire()
#2 /var/www/cutera-upgradation/vendor/laravel/framework/src/Illuminate/View/Engines/CompilerEngine.php(61): Illuminate\\View\\Engines\\PhpEngine->evaluatePath()
#3 /var/www/cutera-upgradation/vendor/facade/ignition/src/Views/Engines/CompilerEngine.php(37): Illuminate\\View\\Engines\\CompilerEngine->get()
#4 /var/www/cutera-upgradation/vendor/laravel/framework/src/Illuminate/View/View.php(139): Facade\\Ignition\\Views\\Engines\\CompilerEngine->get()
#5 /var/www/cutera-upgradation/vendor/laravel/framework/src/Illuminate/View/View.php(122): Illuminate\\View\\View->getContents()
#6 /var/www/cutera-upgradation/vendor/laravel/framework/src/Illuminate/View/View.php(91): Illuminate\\View\\View->renderContents()
#7 /var/www/cutera-upgradation/vendor/laravel/framework/src/Illuminate/Http/Response.php(69): Illuminate\\View\\View->render()
#8 /var/www/cutera-upgradation/vendor/laravel/framework/src/Illuminate/Http/Response.php(35): Illuminate\\Http\\Response->setContent()
#9 /var/www/cutera-upgradation/vendor/laravel/framework/src/Illuminate/Routing/Router.php(820): Illuminate\\Http\\Response->__construct()
#10 /var/www/cutera-upgradation/vendor/laravel/framework/src/Illuminate/Routing/Router.php(789): Illuminate\\Routing\\Router::toResponse()
#11 /var/www/cutera-upgradation/vendor/laravel/framework/src/Illuminate/Routing/Router.php(721): Illuminate\\Routing\\Router->prepareResponse()
#12 /var/www/cutera-upgradation/vendor/laravel/framework/src/Illuminate/Pipeline/Pipeline.php(128): Illuminate\\Routing\\Router->Illuminate\\Routing\\{closure}()
#13 /var/www/cutera-upgradation/app/Http/Middleware/CheckAccountStatus.php(20): Illuminate\\Pipeline\\Pipeline->Illuminate\\Pipeline\\{closure}()
#14 /var/www/cutera-upgradation/vendor/laravel/framework/src/Illuminate/Pipeline/Pipeline.php(167): App\\Http\\Middleware\\CheckAccountStatus->handle()
#15 /var/www/cutera-upgradation/app/Http/Middleware/AuthenticateApiWeb.php(24): Illuminate\\Pipeline\\Pipeline->Illuminate\\Pipeline\\{closure}()
#16 /var/www/cutera-upgradation/vendor/laravel/framework/src/Illuminate/Pipeline/Pipeline.php(167): App\\Http\\Middleware\\AuthenticateApiWeb->handle()
#17 /var/www/cutera-upgradation/vendor/laravel/framework/src/Illuminate/Routing/Middleware/SubstituteBindings.php(50): Illuminate\\Pipeline\\Pipeline->Illuminate\\Pipeline\\{closure}()
#18 /var/www/cutera-upgradation/vendor/laravel/framework/src/Illuminate/Pipeline/Pipeline.php(167): Illuminate\\Routing\\Middleware\\SubstituteBindings->handle()
#19 /var/www/cutera-upgradation/app/Http/Middleware/VerifyCsrfToken.php(32): Illuminate\\Pipeline\\Pipeline->Illuminate\\Pipeline\\{closure}()
#20 /var/www/cutera-upgradation/vendor/laravel/framework/src/Illuminate/Pipeline/Pipeline.php(167): App\\Http\\Middleware\\VerifyCsrfToken->handle()
#21 /var/www/cutera-upgradation/vendor/laravel/framework/src/Illuminate/View/Middleware/ShareErrorsFromSession.php(49): Illuminate\\Pipeline\\Pipeline->Illuminate\\Pipeline\\{closure}()
#22 /var/www/cutera-upgradation/vendor/laravel/framework/src/Illuminate/Pipeline/Pipeline.php(167): Illuminate\\View\\Middleware\\ShareErrorsFromSession->handle()
#23 /var/www/cutera-upgradation/vendor/laravel/framework/src/Illuminate/Session/Middleware/StartSession.php(121): Illuminate\\Pipeline\\Pipeline->Illuminate\\Pipeline\\{closure}()
#24 /var/www/cutera-upgradation/vendor/laravel/framework/src/Illuminate/Session/Middleware/StartSession.php(64): Illuminate\\Session\\Middleware\\StartSession->handleStatefulRequest()
#25 /var/www/cutera-upgradation/vendor/laravel/framework/src/Illuminate/Pipeline/Pipeline.php(167): Illuminate\\Session\\Middleware\\StartSession->handle()
#26 /var/www/cutera-upgradation/vendor/laravel/framework/src/Illuminate/Cookie/Middleware/AddQueuedCookiesToResponse.php(37): Illuminate\\Pipeline\\Pipeline->Illuminate\\Pipeline\\{closure}()
#27 /var/www/cutera-upgradation/vendor/laravel/framework/src/Illuminate/Pipeline/Pipeline.php(167): Illuminate\\Cookie\\Middleware\\AddQueuedCookiesToResponse->handle()
#28 /var/www/cutera-upgradation/vendor/laravel/framework/src/Illuminate/Cookie/Middleware/EncryptCookies.php(67): Illuminate\\Pipeline\\Pipeline->Illuminate\\Pipeline\\{closure}()
#29 /var/www/cutera-upgradation/vendor/laravel/framework/src/Illuminate/Pipeline/Pipeline.php(167): Illuminate\\Cookie\\Middleware\\EncryptCookies->handle()
#30 /var/www/cutera-upgradation/vendor/laravel/framework/src/Illuminate/Pipeline/Pipeline.php(103): Illuminate\\Pipeline\\Pipeline->Illuminate\\Pipeline\\{closure}()
#31 /var/www/cutera-upgradation/vendor/laravel/framework/src/Illuminate/Routing/Router.php(723): Illuminate\\Pipeline\\Pipeline->then()
#32 /var/www/cutera-upgradation/vendor/laravel/framework/src/Illuminate/Routing/Router.php(698): Illuminate\\Routing\\Router->runRouteWithinStack()
#33 /var/www/cutera-upgradation/vendor/laravel/framework/src/Illuminate/Routing/Router.php(662): Illuminate\\Routing\\Router->runRoute()
#34 /var/www/cutera-upgradation/vendor/laravel/framework/src/Illuminate/Routing/Router.php(651): Illuminate\\Routing\\Router->dispatchToRoute()
#35 /var/www/cutera-upgradation/vendor/laravel/framework/src/Illuminate/Foundation/Http/Kernel.php(167): Illuminate\\Routing\\Router->dispatch()
#36 /var/www/cutera-upgradation/vendor/laravel/framework/src/Illuminate/Pipeline/Pipeline.php(128): Illuminate\\Foundation\\Http\\Kernel->Illuminate\\Foundation\\Http\\{closure}()
#37 /var/www/cutera-upgradation/vendor/laravel/framework/src/Illuminate/Foundation/Http/Middleware/TransformsRequest.php(21): Illuminate\\Pipeline\\Pipeline->Illuminate\\Pipeline\\{closure}()
#38 /var/www/cutera-upgradation/vendor/laravel/framework/src/Illuminate/Foundation/Http/Middleware/ConvertEmptyStringsToNull.php(31): Illuminate\\Foundation\\Http\\Middleware\\TransformsRequest->handle()
#39 /var/www/cutera-upgradation/vendor/laravel/framework/src/Illuminate/Pipeline/Pipeline.php(167): Illuminate\\Foundation\\Http\\Middleware\\ConvertEmptyStringsToNull->handle()
#40 /var/www/cutera-upgradation/vendor/laravel/framework/src/Illuminate/Foundation/Http/Middleware/TransformsRequest.php(21): Illuminate\\Pipeline\\Pipeline->Illuminate\\Pipeline\\{closure}()
#41 /var/www/cutera-upgradation/vendor/laravel/framework/src/Illuminate/Foundation/Http/Middleware/TrimStrings.php(40): Illuminate\\Foundation\\Http\\Middleware\\TransformsRequest->handle()
#42 /var/www/cutera-upgradation/vendor/laravel/framework/src/Illuminate/Pipeline/Pipeline.php(167): Illuminate\\Foundation\\Http\\Middleware\\TrimStrings->handle()
#43 /var/www/cutera-upgradation/vendor/laravel/framework/src/Illuminate/Foundation/Http/Middleware/ValidatePostSize.php(27): Illuminate\\Pipeline\\Pipeline->Illuminate\\Pipeline\\{closure}()
#44 /var/www/cutera-upgradation/vendor/laravel/framework/src/Illuminate/Pipeline/Pipeline.php(167): Illuminate\\Foundation\\Http\\Middleware\\ValidatePostSize->handle()
#45 /var/www/cutera-upgradation/vendor/laravel/framework/src/Illuminate/Foundation/Http/Middleware/PreventRequestsDuringMaintenance.php(86): Illuminate\\Pipeline\\Pipeline->Illuminate\\Pipeline\\{closure}()
#46 /var/www/cutera-upgradation/vendor/laravel/framework/src/Illuminate/Pipeline/Pipeline.php(167): Illuminate\\Foundation\\Http\\Middleware\\PreventRequestsDuringMaintenance->handle()
#47 /var/www/cutera-upgradation/vendor/fruitcake/laravel-cors/src/HandleCors.php(38): Illuminate\\Pipeline\\Pipeline->Illuminate\\Pipeline\\{closure}()
#48 /var/www/cutera-upgradation/vendor/laravel/framework/src/Illuminate/Pipeline/Pipeline.php(167): Fruitcake\\Cors\\HandleCors->handle()
#49 /var/www/cutera-upgradation/vendor/laravel/framework/src/Illuminate/Http/Middleware/TrustProxies.php(39): Illuminate\\Pipeline\\Pipeline->Illuminate\\Pipeline\\{closure}()
#50 /var/www/cutera-upgradation/vendor/laravel/framework/src/Illuminate/Pipeline/Pipeline.php(167): Illuminate\\Http\\Middleware\\TrustProxies->handle()
#51 /var/www/cutera-upgradation/vendor/laravel/framework/src/Illuminate/Pipeline/Pipeline.php(103): Illuminate\\Pipeline\\Pipeline->Illuminate\\Pipeline\\{closure}()
#52 /var/www/cutera-upgradation/vendor/laravel/framework/src/Illuminate/Foundation/Http/Kernel.php(142): Illuminate\\Pipeline\\Pipeline->then()
#53 /var/www/cutera-upgradation/vendor/laravel/framework/src/Illuminate/Foundation/Http/Kernel.php(111): Illuminate\\Foundation\\Http\\Kernel->sendRequestThroughRouter()
#54 /var/www/cutera-upgradation/public/index.php(52): Illuminate\\Foundation\\Http\\Kernel->handle()
#55 {main}

[previous exception] [object] (ParseError(code: 0): syntax error, unexpected token \"endif\", expecting end of file at /var/www/cutera-upgradation/storage/framework/views/aaad51c52fb5a9c16c6271a57f54fe8c231275f1.php:95)
[stacktrace]
#0 /var/www/cutera-upgradation/vendor/laravel/framework/src/Illuminate/Filesystem/Filesystem.php(108): Illuminate\\Filesystem\\Filesystem::Illuminate\\Filesystem\\{closure}()
#1 /var/www/cutera-upgradation/vendor/laravel/framework/src/Illuminate/View/Engines/PhpEngine.php(58): Illuminate\\Filesystem\\Filesystem->getRequire()
#2 /var/www/cutera-upgradation/vendor/laravel/framework/src/Illuminate/View/Engines/CompilerEngine.php(61): Illuminate\\View\\Engines\\PhpEngine->evaluatePath()
#3 /var/www/cutera-upgradation/vendor/facade/ignition/src/Views/Engines/CompilerEngine.php(37): Illuminate\\View\\Engines\\CompilerEngine->get()
#4 /var/www/cutera-upgradation/vendor/laravel/framework/src/Illuminate/View/View.php(139): Facade\\Ignition\\Views\\Engines\\CompilerEngine->get()
#5 /var/www/cutera-upgradation/vendor/laravel/framework/src/Illuminate/View/View.php(122): Illuminate\\View\\View->getContents()
#6 /var/www/cutera-upgradation/vendor/laravel/framework/src/Illuminate/View/View.php(91): Illuminate\\View\\View->renderContents()
#7 /var/www/cutera-upgradation/vendor/laravel/framework/src/Illuminate/Http/Response.php(69): Illuminate\\View\\View->render()
#8 /var/www/cutera-upgradation/vendor/laravel/framework/src/Illuminate/Http/Response.php(35): Illuminate\\Http\\Response->setContent()
#9 /var/www/cutera-upgradation/vendor/laravel/framework/src/Illuminate/Routing/Router.php(820): Illuminate\\Http\\Response->__construct()
#10 /var/www/cutera-upgradation/vendor/laravel/framework/src/Illuminate/Routing/Router.php(789): Illuminate\\Routing\\Router::toResponse()
#11 /var/www/cutera-upgradation/vendor/laravel/framework/src/Illuminate/Routing/Router.php(721): Illuminate\\Routing\\Router->prepareResponse()
#12 /var/www/cutera-upgradation/vendor/laravel/framework/src/Illuminate/Pipeline/Pipeline.php(128): Illuminate\\Routing\\Router->Illuminate\\Routing\\{closure}()
#13 /var/www/cutera-upgradation/app/Http/Middleware/CheckAccountStatus.php(20): Illuminate\\Pipeline\\Pipeline->Illuminate\\Pipeline\\{closure}()
#14 /var/www/cutera-upgradation/vendor/laravel/framework/src/Illuminate/Pipeline/Pipeline.php(167): App\\Http\\Middleware\\CheckAccountStatus->handle()
#15 /var/www/cutera-upgradation/app/Http/Middleware/AuthenticateApiWeb.php(24): Illuminate\\Pipeline\\Pipeline->Illuminate\\Pipeline\\{closure}()
#16 /var/www/cutera-upgradation/vendor/laravel/framework/src/Illuminate/Pipeline/Pipeline.php(167): App\\Http\\Middleware\\AuthenticateApiWeb->handle()
#17 /var/www/cutera-upgradation/vendor/laravel/framework/src/Illuminate/Routing/Middleware/SubstituteBindings.php(50): Illuminate\\Pipeline\\Pipeline->Illuminate\\Pipeline\\{closure}()
#18 /var/www/cutera-upgradation/vendor/laravel/framework/src/Illuminate/Pipeline/Pipeline.php(167): Illuminate\\Routing\\Middleware\\SubstituteBindings->handle()
#19 /var/www/cutera-upgradation/app/Http/Middleware/VerifyCsrfToken.php(32): Illuminate\\Pipeline\\Pipeline->Illuminate\\Pipeline\\{closure}()
#20 /var/www/cutera-upgradation/vendor/laravel/framework/src/Illuminate/Pipeline/Pipeline.php(167): App\\Http\\Middleware\\VerifyCsrfToken->handle()
#21 /var/www/cutera-upgradation/vendor/laravel/framework/src/Illuminate/View/Middleware/ShareErrorsFromSession.php(49): Illuminate\\Pipeline\\Pipeline->Illuminate\\Pipeline\\{closure}()
#22 /var/www/cutera-upgradation/vendor/laravel/framework/src/Illuminate/Pipeline/Pipeline.php(167): Illuminate\\View\\Middleware\\ShareErrorsFromSession->handle()
#23 /var/www/cutera-upgradation/vendor/laravel/framework/src/Illuminate/Session/Middleware/StartSession.php(121): Illuminate\\Pipeline\\Pipeline->Illuminate\\Pipeline\\{closure}()
#24 /var/www/cutera-upgradation/vendor/laravel/framework/src/Illuminate/Session/Middleware/StartSession.php(64): Illuminate\\Session\\Middleware\\StartSession->handleStatefulRequest()
#25 /var/www/cutera-upgradation/vendor/laravel/framework/src/Illuminate/Pipeline/Pipeline.php(167): Illuminate\\Session\\Middleware\\StartSession->handle()
#26 /var/www/cutera-upgradation/vendor/laravel/framework/src/Illuminate/Cookie/Middleware/AddQueuedCookiesToResponse.php(37): Illuminate\\Pipeline\\Pipeline->Illuminate\\Pipeline\\{closure}()
#27 /var/www/cutera-upgradation/vendor/laravel/framework/src/Illuminate/Pipeline/Pipeline.php(167): Illuminate\\Cookie\\Middleware\\AddQueuedCookiesToResponse->handle()
#28 /var/www/cutera-upgradation/vendor/laravel/framework/src/Illuminate/Cookie/Middleware/EncryptCookies.php(67): Illuminate\\Pipeline\\Pipeline->Illuminate\\Pipeline\\{closure}()
#29 /var/www/cutera-upgradation/vendor/laravel/framework/src/Illuminate/Pipeline/Pipeline.php(167): Illuminate\\Cookie\\Middleware\\EncryptCookies->handle()
#30 /var/www/cutera-upgradation/vendor/laravel/framework/src/Illuminate/Pipeline/Pipeline.php(103): Illuminate\\Pipeline\\Pipeline->Illuminate\\Pipeline\\{closure}()
#31 /var/www/cutera-upgradation/vendor/laravel/framework/src/Illuminate/Routing/Router.php(723): Illuminate\\Pipeline\\Pipeline->then()
#32 /var/www/cutera-upgradation/vendor/laravel/framework/src/Illuminate/Routing/Router.php(698): Illuminate\\Routing\\Router->runRouteWithinStack()
#33 /var/www/cutera-upgradation/vendor/laravel/framework/src/Illuminate/Routing/Router.php(662): Illuminate\\Routing\\Router->runRoute()
#34 /var/www/cutera-upgradation/vendor/laravel/framework/src/Illuminate/Routing/Router.php(651): Illuminate\\Routing\\Router->dispatchToRoute()
#35 /var/www/cutera-upgradation/vendor/laravel/framework/src/Illuminate/Foundation/Http/Kernel.php(167): Illuminate\\Routing\\Router->dispatch()
#36 /var/www/cutera-upgradation/vendor/laravel/framework/src/Illuminate/Pipeline/Pipeline.php(128): Illuminate\\Foundation\\Http\\Kernel->Illuminate\\Foundation\\Http\\{closure}()
#37 /var/www/cutera-upgradation/vendor/laravel/framework/src/Illuminate/Foundation/Http/Middleware/TransformsRequest.php(21): Illuminate\\Pipeline\\Pipeline->Illuminate\\Pipeline\\{closure}()
#38 /var/www/cutera-upgradation/vendor/laravel/framework/src/Illuminate/Foundation/Http/Middleware/ConvertEmptyStringsToNull.php(31): Illuminate\\Foundation\\Http\\Middleware\\TransformsRequest->handle()
#39 /var/www/cutera-upgradation/vendor/laravel/framework/src/Illuminate/Pipeline/Pipeline.php(167): Illuminate\\Foundation\\Http\\Middleware\\ConvertEmptyStringsToNull->handle()
#40 /var/www/cutera-upgradation/vendor/laravel/framework/src/Illuminate/Foundation/Http/Middleware/TransformsRequest.php(21): Illuminate\\Pipeline\\Pipeline->Illuminate\\Pipeline\\{closure}()
#41 /var/www/cutera-upgradation/vendor/laravel/framework/src/Illuminate/Foundation/Http/Middleware/TrimStrings.php(40): Illuminate\\Foundation\\Http\\Middleware\\TransformsRequest->handle()
#42 /var/www/cutera-upgradation/vendor/laravel/framework/src/Illuminate/Pipeline/Pipeline.php(167): Illuminate\\Foundation\\Http\\Middleware\\TrimStrings->handle()
#43 /var/www/cutera-upgradation/vendor/laravel/framework/src/Illuminate/Foundation/Http/Middleware/ValidatePostSize.php(27): Illuminate\\Pipeline\\Pipeline->Illuminate\\Pipeline\\{closure}()
#44 /var/www/cutera-upgradation/vendor/laravel/framework/src/Illuminate/Pipeline/Pipeline.php(167): Illuminate\\Foundation\\Http\\Middleware\\ValidatePostSize->handle()
#45 /var/www/cutera-upgradation/vendor/laravel/framework/src/Illuminate/Foundation/Http/Middleware/PreventRequestsDuringMaintenance.php(86): Illuminate\\Pipeline\\Pipeline->Illuminate\\Pipeline\\{closure}()
#46 /var/www/cutera-upgradation/vendor/laravel/framework/src/Illuminate/Pipeline/Pipeline.php(167): Illuminate\\Foundation\\Http\\Middleware\\PreventRequestsDuringMaintenance->handle()
#47 /var/www/cutera-upgradation/vendor/fruitcake/laravel-cors/src/HandleCors.php(38): Illuminate\\Pipeline\\Pipeline->Illuminate\\Pipeline\\{closure}()
#48 /var/www/cutera-upgradation/vendor/laravel/framework/src/Illuminate/Pipeline/Pipeline.php(167): Fruitcake\\Cors\\HandleCors->handle()
#49 /var/www/cutera-upgradation/vendor/laravel/framework/src/Illuminate/Http/Middleware/TrustProxies.php(39): Illuminate\\Pipeline\\Pipeline->Illuminate\\Pipeline\\{closure}()
#50 /var/www/cutera-upgradation/vendor/laravel/framework/src/Illuminate/Pipeline/Pipeline.php(167): Illuminate\\Http\\Middleware\\TrustProxies->handle()
#51 /var/www/cutera-upgradation/vendor/laravel/framework/src/Illuminate/Pipeline/Pipeline.php(103): Illuminate\\Pipeline\\Pipeline->Illuminate\\Pipeline\\{closure}()
#52 /var/www/cutera-upgradation/vendor/laravel/framework/src/Illuminate/Foundation/Http/Kernel.php(142): Illuminate\\Pipeline\\Pipeline->then()
#53 /var/www/cutera-upgradation/vendor/laravel/framework/src/Illuminate/Foundation/Http/Kernel.php(111): Illuminate\\Foundation\\Http\\Kernel->sendRequestThroughRouter()
#54 /var/www/cutera-upgradation/public/index.php(52): Illuminate\\Foundation\\Http\\Kernel->handle()
#55 {main}
"} 
[2022-06-29 18:32:53] local.ERROR: Class "App\User" not found {"userId":1,"exception":"[object] (Error(code: 0): Class \"App\\User\" not found at /var/www/cutera-upgradation/app/Reports/Invoices.php:288)
[stacktrace]
#0 /var/www/cutera-upgradation/app/Http/Controllers/Admin/Reports/FinanceReportController.php(828): App\\Reports\\Invoices::getDailyEmployeeStats()
#1 /var/www/cutera-upgradation/app/Http/Controllers/Admin/Reports/FinanceReportController.php(122): App\\Http\\Controllers\\Admin\\Reports\\FinanceReportController->dailyEmployeeStats()
#2 /var/www/cutera-upgradation/vendor/laravel/framework/src/Illuminate/Routing/Controller.php(54): App\\Http\\Controllers\\Admin\\Reports\\FinanceReportController->reportLoad()
#3 /var/www/cutera-upgradation/vendor/laravel/framework/src/Illuminate/Routing/ControllerDispatcher.php(45): Illuminate\\Routing\\Controller->callAction()
#4 /var/www/cutera-upgradation/vendor/laravel/framework/src/Illuminate/Routing/Route.php(262): Illuminate\\Routing\\ControllerDispatcher->dispatch()
#5 /var/www/cutera-upgradation/vendor/laravel/framework/src/Illuminate/Routing/Route.php(205): Illuminate\\Routing\\Route->runController()
#6 /var/www/cutera-upgradation/vendor/laravel/framework/src/Illuminate/Routing/Router.php(721): Illuminate\\Routing\\Route->run()
#7 /var/www/cutera-upgradation/vendor/laravel/framework/src/Illuminate/Pipeline/Pipeline.php(128): Illuminate\\Routing\\Router->Illuminate\\Routing\\{closure}()
#8 /var/www/cutera-upgradation/app/Http/Middleware/CheckAccountStatus.php(20): Illuminate\\Pipeline\\Pipeline->Illuminate\\Pipeline\\{closure}()
#9 /var/www/cutera-upgradation/vendor/laravel/framework/src/Illuminate/Pipeline/Pipeline.php(167): App\\Http\\Middleware\\CheckAccountStatus->handle()
#10 /var/www/cutera-upgradation/app/Http/Middleware/AuthenticateApiWeb.php(24): Illuminate\\Pipeline\\Pipeline->Illuminate\\Pipeline\\{closure}()
#11 /var/www/cutera-upgradation/vendor/laravel/framework/src/Illuminate/Pipeline/Pipeline.php(167): App\\Http\\Middleware\\AuthenticateApiWeb->handle()
#12 /var/www/cutera-upgradation/vendor/laravel/framework/src/Illuminate/Routing/Middleware/SubstituteBindings.php(50): Illuminate\\Pipeline\\Pipeline->Illuminate\\Pipeline\\{closure}()
#13 /var/www/cutera-upgradation/vendor/laravel/framework/src/Illuminate/Pipeline/Pipeline.php(167): Illuminate\\Routing\\Middleware\\SubstituteBindings->handle()
#14 /var/www/cutera-upgradation/app/Http/Middleware/VerifyCsrfToken.php(32): Illuminate\\Pipeline\\Pipeline->Illuminate\\Pipeline\\{closure}()
#15 /var/www/cutera-upgradation/vendor/laravel/framework/src/Illuminate/Pipeline/Pipeline.php(167): App\\Http\\Middleware\\VerifyCsrfToken->handle()
#16 /var/www/cutera-upgradation/vendor/laravel/framework/src/Illuminate/View/Middleware/ShareErrorsFromSession.php(49): Illuminate\\Pipeline\\Pipeline->Illuminate\\Pipeline\\{closure}()
#17 /var/www/cutera-upgradation/vendor/laravel/framework/src/Illuminate/Pipeline/Pipeline.php(167): Illuminate\\View\\Middleware\\ShareErrorsFromSession->handle()
#18 /var/www/cutera-upgradation/vendor/laravel/framework/src/Illuminate/Session/Middleware/StartSession.php(121): Illuminate\\Pipeline\\Pipeline->Illuminate\\Pipeline\\{closure}()
#19 /var/www/cutera-upgradation/vendor/laravel/framework/src/Illuminate/Session/Middleware/StartSession.php(64): Illuminate\\Session\\Middleware\\StartSession->handleStatefulRequest()
#20 /var/www/cutera-upgradation/vendor/laravel/framework/src/Illuminate/Pipeline/Pipeline.php(167): Illuminate\\Session\\Middleware\\StartSession->handle()
#21 /var/www/cutera-upgradation/vendor/laravel/framework/src/Illuminate/Cookie/Middleware/AddQueuedCookiesToResponse.php(37): Illuminate\\Pipeline\\Pipeline->Illuminate\\Pipeline\\{closure}()
#22 /var/www/cutera-upgradation/vendor/laravel/framework/src/Illuminate/Pipeline/Pipeline.php(167): Illuminate\\Cookie\\Middleware\\AddQueuedCookiesToResponse->handle()
#23 /var/www/cutera-upgradation/vendor/laravel/framework/src/Illuminate/Cookie/Middleware/EncryptCookies.php(67): Illuminate\\Pipeline\\Pipeline->Illuminate\\Pipeline\\{closure}()
#24 /var/www/cutera-upgradation/vendor/laravel/framework/src/Illuminate/Pipeline/Pipeline.php(167): Illuminate\\Cookie\\Middleware\\EncryptCookies->handle()
#25 /var/www/cutera-upgradation/vendor/laravel/framework/src/Illuminate/Pipeline/Pipeline.php(103): Illuminate\\Pipeline\\Pipeline->Illuminate\\Pipeline\\{closure}()
#26 /var/www/cutera-upgradation/vendor/laravel/framework/src/Illuminate/Routing/Router.php(723): Illuminate\\Pipeline\\Pipeline->then()
#27 /var/www/cutera-upgradation/vendor/laravel/framework/src/Illuminate/Routing/Router.php(698): Illuminate\\Routing\\Router->runRouteWithinStack()
#28 /var/www/cutera-upgradation/vendor/laravel/framework/src/Illuminate/Routing/Router.php(662): Illuminate\\Routing\\Router->runRoute()
#29 /var/www/cutera-upgradation/vendor/laravel/framework/src/Illuminate/Routing/Router.php(651): Illuminate\\Routing\\Router->dispatchToRoute()
#30 /var/www/cutera-upgradation/vendor/laravel/framework/src/Illuminate/Foundation/Http/Kernel.php(167): Illuminate\\Routing\\Router->dispatch()
#31 /var/www/cutera-upgradation/vendor/laravel/framework/src/Illuminate/Pipeline/Pipeline.php(128): Illuminate\\Foundation\\Http\\Kernel->Illuminate\\Foundation\\Http\\{closure}()
#32 /var/www/cutera-upgradation/vendor/laravel/framework/src/Illuminate/Foundation/Http/Middleware/TransformsRequest.php(21): Illuminate\\Pipeline\\Pipeline->Illuminate\\Pipeline\\{closure}()
#33 /var/www/cutera-upgradation/vendor/laravel/framework/src/Illuminate/Foundation/Http/Middleware/ConvertEmptyStringsToNull.php(31): Illuminate\\Foundation\\Http\\Middleware\\TransformsRequest->handle()
#34 /var/www/cutera-upgradation/vendor/laravel/framework/src/Illuminate/Pipeline/Pipeline.php(167): Illuminate\\Foundation\\Http\\Middleware\\ConvertEmptyStringsToNull->handle()
#35 /var/www/cutera-upgradation/vendor/laravel/framework/src/Illuminate/Foundation/Http/Middleware/TransformsRequest.php(21): Illuminate\\Pipeline\\Pipeline->Illuminate\\Pipeline\\{closure}()
#36 /var/www/cutera-upgradation/vendor/laravel/framework/src/Illuminate/Foundation/Http/Middleware/TrimStrings.php(40): Illuminate\\Foundation\\Http\\Middleware\\TransformsRequest->handle()
#37 /var/www/cutera-upgradation/vendor/laravel/framework/src/Illuminate/Pipeline/Pipeline.php(167): Illuminate\\Foundation\\Http\\Middleware\\TrimStrings->handle()
#38 /var/www/cutera-upgradation/vendor/laravel/framework/src/Illuminate/Foundation/Http/Middleware/ValidatePostSize.php(27): Illuminate\\Pipeline\\Pipeline->Illuminate\\Pipeline\\{closure}()
#39 /var/www/cutera-upgradation/vendor/laravel/framework/src/Illuminate/Pipeline/Pipeline.php(167): Illuminate\\Foundation\\Http\\Middleware\\ValidatePostSize->handle()
#40 /var/www/cutera-upgradation/vendor/laravel/framework/src/Illuminate/Foundation/Http/Middleware/PreventRequestsDuringMaintenance.php(86): Illuminate\\Pipeline\\Pipeline->Illuminate\\Pipeline\\{closure}()
#41 /var/www/cutera-upgradation/vendor/laravel/framework/src/Illuminate/Pipeline/Pipeline.php(167): Illuminate\\Foundation\\Http\\Middleware\\PreventRequestsDuringMaintenance->handle()
#42 /var/www/cutera-upgradation/vendor/fruitcake/laravel-cors/src/HandleCors.php(38): Illuminate\\Pipeline\\Pipeline->Illuminate\\Pipeline\\{closure}()
#43 /var/www/cutera-upgradation/vendor/laravel/framework/src/Illuminate/Pipeline/Pipeline.php(167): Fruitcake\\Cors\\HandleCors->handle()
#44 /var/www/cutera-upgradation/vendor/laravel/framework/src/Illuminate/Http/Middleware/TrustProxies.php(39): Illuminate\\Pipeline\\Pipeline->Illuminate\\Pipeline\\{closure}()
#45 /var/www/cutera-upgradation/vendor/laravel/framework/src/Illuminate/Pipeline/Pipeline.php(167): Illuminate\\Http\\Middleware\\TrustProxies->handle()
#46 /var/www/cutera-upgradation/vendor/laravel/framework/src/Illuminate/Pipeline/Pipeline.php(103): Illuminate\\Pipeline\\Pipeline->Illuminate\\Pipeline\\{closure}()
#47 /var/www/cutera-upgradation/vendor/laravel/framework/src/Illuminate/Foundation/Http/Kernel.php(142): Illuminate\\Pipeline\\Pipeline->then()
#48 /var/www/cutera-upgradation/vendor/laravel/framework/src/Illuminate/Foundation/Http/Kernel.php(111): Illuminate\\Foundation\\Http\\Kernel->sendRequestThroughRouter()
#49 /var/www/cutera-upgradation/public/index.php(52): Illuminate\\Foundation\\Http\\Kernel->handle()
#50 {main}
"} 
[2022-06-29 18:32:57] local.ERROR: Class "App\User" not found {"userId":1,"exception":"[object] (Error(code: 0): Class \"App\\User\" not found at /var/www/cutera-upgradation/app/Reports/Invoices.php:288)
[stacktrace]
#0 /var/www/cutera-upgradation/app/Http/Controllers/Admin/Reports/FinanceReportController.php(828): App\\Reports\\Invoices::getDailyEmployeeStats()
#1 /var/www/cutera-upgradation/app/Http/Controllers/Admin/Reports/FinanceReportController.php(122): App\\Http\\Controllers\\Admin\\Reports\\FinanceReportController->dailyEmployeeStats()
#2 /var/www/cutera-upgradation/vendor/laravel/framework/src/Illuminate/Routing/Controller.php(54): App\\Http\\Controllers\\Admin\\Reports\\FinanceReportController->reportLoad()
#3 /var/www/cutera-upgradation/vendor/laravel/framework/src/Illuminate/Routing/ControllerDispatcher.php(45): Illuminate\\Routing\\Controller->callAction()
#4 /var/www/cutera-upgradation/vendor/laravel/framework/src/Illuminate/Routing/Route.php(262): Illuminate\\Routing\\ControllerDispatcher->dispatch()
#5 /var/www/cutera-upgradation/vendor/laravel/framework/src/Illuminate/Routing/Route.php(205): Illuminate\\Routing\\Route->runController()
#6 /var/www/cutera-upgradation/vendor/laravel/framework/src/Illuminate/Routing/Router.php(721): Illuminate\\Routing\\Route->run()
#7 /var/www/cutera-upgradation/vendor/laravel/framework/src/Illuminate/Pipeline/Pipeline.php(128): Illuminate\\Routing\\Router->Illuminate\\Routing\\{closure}()
#8 /var/www/cutera-upgradation/app/Http/Middleware/CheckAccountStatus.php(20): Illuminate\\Pipeline\\Pipeline->Illuminate\\Pipeline\\{closure}()
#9 /var/www/cutera-upgradation/vendor/laravel/framework/src/Illuminate/Pipeline/Pipeline.php(167): App\\Http\\Middleware\\CheckAccountStatus->handle()
#10 /var/www/cutera-upgradation/app/Http/Middleware/AuthenticateApiWeb.php(24): Illuminate\\Pipeline\\Pipeline->Illuminate\\Pipeline\\{closure}()
#11 /var/www/cutera-upgradation/vendor/laravel/framework/src/Illuminate/Pipeline/Pipeline.php(167): App\\Http\\Middleware\\AuthenticateApiWeb->handle()
#12 /var/www/cutera-upgradation/vendor/laravel/framework/src/Illuminate/Routing/Middleware/SubstituteBindings.php(50): Illuminate\\Pipeline\\Pipeline->Illuminate\\Pipeline\\{closure}()
#13 /var/www/cutera-upgradation/vendor/laravel/framework/src/Illuminate/Pipeline/Pipeline.php(167): Illuminate\\Routing\\Middleware\\SubstituteBindings->handle()
#14 /var/www/cutera-upgradation/app/Http/Middleware/VerifyCsrfToken.php(32): Illuminate\\Pipeline\\Pipeline->Illuminate\\Pipeline\\{closure}()
#15 /var/www/cutera-upgradation/vendor/laravel/framework/src/Illuminate/Pipeline/Pipeline.php(167): App\\Http\\Middleware\\VerifyCsrfToken->handle()
#16 /var/www/cutera-upgradation/vendor/laravel/framework/src/Illuminate/View/Middleware/ShareErrorsFromSession.php(49): Illuminate\\Pipeline\\Pipeline->Illuminate\\Pipeline\\{closure}()
#17 /var/www/cutera-upgradation/vendor/laravel/framework/src/Illuminate/Pipeline/Pipeline.php(167): Illuminate\\View\\Middleware\\ShareErrorsFromSession->handle()
#18 /var/www/cutera-upgradation/vendor/laravel/framework/src/Illuminate/Session/Middleware/StartSession.php(121): Illuminate\\Pipeline\\Pipeline->Illuminate\\Pipeline\\{closure}()
#19 /var/www/cutera-upgradation/vendor/laravel/framework/src/Illuminate/Session/Middleware/StartSession.php(64): Illuminate\\Session\\Middleware\\StartSession->handleStatefulRequest()
#20 /var/www/cutera-upgradation/vendor/laravel/framework/src/Illuminate/Pipeline/Pipeline.php(167): Illuminate\\Session\\Middleware\\StartSession->handle()
#21 /var/www/cutera-upgradation/vendor/laravel/framework/src/Illuminate/Cookie/Middleware/AddQueuedCookiesToResponse.php(37): Illuminate\\Pipeline\\Pipeline->Illuminate\\Pipeline\\{closure}()
#22 /var/www/cutera-upgradation/vendor/laravel/framework/src/Illuminate/Pipeline/Pipeline.php(167): Illuminate\\Cookie\\Middleware\\AddQueuedCookiesToResponse->handle()
#23 /var/www/cutera-upgradation/vendor/laravel/framework/src/Illuminate/Cookie/Middleware/EncryptCookies.php(67): Illuminate\\Pipeline\\Pipeline->Illuminate\\Pipeline\\{closure}()
#24 /var/www/cutera-upgradation/vendor/laravel/framework/src/Illuminate/Pipeline/Pipeline.php(167): Illuminate\\Cookie\\Middleware\\EncryptCookies->handle()
#25 /var/www/cutera-upgradation/vendor/laravel/framework/src/Illuminate/Pipeline/Pipeline.php(103): Illuminate\\Pipeline\\Pipeline->Illuminate\\Pipeline\\{closure}()
#26 /var/www/cutera-upgradation/vendor/laravel/framework/src/Illuminate/Routing/Router.php(723): Illuminate\\Pipeline\\Pipeline->then()
#27 /var/www/cutera-upgradation/vendor/laravel/framework/src/Illuminate/Routing/Router.php(698): Illuminate\\Routing\\Router->runRouteWithinStack()
#28 /var/www/cutera-upgradation/vendor/laravel/framework/src/Illuminate/Routing/Router.php(662): Illuminate\\Routing\\Router->runRoute()
#29 /var/www/cutera-upgradation/vendor/laravel/framework/src/Illuminate/Routing/Router.php(651): Illuminate\\Routing\\Router->dispatchToRoute()
#30 /var/www/cutera-upgradation/vendor/laravel/framework/src/Illuminate/Foundation/Http/Kernel.php(167): Illuminate\\Routing\\Router->dispatch()
#31 /var/www/cutera-upgradation/vendor/laravel/framework/src/Illuminate/Pipeline/Pipeline.php(128): Illuminate\\Foundation\\Http\\Kernel->Illuminate\\Foundation\\Http\\{closure}()
#32 /var/www/cutera-upgradation/vendor/laravel/framework/src/Illuminate/Foundation/Http/Middleware/TransformsRequest.php(21): Illuminate\\Pipeline\\Pipeline->Illuminate\\Pipeline\\{closure}()
#33 /var/www/cutera-upgradation/vendor/laravel/framework/src/Illuminate/Foundation/Http/Middleware/ConvertEmptyStringsToNull.php(31): Illuminate\\Foundation\\Http\\Middleware\\TransformsRequest->handle()
#34 /var/www/cutera-upgradation/vendor/laravel/framework/src/Illuminate/Pipeline/Pipeline.php(167): Illuminate\\Foundation\\Http\\Middleware\\ConvertEmptyStringsToNull->handle()
#35 /var/www/cutera-upgradation/vendor/laravel/framework/src/Illuminate/Foundation/Http/Middleware/TransformsRequest.php(21): Illuminate\\Pipeline\\Pipeline->Illuminate\\Pipeline\\{closure}()
#36 /var/www/cutera-upgradation/vendor/laravel/framework/src/Illuminate/Foundation/Http/Middleware/TrimStrings.php(40): Illuminate\\Foundation\\Http\\Middleware\\TransformsRequest->handle()
#37 /var/www/cutera-upgradation/vendor/laravel/framework/src/Illuminate/Pipeline/Pipeline.php(167): Illuminate\\Foundation\\Http\\Middleware\\TrimStrings->handle()
#38 /var/www/cutera-upgradation/vendor/laravel/framework/src/Illuminate/Foundation/Http/Middleware/ValidatePostSize.php(27): Illuminate\\Pipeline\\Pipeline->Illuminate\\Pipeline\\{closure}()
#39 /var/www/cutera-upgradation/vendor/laravel/framework/src/Illuminate/Pipeline/Pipeline.php(167): Illuminate\\Foundation\\Http\\Middleware\\ValidatePostSize->handle()
#40 /var/www/cutera-upgradation/vendor/laravel/framework/src/Illuminate/Foundation/Http/Middleware/PreventRequestsDuringMaintenance.php(86): Illuminate\\Pipeline\\Pipeline->Illuminate\\Pipeline\\{closure}()
#41 /var/www/cutera-upgradation/vendor/laravel/framework/src/Illuminate/Pipeline/Pipeline.php(167): Illuminate\\Foundation\\Http\\Middleware\\PreventRequestsDuringMaintenance->handle()
#42 /var/www/cutera-upgradation/vendor/fruitcake/laravel-cors/src/HandleCors.php(38): Illuminate\\Pipeline\\Pipeline->Illuminate\\Pipeline\\{closure}()
#43 /var/www/cutera-upgradation/vendor/laravel/framework/src/Illuminate/Pipeline/Pipeline.php(167): Fruitcake\\Cors\\HandleCors->handle()
#44 /var/www/cutera-upgradation/vendor/laravel/framework/src/Illuminate/Http/Middleware/TrustProxies.php(39): Illuminate\\Pipeline\\Pipeline->Illuminate\\Pipeline\\{closure}()
#45 /var/www/cutera-upgradation/vendor/laravel/framework/src/Illuminate/Pipeline/Pipeline.php(167): Illuminate\\Http\\Middleware\\TrustProxies->handle()
#46 /var/www/cutera-upgradation/vendor/laravel/framework/src/Illuminate/Pipeline/Pipeline.php(103): Illuminate\\Pipeline\\Pipeline->Illuminate\\Pipeline\\{closure}()
#47 /var/www/cutera-upgradation/vendor/laravel/framework/src/Illuminate/Foundation/Http/Kernel.php(142): Illuminate\\Pipeline\\Pipeline->then()
#48 /var/www/cutera-upgradation/vendor/laravel/framework/src/Illuminate/Foundation/Http/Kernel.php(111): Illuminate\\Foundation\\Http\\Kernel->sendRequestThroughRouter()
#49 /var/www/cutera-upgradation/public/index.php(52): Illuminate\\Foundation\\Http\\Kernel->handle()
#50 {main}
"} 
[2022-06-29 18:33:04] local.ERROR: Class "App\User" not found {"userId":1,"exception":"[object] (Error(code: 0): Class \"App\\User\" not found at /var/www/cutera-upgradation/app/Reports/Invoices.php:288)
[stacktrace]
#0 /var/www/cutera-upgradation/app/Http/Controllers/Admin/Reports/FinanceReportController.php(828): App\\Reports\\Invoices::getDailyEmployeeStats()
#1 /var/www/cutera-upgradation/app/Http/Controllers/Admin/Reports/FinanceReportController.php(122): App\\Http\\Controllers\\Admin\\Reports\\FinanceReportController->dailyEmployeeStats()
#2 /var/www/cutera-upgradation/vendor/laravel/framework/src/Illuminate/Routing/Controller.php(54): App\\Http\\Controllers\\Admin\\Reports\\FinanceReportController->reportLoad()
#3 /var/www/cutera-upgradation/vendor/laravel/framework/src/Illuminate/Routing/ControllerDispatcher.php(45): Illuminate\\Routing\\Controller->callAction()
#4 /var/www/cutera-upgradation/vendor/laravel/framework/src/Illuminate/Routing/Route.php(262): Illuminate\\Routing\\ControllerDispatcher->dispatch()
#5 /var/www/cutera-upgradation/vendor/laravel/framework/src/Illuminate/Routing/Route.php(205): Illuminate\\Routing\\Route->runController()
#6 /var/www/cutera-upgradation/vendor/laravel/framework/src/Illuminate/Routing/Router.php(721): Illuminate\\Routing\\Route->run()
#7 /var/www/cutera-upgradation/vendor/laravel/framework/src/Illuminate/Pipeline/Pipeline.php(128): Illuminate\\Routing\\Router->Illuminate\\Routing\\{closure}()
#8 /var/www/cutera-upgradation/app/Http/Middleware/CheckAccountStatus.php(20): Illuminate\\Pipeline\\Pipeline->Illuminate\\Pipeline\\{closure}()
#9 /var/www/cutera-upgradation/vendor/laravel/framework/src/Illuminate/Pipeline/Pipeline.php(167): App\\Http\\Middleware\\CheckAccountStatus->handle()
#10 /var/www/cutera-upgradation/app/Http/Middleware/AuthenticateApiWeb.php(24): Illuminate\\Pipeline\\Pipeline->Illuminate\\Pipeline\\{closure}()
#11 /var/www/cutera-upgradation/vendor/laravel/framework/src/Illuminate/Pipeline/Pipeline.php(167): App\\Http\\Middleware\\AuthenticateApiWeb->handle()
#12 /var/www/cutera-upgradation/vendor/laravel/framework/src/Illuminate/Routing/Middleware/SubstituteBindings.php(50): Illuminate\\Pipeline\\Pipeline->Illuminate\\Pipeline\\{closure}()
#13 /var/www/cutera-upgradation/vendor/laravel/framework/src/Illuminate/Pipeline/Pipeline.php(167): Illuminate\\Routing\\Middleware\\SubstituteBindings->handle()
#14 /var/www/cutera-upgradation/app/Http/Middleware/VerifyCsrfToken.php(32): Illuminate\\Pipeline\\Pipeline->Illuminate\\Pipeline\\{closure}()
#15 /var/www/cutera-upgradation/vendor/laravel/framework/src/Illuminate/Pipeline/Pipeline.php(167): App\\Http\\Middleware\\VerifyCsrfToken->handle()
#16 /var/www/cutera-upgradation/vendor/laravel/framework/src/Illuminate/View/Middleware/ShareErrorsFromSession.php(49): Illuminate\\Pipeline\\Pipeline->Illuminate\\Pipeline\\{closure}()
#17 /var/www/cutera-upgradation/vendor/laravel/framework/src/Illuminate/Pipeline/Pipeline.php(167): Illuminate\\View\\Middleware\\ShareErrorsFromSession->handle()
#18 /var/www/cutera-upgradation/vendor/laravel/framework/src/Illuminate/Session/Middleware/StartSession.php(121): Illuminate\\Pipeline\\Pipeline->Illuminate\\Pipeline\\{closure}()
#19 /var/www/cutera-upgradation/vendor/laravel/framework/src/Illuminate/Session/Middleware/StartSession.php(64): Illuminate\\Session\\Middleware\\StartSession->handleStatefulRequest()
#20 /var/www/cutera-upgradation/vendor/laravel/framework/src/Illuminate/Pipeline/Pipeline.php(167): Illuminate\\Session\\Middleware\\StartSession->handle()
#21 /var/www/cutera-upgradation/vendor/laravel/framework/src/Illuminate/Cookie/Middleware/AddQueuedCookiesToResponse.php(37): Illuminate\\Pipeline\\Pipeline->Illuminate\\Pipeline\\{closure}()
#22 /var/www/cutera-upgradation/vendor/laravel/framework/src/Illuminate/Pipeline/Pipeline.php(167): Illuminate\\Cookie\\Middleware\\AddQueuedCookiesToResponse->handle()
#23 /var/www/cutera-upgradation/vendor/laravel/framework/src/Illuminate/Cookie/Middleware/EncryptCookies.php(67): Illuminate\\Pipeline\\Pipeline->Illuminate\\Pipeline\\{closure}()
#24 /var/www/cutera-upgradation/vendor/laravel/framework/src/Illuminate/Pipeline/Pipeline.php(167): Illuminate\\Cookie\\Middleware\\EncryptCookies->handle()
#25 /var/www/cutera-upgradation/vendor/laravel/framework/src/Illuminate/Pipeline/Pipeline.php(103): Illuminate\\Pipeline\\Pipeline->Illuminate\\Pipeline\\{closure}()
#26 /var/www/cutera-upgradation/vendor/laravel/framework/src/Illuminate/Routing/Router.php(723): Illuminate\\Pipeline\\Pipeline->then()
#27 /var/www/cutera-upgradation/vendor/laravel/framework/src/Illuminate/Routing/Router.php(698): Illuminate\\Routing\\Router->runRouteWithinStack()
#28 /var/www/cutera-upgradation/vendor/laravel/framework/src/Illuminate/Routing/Router.php(662): Illuminate\\Routing\\Router->runRoute()
#29 /var/www/cutera-upgradation/vendor/laravel/framework/src/Illuminate/Routing/Router.php(651): Illuminate\\Routing\\Router->dispatchToRoute()
#30 /var/www/cutera-upgradation/vendor/laravel/framework/src/Illuminate/Foundation/Http/Kernel.php(167): Illuminate\\Routing\\Router->dispatch()
#31 /var/www/cutera-upgradation/vendor/laravel/framework/src/Illuminate/Pipeline/Pipeline.php(128): Illuminate\\Foundation\\Http\\Kernel->Illuminate\\Foundation\\Http\\{closure}()
#32 /var/www/cutera-upgradation/vendor/laravel/framework/src/Illuminate/Foundation/Http/Middleware/TransformsRequest.php(21): Illuminate\\Pipeline\\Pipeline->Illuminate\\Pipeline\\{closure}()
#33 /var/www/cutera-upgradation/vendor/laravel/framework/src/Illuminate/Foundation/Http/Middleware/ConvertEmptyStringsToNull.php(31): Illuminate\\Foundation\\Http\\Middleware\\TransformsRequest->handle()
#34 /var/www/cutera-upgradation/vendor/laravel/framework/src/Illuminate/Pipeline/Pipeline.php(167): Illuminate\\Foundation\\Http\\Middleware\\ConvertEmptyStringsToNull->handle()
#35 /var/www/cutera-upgradation/vendor/laravel/framework/src/Illuminate/Foundation/Http/Middleware/TransformsRequest.php(21): Illuminate\\Pipeline\\Pipeline->Illuminate\\Pipeline\\{closure}()
#36 /var/www/cutera-upgradation/vendor/laravel/framework/src/Illuminate/Foundation/Http/Middleware/TrimStrings.php(40): Illuminate\\Foundation\\Http\\Middleware\\TransformsRequest->handle()
#37 /var/www/cutera-upgradation/vendor/laravel/framework/src/Illuminate/Pipeline/Pipeline.php(167): Illuminate\\Foundation\\Http\\Middleware\\TrimStrings->handle()
#38 /var/www/cutera-upgradation/vendor/laravel/framework/src/Illuminate/Foundation/Http/Middleware/ValidatePostSize.php(27): Illuminate\\Pipeline\\Pipeline->Illuminate\\Pipeline\\{closure}()
#39 /var/www/cutera-upgradation/vendor/laravel/framework/src/Illuminate/Pipeline/Pipeline.php(167): Illuminate\\Foundation\\Http\\Middleware\\ValidatePostSize->handle()
#40 /var/www/cutera-upgradation/vendor/laravel/framework/src/Illuminate/Foundation/Http/Middleware/PreventRequestsDuringMaintenance.php(86): Illuminate\\Pipeline\\Pipeline->Illuminate\\Pipeline\\{closure}()
#41 /var/www/cutera-upgradation/vendor/laravel/framework/src/Illuminate/Pipeline/Pipeline.php(167): Illuminate\\Foundation\\Http\\Middleware\\PreventRequestsDuringMaintenance->handle()
#42 /var/www/cutera-upgradation/vendor/fruitcake/laravel-cors/src/HandleCors.php(38): Illuminate\\Pipeline\\Pipeline->Illuminate\\Pipeline\\{closure}()
#43 /var/www/cutera-upgradation/vendor/laravel/framework/src/Illuminate/Pipeline/Pipeline.php(167): Fruitcake\\Cors\\HandleCors->handle()
#44 /var/www/cutera-upgradation/vendor/laravel/framework/src/Illuminate/Http/Middleware/TrustProxies.php(39): Illuminate\\Pipeline\\Pipeline->Illuminate\\Pipeline\\{closure}()
#45 /var/www/cutera-upgradation/vendor/laravel/framework/src/Illuminate/Pipeline/Pipeline.php(167): Illuminate\\Http\\Middleware\\TrustProxies->handle()
#46 /var/www/cutera-upgradation/vendor/laravel/framework/src/Illuminate/Pipeline/Pipeline.php(103): Illuminate\\Pipeline\\Pipeline->Illuminate\\Pipeline\\{closure}()
#47 /var/www/cutera-upgradation/vendor/laravel/framework/src/Illuminate/Foundation/Http/Kernel.php(142): Illuminate\\Pipeline\\Pipeline->then()
#48 /var/www/cutera-upgradation/vendor/laravel/framework/src/Illuminate/Foundation/Http/Kernel.php(111): Illuminate\\Foundation\\Http\\Kernel->sendRequestThroughRouter()
#49 /var/www/cutera-upgradation/public/index.php(52): Illuminate\\Foundation\\Http\\Kernel->handle()
#50 {main}
"} 
[2022-06-29 18:33:45] local.ERROR: View [admin.reports.dailyemployeestats.report] not found. {"userId":1,"exception":"[object] (InvalidArgumentException(code: 0): View [admin.reports.dailyemployeestats.report] not found. at /var/www/cutera-upgradation/vendor/laravel/framework/src/Illuminate/View/FileViewFinder.php:137)
[stacktrace]
#0 /var/www/cutera-upgradation/vendor/laravel/framework/src/Illuminate/View/FileViewFinder.php(79): Illuminate\\View\\FileViewFinder->findInPaths()
#1 /var/www/cutera-upgradation/vendor/laravel/framework/src/Illuminate/View/Factory.php(138): Illuminate\\View\\FileViewFinder->find()
#2 /var/www/cutera-upgradation/vendor/laravel/framework/src/Illuminate/Foundation/helpers.php(932): Illuminate\\View\\Factory->make()
#3 /var/www/cutera-upgradation/app/Http/Controllers/Admin/Reports/FinanceReportController.php(833): view()
#4 /var/www/cutera-upgradation/app/Http/Controllers/Admin/Reports/FinanceReportController.php(122): App\\Http\\Controllers\\Admin\\Reports\\FinanceReportController->dailyEmployeeStats()
#5 /var/www/cutera-upgradation/vendor/laravel/framework/src/Illuminate/Routing/Controller.php(54): App\\Http\\Controllers\\Admin\\Reports\\FinanceReportController->reportLoad()
#6 /var/www/cutera-upgradation/vendor/laravel/framework/src/Illuminate/Routing/ControllerDispatcher.php(45): Illuminate\\Routing\\Controller->callAction()
#7 /var/www/cutera-upgradation/vendor/laravel/framework/src/Illuminate/Routing/Route.php(262): Illuminate\\Routing\\ControllerDispatcher->dispatch()
#8 /var/www/cutera-upgradation/vendor/laravel/framework/src/Illuminate/Routing/Route.php(205): Illuminate\\Routing\\Route->runController()
#9 /var/www/cutera-upgradation/vendor/laravel/framework/src/Illuminate/Routing/Router.php(721): Illuminate\\Routing\\Route->run()
#10 /var/www/cutera-upgradation/vendor/laravel/framework/src/Illuminate/Pipeline/Pipeline.php(128): Illuminate\\Routing\\Router->Illuminate\\Routing\\{closure}()
#11 /var/www/cutera-upgradation/app/Http/Middleware/CheckAccountStatus.php(20): Illuminate\\Pipeline\\Pipeline->Illuminate\\Pipeline\\{closure}()
#12 /var/www/cutera-upgradation/vendor/laravel/framework/src/Illuminate/Pipeline/Pipeline.php(167): App\\Http\\Middleware\\CheckAccountStatus->handle()
#13 /var/www/cutera-upgradation/app/Http/Middleware/AuthenticateApiWeb.php(24): Illuminate\\Pipeline\\Pipeline->Illuminate\\Pipeline\\{closure}()
#14 /var/www/cutera-upgradation/vendor/laravel/framework/src/Illuminate/Pipeline/Pipeline.php(167): App\\Http\\Middleware\\AuthenticateApiWeb->handle()
#15 /var/www/cutera-upgradation/vendor/laravel/framework/src/Illuminate/Routing/Middleware/SubstituteBindings.php(50): Illuminate\\Pipeline\\Pipeline->Illuminate\\Pipeline\\{closure}()
#16 /var/www/cutera-upgradation/vendor/laravel/framework/src/Illuminate/Pipeline/Pipeline.php(167): Illuminate\\Routing\\Middleware\\SubstituteBindings->handle()
#17 /var/www/cutera-upgradation/app/Http/Middleware/VerifyCsrfToken.php(32): Illuminate\\Pipeline\\Pipeline->Illuminate\\Pipeline\\{closure}()
#18 /var/www/cutera-upgradation/vendor/laravel/framework/src/Illuminate/Pipeline/Pipeline.php(167): App\\Http\\Middleware\\VerifyCsrfToken->handle()
#19 /var/www/cutera-upgradation/vendor/laravel/framework/src/Illuminate/View/Middleware/ShareErrorsFromSession.php(49): Illuminate\\Pipeline\\Pipeline->Illuminate\\Pipeline\\{closure}()
#20 /var/www/cutera-upgradation/vendor/laravel/framework/src/Illuminate/Pipeline/Pipeline.php(167): Illuminate\\View\\Middleware\\ShareErrorsFromSession->handle()
#21 /var/www/cutera-upgradation/vendor/laravel/framework/src/Illuminate/Session/Middleware/StartSession.php(121): Illuminate\\Pipeline\\Pipeline->Illuminate\\Pipeline\\{closure}()
#22 /var/www/cutera-upgradation/vendor/laravel/framework/src/Illuminate/Session/Middleware/StartSession.php(64): Illuminate\\Session\\Middleware\\StartSession->handleStatefulRequest()
#23 /var/www/cutera-upgradation/vendor/laravel/framework/src/Illuminate/Pipeline/Pipeline.php(167): Illuminate\\Session\\Middleware\\StartSession->handle()
#24 /var/www/cutera-upgradation/vendor/laravel/framework/src/Illuminate/Cookie/Middleware/AddQueuedCookiesToResponse.php(37): Illuminate\\Pipeline\\Pipeline->Illuminate\\Pipeline\\{closure}()
#25 /var/www/cutera-upgradation/vendor/laravel/framework/src/Illuminate/Pipeline/Pipeline.php(167): Illuminate\\Cookie\\Middleware\\AddQueuedCookiesToResponse->handle()
#26 /var/www/cutera-upgradation/vendor/laravel/framework/src/Illuminate/Cookie/Middleware/EncryptCookies.php(67): Illuminate\\Pipeline\\Pipeline->Illuminate\\Pipeline\\{closure}()
#27 /var/www/cutera-upgradation/vendor/laravel/framework/src/Illuminate/Pipeline/Pipeline.php(167): Illuminate\\Cookie\\Middleware\\EncryptCookies->handle()
#28 /var/www/cutera-upgradation/vendor/laravel/framework/src/Illuminate/Pipeline/Pipeline.php(103): Illuminate\\Pipeline\\Pipeline->Illuminate\\Pipeline\\{closure}()
#29 /var/www/cutera-upgradation/vendor/laravel/framework/src/Illuminate/Routing/Router.php(723): Illuminate\\Pipeline\\Pipeline->then()
#30 /var/www/cutera-upgradation/vendor/laravel/framework/src/Illuminate/Routing/Router.php(698): Illuminate\\Routing\\Router->runRouteWithinStack()
#31 /var/www/cutera-upgradation/vendor/laravel/framework/src/Illuminate/Routing/Router.php(662): Illuminate\\Routing\\Router->runRoute()
#32 /var/www/cutera-upgradation/vendor/laravel/framework/src/Illuminate/Routing/Router.php(651): Illuminate\\Routing\\Router->dispatchToRoute()
#33 /var/www/cutera-upgradation/vendor/laravel/framework/src/Illuminate/Foundation/Http/Kernel.php(167): Illuminate\\Routing\\Router->dispatch()
#34 /var/www/cutera-upgradation/vendor/laravel/framework/src/Illuminate/Pipeline/Pipeline.php(128): Illuminate\\Foundation\\Http\\Kernel->Illuminate\\Foundation\\Http\\{closure}()
#35 /var/www/cutera-upgradation/vendor/laravel/framework/src/Illuminate/Foundation/Http/Middleware/TransformsRequest.php(21): Illuminate\\Pipeline\\Pipeline->Illuminate\\Pipeline\\{closure}()
#36 /var/www/cutera-upgradation/vendor/laravel/framework/src/Illuminate/Foundation/Http/Middleware/ConvertEmptyStringsToNull.php(31): Illuminate\\Foundation\\Http\\Middleware\\TransformsRequest->handle()
#37 /var/www/cutera-upgradation/vendor/laravel/framework/src/Illuminate/Pipeline/Pipeline.php(167): Illuminate\\Foundation\\Http\\Middleware\\ConvertEmptyStringsToNull->handle()
#38 /var/www/cutera-upgradation/vendor/laravel/framework/src/Illuminate/Foundation/Http/Middleware/TransformsRequest.php(21): Illuminate\\Pipeline\\Pipeline->Illuminate\\Pipeline\\{closure}()
#39 /var/www/cutera-upgradation/vendor/laravel/framework/src/Illuminate/Foundation/Http/Middleware/TrimStrings.php(40): Illuminate\\Foundation\\Http\\Middleware\\TransformsRequest->handle()
#40 /var/www/cutera-upgradation/vendor/laravel/framework/src/Illuminate/Pipeline/Pipeline.php(167): Illuminate\\Foundation\\Http\\Middleware\\TrimStrings->handle()
#41 /var/www/cutera-upgradation/vendor/laravel/framework/src/Illuminate/Foundation/Http/Middleware/ValidatePostSize.php(27): Illuminate\\Pipeline\\Pipeline->Illuminate\\Pipeline\\{closure}()
#42 /var/www/cutera-upgradation/vendor/laravel/framework/src/Illuminate/Pipeline/Pipeline.php(167): Illuminate\\Foundation\\Http\\Middleware\\ValidatePostSize->handle()
#43 /var/www/cutera-upgradation/vendor/laravel/framework/src/Illuminate/Foundation/Http/Middleware/PreventRequestsDuringMaintenance.php(86): Illuminate\\Pipeline\\Pipeline->Illuminate\\Pipeline\\{closure}()
#44 /var/www/cutera-upgradation/vendor/laravel/framework/src/Illuminate/Pipeline/Pipeline.php(167): Illuminate\\Foundation\\Http\\Middleware\\PreventRequestsDuringMaintenance->handle()
#45 /var/www/cutera-upgradation/vendor/fruitcake/laravel-cors/src/HandleCors.php(38): Illuminate\\Pipeline\\Pipeline->Illuminate\\Pipeline\\{closure}()
#46 /var/www/cutera-upgradation/vendor/laravel/framework/src/Illuminate/Pipeline/Pipeline.php(167): Fruitcake\\Cors\\HandleCors->handle()
#47 /var/www/cutera-upgradation/vendor/laravel/framework/src/Illuminate/Http/Middleware/TrustProxies.php(39): Illuminate\\Pipeline\\Pipeline->Illuminate\\Pipeline\\{closure}()
#48 /var/www/cutera-upgradation/vendor/laravel/framework/src/Illuminate/Pipeline/Pipeline.php(167): Illuminate\\Http\\Middleware\\TrustProxies->handle()
#49 /var/www/cutera-upgradation/vendor/laravel/framework/src/Illuminate/Pipeline/Pipeline.php(103): Illuminate\\Pipeline\\Pipeline->Illuminate\\Pipeline\\{closure}()
#50 /var/www/cutera-upgradation/vendor/laravel/framework/src/Illuminate/Foundation/Http/Kernel.php(142): Illuminate\\Pipeline\\Pipeline->then()
#51 /var/www/cutera-upgradation/vendor/laravel/framework/src/Illuminate/Foundation/Http/Kernel.php(111): Illuminate\\Foundation\\Http\\Kernel->sendRequestThroughRouter()
#52 /var/www/cutera-upgradation/public/index.php(52): Illuminate\\Foundation\\Http\\Kernel->handle()
#53 {main}
"} 
[2022-06-29 18:38:12] local.ERROR: View [admin.reports.generalrevenuereport.report] not found. {"userId":1,"exception":"[object] (InvalidArgumentException(code: 0): View [admin.reports.generalrevenuereport.report] not found. at /var/www/cutera-upgradation/vendor/laravel/framework/src/Illuminate/View/FileViewFinder.php:137)
[stacktrace]
#0 /var/www/cutera-upgradation/vendor/laravel/framework/src/Illuminate/View/FileViewFinder.php(79): Illuminate\\View\\FileViewFinder->findInPaths()
#1 /var/www/cutera-upgradation/vendor/laravel/framework/src/Illuminate/View/Factory.php(138): Illuminate\\View\\FileViewFinder->find()
#2 /var/www/cutera-upgradation/vendor/laravel/framework/src/Illuminate/Foundation/helpers.php(932): Illuminate\\View\\Factory->make()
#3 /var/www/cutera-upgradation/app/Http/Controllers/Admin/Reports/FinanceReportController.php(1273): view()
#4 /var/www/cutera-upgradation/app/Http/Controllers/Admin/Reports/FinanceReportController.php(131): App\\Http\\Controllers\\Admin\\Reports\\FinanceReportController->generalrevenuereportdetail()
#5 /var/www/cutera-upgradation/vendor/laravel/framework/src/Illuminate/Routing/Controller.php(54): App\\Http\\Controllers\\Admin\\Reports\\FinanceReportController->reportLoad()
#6 /var/www/cutera-upgradation/vendor/laravel/framework/src/Illuminate/Routing/ControllerDispatcher.php(45): Illuminate\\Routing\\Controller->callAction()
#7 /var/www/cutera-upgradation/vendor/laravel/framework/src/Illuminate/Routing/Route.php(262): Illuminate\\Routing\\ControllerDispatcher->dispatch()
#8 /var/www/cutera-upgradation/vendor/laravel/framework/src/Illuminate/Routing/Route.php(205): Illuminate\\Routing\\Route->runController()
#9 /var/www/cutera-upgradation/vendor/laravel/framework/src/Illuminate/Routing/Router.php(721): Illuminate\\Routing\\Route->run()
#10 /var/www/cutera-upgradation/vendor/laravel/framework/src/Illuminate/Pipeline/Pipeline.php(128): Illuminate\\Routing\\Router->Illuminate\\Routing\\{closure}()
#11 /var/www/cutera-upgradation/app/Http/Middleware/CheckAccountStatus.php(20): Illuminate\\Pipeline\\Pipeline->Illuminate\\Pipeline\\{closure}()
#12 /var/www/cutera-upgradation/vendor/laravel/framework/src/Illuminate/Pipeline/Pipeline.php(167): App\\Http\\Middleware\\CheckAccountStatus->handle()
#13 /var/www/cutera-upgradation/app/Http/Middleware/AuthenticateApiWeb.php(24): Illuminate\\Pipeline\\Pipeline->Illuminate\\Pipeline\\{closure}()
#14 /var/www/cutera-upgradation/vendor/laravel/framework/src/Illuminate/Pipeline/Pipeline.php(167): App\\Http\\Middleware\\AuthenticateApiWeb->handle()
#15 /var/www/cutera-upgradation/vendor/laravel/framework/src/Illuminate/Routing/Middleware/SubstituteBindings.php(50): Illuminate\\Pipeline\\Pipeline->Illuminate\\Pipeline\\{closure}()
#16 /var/www/cutera-upgradation/vendor/laravel/framework/src/Illuminate/Pipeline/Pipeline.php(167): Illuminate\\Routing\\Middleware\\SubstituteBindings->handle()
#17 /var/www/cutera-upgradation/app/Http/Middleware/VerifyCsrfToken.php(32): Illuminate\\Pipeline\\Pipeline->Illuminate\\Pipeline\\{closure}()
#18 /var/www/cutera-upgradation/vendor/laravel/framework/src/Illuminate/Pipeline/Pipeline.php(167): App\\Http\\Middleware\\VerifyCsrfToken->handle()
#19 /var/www/cutera-upgradation/vendor/laravel/framework/src/Illuminate/View/Middleware/ShareErrorsFromSession.php(49): Illuminate\\Pipeline\\Pipeline->Illuminate\\Pipeline\\{closure}()
#20 /var/www/cutera-upgradation/vendor/laravel/framework/src/Illuminate/Pipeline/Pipeline.php(167): Illuminate\\View\\Middleware\\ShareErrorsFromSession->handle()
#21 /var/www/cutera-upgradation/vendor/laravel/framework/src/Illuminate/Session/Middleware/StartSession.php(121): Illuminate\\Pipeline\\Pipeline->Illuminate\\Pipeline\\{closure}()
#22 /var/www/cutera-upgradation/vendor/laravel/framework/src/Illuminate/Session/Middleware/StartSession.php(64): Illuminate\\Session\\Middleware\\StartSession->handleStatefulRequest()
#23 /var/www/cutera-upgradation/vendor/laravel/framework/src/Illuminate/Pipeline/Pipeline.php(167): Illuminate\\Session\\Middleware\\StartSession->handle()
#24 /var/www/cutera-upgradation/vendor/laravel/framework/src/Illuminate/Cookie/Middleware/AddQueuedCookiesToResponse.php(37): Illuminate\\Pipeline\\Pipeline->Illuminate\\Pipeline\\{closure}()
#25 /var/www/cutera-upgradation/vendor/laravel/framework/src/Illuminate/Pipeline/Pipeline.php(167): Illuminate\\Cookie\\Middleware\\AddQueuedCookiesToResponse->handle()
#26 /var/www/cutera-upgradation/vendor/laravel/framework/src/Illuminate/Cookie/Middleware/EncryptCookies.php(67): Illuminate\\Pipeline\\Pipeline->Illuminate\\Pipeline\\{closure}()
#27 /var/www/cutera-upgradation/vendor/laravel/framework/src/Illuminate/Pipeline/Pipeline.php(167): Illuminate\\Cookie\\Middleware\\EncryptCookies->handle()
#28 /var/www/cutera-upgradation/vendor/laravel/framework/src/Illuminate/Pipeline/Pipeline.php(103): Illuminate\\Pipeline\\Pipeline->Illuminate\\Pipeline\\{closure}()
#29 /var/www/cutera-upgradation/vendor/laravel/framework/src/Illuminate/Routing/Router.php(723): Illuminate\\Pipeline\\Pipeline->then()
#30 /var/www/cutera-upgradation/vendor/laravel/framework/src/Illuminate/Routing/Router.php(698): Illuminate\\Routing\\Router->runRouteWithinStack()
#31 /var/www/cutera-upgradation/vendor/laravel/framework/src/Illuminate/Routing/Router.php(662): Illuminate\\Routing\\Router->runRoute()
#32 /var/www/cutera-upgradation/vendor/laravel/framework/src/Illuminate/Routing/Router.php(651): Illuminate\\Routing\\Router->dispatchToRoute()
#33 /var/www/cutera-upgradation/vendor/laravel/framework/src/Illuminate/Foundation/Http/Kernel.php(167): Illuminate\\Routing\\Router->dispatch()
#34 /var/www/cutera-upgradation/vendor/laravel/framework/src/Illuminate/Pipeline/Pipeline.php(128): Illuminate\\Foundation\\Http\\Kernel->Illuminate\\Foundation\\Http\\{closure}()
#35 /var/www/cutera-upgradation/vendor/laravel/framework/src/Illuminate/Foundation/Http/Middleware/TransformsRequest.php(21): Illuminate\\Pipeline\\Pipeline->Illuminate\\Pipeline\\{closure}()
#36 /var/www/cutera-upgradation/vendor/laravel/framework/src/Illuminate/Foundation/Http/Middleware/ConvertEmptyStringsToNull.php(31): Illuminate\\Foundation\\Http\\Middleware\\TransformsRequest->handle()
#37 /var/www/cutera-upgradation/vendor/laravel/framework/src/Illuminate/Pipeline/Pipeline.php(167): Illuminate\\Foundation\\Http\\Middleware\\ConvertEmptyStringsToNull->handle()
#38 /var/www/cutera-upgradation/vendor/laravel/framework/src/Illuminate/Foundation/Http/Middleware/TransformsRequest.php(21): Illuminate\\Pipeline\\Pipeline->Illuminate\\Pipeline\\{closure}()
#39 /var/www/cutera-upgradation/vendor/laravel/framework/src/Illuminate/Foundation/Http/Middleware/TrimStrings.php(40): Illuminate\\Foundation\\Http\\Middleware\\TransformsRequest->handle()
#40 /var/www/cutera-upgradation/vendor/laravel/framework/src/Illuminate/Pipeline/Pipeline.php(167): Illuminate\\Foundation\\Http\\Middleware\\TrimStrings->handle()
#41 /var/www/cutera-upgradation/vendor/laravel/framework/src/Illuminate/Foundation/Http/Middleware/ValidatePostSize.php(27): Illuminate\\Pipeline\\Pipeline->Illuminate\\Pipeline\\{closure}()
#42 /var/www/cutera-upgradation/vendor/laravel/framework/src/Illuminate/Pipeline/Pipeline.php(167): Illuminate\\Foundation\\Http\\Middleware\\ValidatePostSize->handle()
#43 /var/www/cutera-upgradation/vendor/laravel/framework/src/Illuminate/Foundation/Http/Middleware/PreventRequestsDuringMaintenance.php(86): Illuminate\\Pipeline\\Pipeline->Illuminate\\Pipeline\\{closure}()
#44 /var/www/cutera-upgradation/vendor/laravel/framework/src/Illuminate/Pipeline/Pipeline.php(167): Illuminate\\Foundation\\Http\\Middleware\\PreventRequestsDuringMaintenance->handle()
#45 /var/www/cutera-upgradation/vendor/fruitcake/laravel-cors/src/HandleCors.php(38): Illuminate\\Pipeline\\Pipeline->Illuminate\\Pipeline\\{closure}()
#46 /var/www/cutera-upgradation/vendor/laravel/framework/src/Illuminate/Pipeline/Pipeline.php(167): Fruitcake\\Cors\\HandleCors->handle()
#47 /var/www/cutera-upgradation/vendor/laravel/framework/src/Illuminate/Http/Middleware/TrustProxies.php(39): Illuminate\\Pipeline\\Pipeline->Illuminate\\Pipeline\\{closure}()
#48 /var/www/cutera-upgradation/vendor/laravel/framework/src/Illuminate/Pipeline/Pipeline.php(167): Illuminate\\Http\\Middleware\\TrustProxies->handle()
#49 /var/www/cutera-upgradation/vendor/laravel/framework/src/Illuminate/Pipeline/Pipeline.php(103): Illuminate\\Pipeline\\Pipeline->Illuminate\\Pipeline\\{closure}()
#50 /var/www/cutera-upgradation/vendor/laravel/framework/src/Illuminate/Foundation/Http/Kernel.php(142): Illuminate\\Pipeline\\Pipeline->then()
#51 /var/www/cutera-upgradation/vendor/laravel/framework/src/Illuminate/Foundation/Http/Kernel.php(111): Illuminate\\Foundation\\Http\\Kernel->sendRequestThroughRouter()
#52 /var/www/cutera-upgradation/public/index.php(52): Illuminate\\Foundation\\Http\\Kernel->handle()
#53 {main}
"} 
[2022-06-29 18:40:18] local.ERROR: View [admin.reports.generalrevenuesummaryreport.report] not found. {"userId":1,"exception":"[object] (InvalidArgumentException(code: 0): View [admin.reports.generalrevenuesummaryreport.report] not found. at /var/www/cutera-upgradation/vendor/laravel/framework/src/Illuminate/View/FileViewFinder.php:137)
[stacktrace]
#0 /var/www/cutera-upgradation/vendor/laravel/framework/src/Illuminate/View/FileViewFinder.php(79): Illuminate\\View\\FileViewFinder->findInPaths()
#1 /var/www/cutera-upgradation/vendor/laravel/framework/src/Illuminate/View/Factory.php(138): Illuminate\\View\\FileViewFinder->find()
#2 /var/www/cutera-upgradation/vendor/laravel/framework/src/Illuminate/Foundation/helpers.php(932): Illuminate\\View\\Factory->make()
#3 /var/www/cutera-upgradation/app/Http/Controllers/Admin/Reports/FinanceReportController.php(1473): view()
#4 /var/www/cutera-upgradation/app/Http/Controllers/Admin/Reports/FinanceReportController.php(134): App\\Http\\Controllers\\Admin\\Reports\\FinanceReportController->generalrevenuereportsummary()
#5 /var/www/cutera-upgradation/vendor/laravel/framework/src/Illuminate/Routing/Controller.php(54): App\\Http\\Controllers\\Admin\\Reports\\FinanceReportController->reportLoad()
#6 /var/www/cutera-upgradation/vendor/laravel/framework/src/Illuminate/Routing/ControllerDispatcher.php(45): Illuminate\\Routing\\Controller->callAction()
#7 /var/www/cutera-upgradation/vendor/laravel/framework/src/Illuminate/Routing/Route.php(262): Illuminate\\Routing\\ControllerDispatcher->dispatch()
#8 /var/www/cutera-upgradation/vendor/laravel/framework/src/Illuminate/Routing/Route.php(205): Illuminate\\Routing\\Route->runController()
#9 /var/www/cutera-upgradation/vendor/laravel/framework/src/Illuminate/Routing/Router.php(721): Illuminate\\Routing\\Route->run()
#10 /var/www/cutera-upgradation/vendor/laravel/framework/src/Illuminate/Pipeline/Pipeline.php(128): Illuminate\\Routing\\Router->Illuminate\\Routing\\{closure}()
#11 /var/www/cutera-upgradation/app/Http/Middleware/CheckAccountStatus.php(20): Illuminate\\Pipeline\\Pipeline->Illuminate\\Pipeline\\{closure}()
#12 /var/www/cutera-upgradation/vendor/laravel/framework/src/Illuminate/Pipeline/Pipeline.php(167): App\\Http\\Middleware\\CheckAccountStatus->handle()
#13 /var/www/cutera-upgradation/app/Http/Middleware/AuthenticateApiWeb.php(24): Illuminate\\Pipeline\\Pipeline->Illuminate\\Pipeline\\{closure}()
#14 /var/www/cutera-upgradation/vendor/laravel/framework/src/Illuminate/Pipeline/Pipeline.php(167): App\\Http\\Middleware\\AuthenticateApiWeb->handle()
#15 /var/www/cutera-upgradation/vendor/laravel/framework/src/Illuminate/Routing/Middleware/SubstituteBindings.php(50): Illuminate\\Pipeline\\Pipeline->Illuminate\\Pipeline\\{closure}()
#16 /var/www/cutera-upgradation/vendor/laravel/framework/src/Illuminate/Pipeline/Pipeline.php(167): Illuminate\\Routing\\Middleware\\SubstituteBindings->handle()
#17 /var/www/cutera-upgradation/app/Http/Middleware/VerifyCsrfToken.php(32): Illuminate\\Pipeline\\Pipeline->Illuminate\\Pipeline\\{closure}()
#18 /var/www/cutera-upgradation/vendor/laravel/framework/src/Illuminate/Pipeline/Pipeline.php(167): App\\Http\\Middleware\\VerifyCsrfToken->handle()
#19 /var/www/cutera-upgradation/vendor/laravel/framework/src/Illuminate/View/Middleware/ShareErrorsFromSession.php(49): Illuminate\\Pipeline\\Pipeline->Illuminate\\Pipeline\\{closure}()
#20 /var/www/cutera-upgradation/vendor/laravel/framework/src/Illuminate/Pipeline/Pipeline.php(167): Illuminate\\View\\Middleware\\ShareErrorsFromSession->handle()
#21 /var/www/cutera-upgradation/vendor/laravel/framework/src/Illuminate/Session/Middleware/StartSession.php(121): Illuminate\\Pipeline\\Pipeline->Illuminate\\Pipeline\\{closure}()
#22 /var/www/cutera-upgradation/vendor/laravel/framework/src/Illuminate/Session/Middleware/StartSession.php(64): Illuminate\\Session\\Middleware\\StartSession->handleStatefulRequest()
#23 /var/www/cutera-upgradation/vendor/laravel/framework/src/Illuminate/Pipeline/Pipeline.php(167): Illuminate\\Session\\Middleware\\StartSession->handle()
#24 /var/www/cutera-upgradation/vendor/laravel/framework/src/Illuminate/Cookie/Middleware/AddQueuedCookiesToResponse.php(37): Illuminate\\Pipeline\\Pipeline->Illuminate\\Pipeline\\{closure}()
#25 /var/www/cutera-upgradation/vendor/laravel/framework/src/Illuminate/Pipeline/Pipeline.php(167): Illuminate\\Cookie\\Middleware\\AddQueuedCookiesToResponse->handle()
#26 /var/www/cutera-upgradation/vendor/laravel/framework/src/Illuminate/Cookie/Middleware/EncryptCookies.php(67): Illuminate\\Pipeline\\Pipeline->Illuminate\\Pipeline\\{closure}()
#27 /var/www/cutera-upgradation/vendor/laravel/framework/src/Illuminate/Pipeline/Pipeline.php(167): Illuminate\\Cookie\\Middleware\\EncryptCookies->handle()
#28 /var/www/cutera-upgradation/vendor/laravel/framework/src/Illuminate/Pipeline/Pipeline.php(103): Illuminate\\Pipeline\\Pipeline->Illuminate\\Pipeline\\{closure}()
#29 /var/www/cutera-upgradation/vendor/laravel/framework/src/Illuminate/Routing/Router.php(723): Illuminate\\Pipeline\\Pipeline->then()
#30 /var/www/cutera-upgradation/vendor/laravel/framework/src/Illuminate/Routing/Router.php(698): Illuminate\\Routing\\Router->runRouteWithinStack()
#31 /var/www/cutera-upgradation/vendor/laravel/framework/src/Illuminate/Routing/Router.php(662): Illuminate\\Routing\\Router->runRoute()
#32 /var/www/cutera-upgradation/vendor/laravel/framework/src/Illuminate/Routing/Router.php(651): Illuminate\\Routing\\Router->dispatchToRoute()
#33 /var/www/cutera-upgradation/vendor/laravel/framework/src/Illuminate/Foundation/Http/Kernel.php(167): Illuminate\\Routing\\Router->dispatch()
#34 /var/www/cutera-upgradation/vendor/laravel/framework/src/Illuminate/Pipeline/Pipeline.php(128): Illuminate\\Foundation\\Http\\Kernel->Illuminate\\Foundation\\Http\\{closure}()
#35 /var/www/cutera-upgradation/vendor/laravel/framework/src/Illuminate/Foundation/Http/Middleware/TransformsRequest.php(21): Illuminate\\Pipeline\\Pipeline->Illuminate\\Pipeline\\{closure}()
#36 /var/www/cutera-upgradation/vendor/laravel/framework/src/Illuminate/Foundation/Http/Middleware/ConvertEmptyStringsToNull.php(31): Illuminate\\Foundation\\Http\\Middleware\\TransformsRequest->handle()
#37 /var/www/cutera-upgradation/vendor/laravel/framework/src/Illuminate/Pipeline/Pipeline.php(167): Illuminate\\Foundation\\Http\\Middleware\\ConvertEmptyStringsToNull->handle()
#38 /var/www/cutera-upgradation/vendor/laravel/framework/src/Illuminate/Foundation/Http/Middleware/TransformsRequest.php(21): Illuminate\\Pipeline\\Pipeline->Illuminate\\Pipeline\\{closure}()
#39 /var/www/cutera-upgradation/vendor/laravel/framework/src/Illuminate/Foundation/Http/Middleware/TrimStrings.php(40): Illuminate\\Foundation\\Http\\Middleware\\TransformsRequest->handle()
#40 /var/www/cutera-upgradation/vendor/laravel/framework/src/Illuminate/Pipeline/Pipeline.php(167): Illuminate\\Foundation\\Http\\Middleware\\TrimStrings->handle()
#41 /var/www/cutera-upgradation/vendor/laravel/framework/src/Illuminate/Foundation/Http/Middleware/ValidatePostSize.php(27): Illuminate\\Pipeline\\Pipeline->Illuminate\\Pipeline\\{closure}()
#42 /var/www/cutera-upgradation/vendor/laravel/framework/src/Illuminate/Pipeline/Pipeline.php(167): Illuminate\\Foundation\\Http\\Middleware\\ValidatePostSize->handle()
#43 /var/www/cutera-upgradation/vendor/laravel/framework/src/Illuminate/Foundation/Http/Middleware/PreventRequestsDuringMaintenance.php(86): Illuminate\\Pipeline\\Pipeline->Illuminate\\Pipeline\\{closure}()
#44 /var/www/cutera-upgradation/vendor/laravel/framework/src/Illuminate/Pipeline/Pipeline.php(167): Illuminate\\Foundation\\Http\\Middleware\\PreventRequestsDuringMaintenance->handle()
#45 /var/www/cutera-upgradation/vendor/fruitcake/laravel-cors/src/HandleCors.php(38): Illuminate\\Pipeline\\Pipeline->Illuminate\\Pipeline\\{closure}()
#46 /var/www/cutera-upgradation/vendor/laravel/framework/src/Illuminate/Pipeline/Pipeline.php(167): Fruitcake\\Cors\\HandleCors->handle()
#47 /var/www/cutera-upgradation/vendor/laravel/framework/src/Illuminate/Http/Middleware/TrustProxies.php(39): Illuminate\\Pipeline\\Pipeline->Illuminate\\Pipeline\\{closure}()
#48 /var/www/cutera-upgradation/vendor/laravel/framework/src/Illuminate/Pipeline/Pipeline.php(167): Illuminate\\Http\\Middleware\\TrustProxies->handle()
#49 /var/www/cutera-upgradation/vendor/laravel/framework/src/Illuminate/Pipeline/Pipeline.php(103): Illuminate\\Pipeline\\Pipeline->Illuminate\\Pipeline\\{closure}()
#50 /var/www/cutera-upgradation/vendor/laravel/framework/src/Illuminate/Foundation/Http/Kernel.php(142): Illuminate\\Pipeline\\Pipeline->then()
#51 /var/www/cutera-upgradation/vendor/laravel/framework/src/Illuminate/Foundation/Http/Kernel.php(111): Illuminate\\Foundation\\Http\\Kernel->sendRequestThroughRouter()
#52 /var/www/cutera-upgradation/public/index.php(52): Illuminate\\Foundation\\Http\\Kernel->handle()
#53 {main}
"} 
[2022-06-29 18:41:47] local.ERROR: View [admin.reports.conversionreport.report] not found. {"userId":1,"exception":"[object] (InvalidArgumentException(code: 0): View [admin.reports.conversionreport.report] not found. at /var/www/cutera-upgradation/vendor/laravel/framework/src/Illuminate/View/FileViewFinder.php:137)
[stacktrace]
#0 /var/www/cutera-upgradation/vendor/laravel/framework/src/Illuminate/View/FileViewFinder.php(79): Illuminate\\View\\FileViewFinder->findInPaths()
#1 /var/www/cutera-upgradation/vendor/laravel/framework/src/Illuminate/View/Factory.php(138): Illuminate\\View\\FileViewFinder->find()
#2 /var/www/cutera-upgradation/vendor/laravel/framework/src/Illuminate/Foundation/helpers.php(932): Illuminate\\View\\Factory->make()
#3 /var/www/cutera-upgradation/app/Http/Controllers/Admin/Reports/FinanceReportController.php(2256): view()
#4 /var/www/cutera-upgradation/app/Http/Controllers/Admin/Reports/FinanceReportController.php(152): App\\Http\\Controllers\\Admin\\Reports\\FinanceReportController->conversionreport()
#5 /var/www/cutera-upgradation/vendor/laravel/framework/src/Illuminate/Routing/Controller.php(54): App\\Http\\Controllers\\Admin\\Reports\\FinanceReportController->reportLoad()
#6 /var/www/cutera-upgradation/vendor/laravel/framework/src/Illuminate/Routing/ControllerDispatcher.php(45): Illuminate\\Routing\\Controller->callAction()
#7 /var/www/cutera-upgradation/vendor/laravel/framework/src/Illuminate/Routing/Route.php(262): Illuminate\\Routing\\ControllerDispatcher->dispatch()
#8 /var/www/cutera-upgradation/vendor/laravel/framework/src/Illuminate/Routing/Route.php(205): Illuminate\\Routing\\Route->runController()
#9 /var/www/cutera-upgradation/vendor/laravel/framework/src/Illuminate/Routing/Router.php(721): Illuminate\\Routing\\Route->run()
#10 /var/www/cutera-upgradation/vendor/laravel/framework/src/Illuminate/Pipeline/Pipeline.php(128): Illuminate\\Routing\\Router->Illuminate\\Routing\\{closure}()
#11 /var/www/cutera-upgradation/app/Http/Middleware/CheckAccountStatus.php(20): Illuminate\\Pipeline\\Pipeline->Illuminate\\Pipeline\\{closure}()
#12 /var/www/cutera-upgradation/vendor/laravel/framework/src/Illuminate/Pipeline/Pipeline.php(167): App\\Http\\Middleware\\CheckAccountStatus->handle()
#13 /var/www/cutera-upgradation/app/Http/Middleware/AuthenticateApiWeb.php(24): Illuminate\\Pipeline\\Pipeline->Illuminate\\Pipeline\\{closure}()
#14 /var/www/cutera-upgradation/vendor/laravel/framework/src/Illuminate/Pipeline/Pipeline.php(167): App\\Http\\Middleware\\AuthenticateApiWeb->handle()
#15 /var/www/cutera-upgradation/vendor/laravel/framework/src/Illuminate/Routing/Middleware/SubstituteBindings.php(50): Illuminate\\Pipeline\\Pipeline->Illuminate\\Pipeline\\{closure}()
#16 /var/www/cutera-upgradation/vendor/laravel/framework/src/Illuminate/Pipeline/Pipeline.php(167): Illuminate\\Routing\\Middleware\\SubstituteBindings->handle()
#17 /var/www/cutera-upgradation/app/Http/Middleware/VerifyCsrfToken.php(32): Illuminate\\Pipeline\\Pipeline->Illuminate\\Pipeline\\{closure}()
#18 /var/www/cutera-upgradation/vendor/laravel/framework/src/Illuminate/Pipeline/Pipeline.php(167): App\\Http\\Middleware\\VerifyCsrfToken->handle()
#19 /var/www/cutera-upgradation/vendor/laravel/framework/src/Illuminate/View/Middleware/ShareErrorsFromSession.php(49): Illuminate\\Pipeline\\Pipeline->Illuminate\\Pipeline\\{closure}()
#20 /var/www/cutera-upgradation/vendor/laravel/framework/src/Illuminate/Pipeline/Pipeline.php(167): Illuminate\\View\\Middleware\\ShareErrorsFromSession->handle()
#21 /var/www/cutera-upgradation/vendor/laravel/framework/src/Illuminate/Session/Middleware/StartSession.php(121): Illuminate\\Pipeline\\Pipeline->Illuminate\\Pipeline\\{closure}()
#22 /var/www/cutera-upgradation/vendor/laravel/framework/src/Illuminate/Session/Middleware/StartSession.php(64): Illuminate\\Session\\Middleware\\StartSession->handleStatefulRequest()
#23 /var/www/cutera-upgradation/vendor/laravel/framework/src/Illuminate/Pipeline/Pipeline.php(167): Illuminate\\Session\\Middleware\\StartSession->handle()
#24 /var/www/cutera-upgradation/vendor/laravel/framework/src/Illuminate/Cookie/Middleware/AddQueuedCookiesToResponse.php(37): Illuminate\\Pipeline\\Pipeline->Illuminate\\Pipeline\\{closure}()
#25 /var/www/cutera-upgradation/vendor/laravel/framework/src/Illuminate/Pipeline/Pipeline.php(167): Illuminate\\Cookie\\Middleware\\AddQueuedCookiesToResponse->handle()
#26 /var/www/cutera-upgradation/vendor/laravel/framework/src/Illuminate/Cookie/Middleware/EncryptCookies.php(67): Illuminate\\Pipeline\\Pipeline->Illuminate\\Pipeline\\{closure}()
#27 /var/www/cutera-upgradation/vendor/laravel/framework/src/Illuminate/Pipeline/Pipeline.php(167): Illuminate\\Cookie\\Middleware\\EncryptCookies->handle()
#28 /var/www/cutera-upgradation/vendor/laravel/framework/src/Illuminate/Pipeline/Pipeline.php(103): Illuminate\\Pipeline\\Pipeline->Illuminate\\Pipeline\\{closure}()
#29 /var/www/cutera-upgradation/vendor/laravel/framework/src/Illuminate/Routing/Router.php(723): Illuminate\\Pipeline\\Pipeline->then()
#30 /var/www/cutera-upgradation/vendor/laravel/framework/src/Illuminate/Routing/Router.php(698): Illuminate\\Routing\\Router->runRouteWithinStack()
#31 /var/www/cutera-upgradation/vendor/laravel/framework/src/Illuminate/Routing/Router.php(662): Illuminate\\Routing\\Router->runRoute()
#32 /var/www/cutera-upgradation/vendor/laravel/framework/src/Illuminate/Routing/Router.php(651): Illuminate\\Routing\\Router->dispatchToRoute()
#33 /var/www/cutera-upgradation/vendor/laravel/framework/src/Illuminate/Foundation/Http/Kernel.php(167): Illuminate\\Routing\\Router->dispatch()
#34 /var/www/cutera-upgradation/vendor/laravel/framework/src/Illuminate/Pipeline/Pipeline.php(128): Illuminate\\Foundation\\Http\\Kernel->Illuminate\\Foundation\\Http\\{closure}()
#35 /var/www/cutera-upgradation/vendor/laravel/framework/src/Illuminate/Foundation/Http/Middleware/TransformsRequest.php(21): Illuminate\\Pipeline\\Pipeline->Illuminate\\Pipeline\\{closure}()
#36 /var/www/cutera-upgradation/vendor/laravel/framework/src/Illuminate/Foundation/Http/Middleware/ConvertEmptyStringsToNull.php(31): Illuminate\\Foundation\\Http\\Middleware\\TransformsRequest->handle()
#37 /var/www/cutera-upgradation/vendor/laravel/framework/src/Illuminate/Pipeline/Pipeline.php(167): Illuminate\\Foundation\\Http\\Middleware\\ConvertEmptyStringsToNull->handle()
#38 /var/www/cutera-upgradation/vendor/laravel/framework/src/Illuminate/Foundation/Http/Middleware/TransformsRequest.php(21): Illuminate\\Pipeline\\Pipeline->Illuminate\\Pipeline\\{closure}()
#39 /var/www/cutera-upgradation/vendor/laravel/framework/src/Illuminate/Foundation/Http/Middleware/TrimStrings.php(40): Illuminate\\Foundation\\Http\\Middleware\\TransformsRequest->handle()
#40 /var/www/cutera-upgradation/vendor/laravel/framework/src/Illuminate/Pipeline/Pipeline.php(167): Illuminate\\Foundation\\Http\\Middleware\\TrimStrings->handle()
#41 /var/www/cutera-upgradation/vendor/laravel/framework/src/Illuminate/Foundation/Http/Middleware/ValidatePostSize.php(27): Illuminate\\Pipeline\\Pipeline->Illuminate\\Pipeline\\{closure}()
#42 /var/www/cutera-upgradation/vendor/laravel/framework/src/Illuminate/Pipeline/Pipeline.php(167): Illuminate\\Foundation\\Http\\Middleware\\ValidatePostSize->handle()
#43 /var/www/cutera-upgradation/vendor/laravel/framework/src/Illuminate/Foundation/Http/Middleware/PreventRequestsDuringMaintenance.php(86): Illuminate\\Pipeline\\Pipeline->Illuminate\\Pipeline\\{closure}()
#44 /var/www/cutera-upgradation/vendor/laravel/framework/src/Illuminate/Pipeline/Pipeline.php(167): Illuminate\\Foundation\\Http\\Middleware\\PreventRequestsDuringMaintenance->handle()
#45 /var/www/cutera-upgradation/vendor/fruitcake/laravel-cors/src/HandleCors.php(38): Illuminate\\Pipeline\\Pipeline->Illuminate\\Pipeline\\{closure}()
#46 /var/www/cutera-upgradation/vendor/laravel/framework/src/Illuminate/Pipeline/Pipeline.php(167): Fruitcake\\Cors\\HandleCors->handle()
#47 /var/www/cutera-upgradation/vendor/laravel/framework/src/Illuminate/Http/Middleware/TrustProxies.php(39): Illuminate\\Pipeline\\Pipeline->Illuminate\\Pipeline\\{closure}()
#48 /var/www/cutera-upgradation/vendor/laravel/framework/src/Illuminate/Pipeline/Pipeline.php(167): Illuminate\\Http\\Middleware\\TrustProxies->handle()
#49 /var/www/cutera-upgradation/vendor/laravel/framework/src/Illuminate/Pipeline/Pipeline.php(103): Illuminate\\Pipeline\\Pipeline->Illuminate\\Pipeline\\{closure}()
#50 /var/www/cutera-upgradation/vendor/laravel/framework/src/Illuminate/Foundation/Http/Kernel.php(142): Illuminate\\Pipeline\\Pipeline->then()
#51 /var/www/cutera-upgradation/vendor/laravel/framework/src/Illuminate/Foundation/Http/Kernel.php(111): Illuminate\\Foundation\\Http\\Kernel->sendRequestThroughRouter()
#52 /var/www/cutera-upgradation/public/index.php(52): Illuminate\\Foundation\\Http\\Kernel->handle()
#53 {main}
"} 
