[2022-03-14 14:08:26] local.ERROR: Unable to prepare route [admin/custom_form_feedbacks/create] for serialization. Another route has already been assigned name [admin.custom_form_feedbacks.create]. {"exception":"[object] (LogicException(code: 0): Unable to prepare route [admin/custom_form_feedbacks/create] for serialization. Another route has already been assigned name [admin.custom_form_feedbacks.create]. at /var/www/cuterav2.test/vendor/laravel/framework/src/Illuminate/Routing/AbstractRouteCollection.php:218)
[stacktrace]
#0 /var/www/cuterav2.test/vendor/laravel/framework/src/Illuminate/Routing/AbstractRouteCollection.php(179): Illuminate\\Routing\\AbstractRouteCollection->addToSymfonyRoutesCollection()
#1 /var/www/cuterav2.test/vendor/laravel/framework/src/Illuminate/Routing/RouteCollection.php(246): Illuminate\\Routing\\AbstractRouteCollection->toSymfonyRouteCollection()
#2 /var/www/cuterav2.test/vendor/laravel/framework/src/Illuminate/Routing/AbstractRouteCollection.php(163): Illuminate\\Routing\\RouteCollection->toSymfonyRouteCollection()
#3 /var/www/cuterav2.test/vendor/laravel/framework/src/Illuminate/Routing/AbstractRouteCollection.php(134): Illuminate\\Routing\\AbstractRouteCollection->dumper()
#4 /var/www/cuterav2.test/vendor/laravel/framework/src/Illuminate/Foundation/Console/RouteCacheCommand.php(107): Illuminate\\Routing\\AbstractRouteCollection->compile()
#5 /var/www/cuterav2.test/vendor/laravel/framework/src/Illuminate/Foundation/Console/RouteCacheCommand.php(66): Illuminate\\Foundation\\Console\\RouteCacheCommand->buildRouteCacheFile()
#6 /var/www/cuterav2.test/vendor/laravel/framework/src/Illuminate/Container/BoundMethod.php(36): Illuminate\\Foundation\\Console\\RouteCacheCommand->handle()
#7 /var/www/cuterav2.test/vendor/laravel/framework/src/Illuminate/Container/Util.php(40): Illuminate\\Container\\BoundMethod::Illuminate\\Container\\{closure}()
#8 /var/www/cuterav2.test/vendor/laravel/framework/src/Illuminate/Container/BoundMethod.php(93): Illuminate\\Container\\Util::unwrapIfClosure()
#9 /var/www/cuterav2.test/vendor/laravel/framework/src/Illuminate/Container/BoundMethod.php(37): Illuminate\\Container\\BoundMethod::callBoundMethod()
#10 /var/www/cuterav2.test/vendor/laravel/framework/src/Illuminate/Container/Container.php(653): Illuminate\\Container\\BoundMethod::call()
#11 /var/www/cuterav2.test/vendor/laravel/framework/src/Illuminate/Console/Command.php(136): Illuminate\\Container\\Container->call()
#12 /var/www/cuterav2.test/vendor/symfony/console/Command/Command.php(298): Illuminate\\Console\\Command->execute()
#13 /var/www/cuterav2.test/vendor/laravel/framework/src/Illuminate/Console/Command.php(121): Symfony\\Component\\Console\\Command\\Command->run()
#14 /var/www/cuterav2.test/vendor/laravel/framework/src/Illuminate/Console/Concerns/CallsCommands.php(68): Illuminate\\Console\\Command->run()
#15 /var/www/cuterav2.test/vendor/laravel/framework/src/Illuminate/Console/Concerns/CallsCommands.php(28): Illuminate\\Console\\Command->runCommand()
#16 /var/www/cuterav2.test/vendor/laravel/framework/src/Illuminate/Foundation/Console/OptimizeCommand.php(31): Illuminate\\Console\\Command->call()
#17 /var/www/cuterav2.test/vendor/laravel/framework/src/Illuminate/Container/BoundMethod.php(36): Illuminate\\Foundation\\Console\\OptimizeCommand->handle()
#18 /var/www/cuterav2.test/vendor/laravel/framework/src/Illuminate/Container/Util.php(40): Illuminate\\Container\\BoundMethod::Illuminate\\Container\\{closure}()
#19 /var/www/cuterav2.test/vendor/laravel/framework/src/Illuminate/Container/BoundMethod.php(93): Illuminate\\Container\\Util::unwrapIfClosure()
#20 /var/www/cuterav2.test/vendor/laravel/framework/src/Illuminate/Container/BoundMethod.php(37): Illuminate\\Container\\BoundMethod::callBoundMethod()
#21 /var/www/cuterav2.test/vendor/laravel/framework/src/Illuminate/Container/Container.php(653): Illuminate\\Container\\BoundMethod::call()
#22 /var/www/cuterav2.test/vendor/laravel/framework/src/Illuminate/Console/Command.php(136): Illuminate\\Container\\Container->call()
#23 /var/www/cuterav2.test/vendor/symfony/console/Command/Command.php(298): Illuminate\\Console\\Command->execute()
#24 /var/www/cuterav2.test/vendor/laravel/framework/src/Illuminate/Console/Command.php(121): Symfony\\Component\\Console\\Command\\Command->run()
#25 /var/www/cuterav2.test/vendor/symfony/console/Application.php(1015): Illuminate\\Console\\Command->run()
#26 /var/www/cuterav2.test/vendor/symfony/console/Application.php(299): Symfony\\Component\\Console\\Application->doRunCommand()
#27 /var/www/cuterav2.test/vendor/symfony/console/Application.php(171): Symfony\\Component\\Console\\Application->doRun()
#28 /var/www/cuterav2.test/vendor/laravel/framework/src/Illuminate/Console/Application.php(94): Symfony\\Component\\Console\\Application->run()
#29 /var/www/cuterav2.test/vendor/laravel/framework/src/Illuminate/Foundation/Console/Kernel.php(129): Illuminate\\Console\\Application->run()
#30 /var/www/cuterav2.test/artisan(37): Illuminate\\Foundation\\Console\\Kernel->handle()
#31 {main}
"} 
[2022-03-15 07:50:39] local.ERROR: Target class [BrandsController] does not exist. {"exception":"[object] (Illuminate\\Contracts\\Container\\BindingResolutionException(code: 0): Target class [BrandsController] does not exist. at /var/www/cuterav2.test/vendor/laravel/framework/src/Illuminate/Container/Container.php:879)
[stacktrace]
#0 /var/www/cuterav2.test/vendor/laravel/framework/src/Illuminate/Container/Container.php(758): Illuminate\\Container\\Container->build()
#1 /var/www/cuterav2.test/vendor/laravel/framework/src/Illuminate/Foundation/Application.php(851): Illuminate\\Container\\Container->resolve()
#2 /var/www/cuterav2.test/vendor/laravel/framework/src/Illuminate/Container/Container.php(694): Illuminate\\Foundation\\Application->resolve()
#3 /var/www/cuterav2.test/vendor/laravel/framework/src/Illuminate/Foundation/Application.php(836): Illuminate\\Container\\Container->make()
#4 /var/www/cuterav2.test/vendor/laravel/framework/src/Illuminate/Routing/Route.php(276): Illuminate\\Foundation\\Application->make()
#5 /var/www/cuterav2.test/vendor/laravel/framework/src/Illuminate/Routing/Route.php(1069): Illuminate\\Routing\\Route->getController()
#6 /var/www/cuterav2.test/vendor/laravel/framework/src/Illuminate/Routing/Route.php(1012): Illuminate\\Routing\\Route->controllerMiddleware()
#7 /var/www/cuterav2.test/vendor/laravel/framework/src/Illuminate/Routing/Router.php(734): Illuminate\\Routing\\Route->gatherMiddleware()
#8 /var/www/cuterav2.test/vendor/laravel/framework/src/Illuminate/Routing/Router.php(714): Illuminate\\Routing\\Router->gatherRouteMiddleware()
#9 /var/www/cuterav2.test/vendor/laravel/framework/src/Illuminate/Routing/Router.php(698): Illuminate\\Routing\\Router->runRouteWithinStack()
#10 /var/www/cuterav2.test/vendor/laravel/framework/src/Illuminate/Routing/Router.php(662): Illuminate\\Routing\\Router->runRoute()
#11 /var/www/cuterav2.test/vendor/laravel/framework/src/Illuminate/Routing/Router.php(651): Illuminate\\Routing\\Router->dispatchToRoute()
#12 /var/www/cuterav2.test/vendor/laravel/framework/src/Illuminate/Foundation/Http/Kernel.php(167): Illuminate\\Routing\\Router->dispatch()
#13 /var/www/cuterav2.test/vendor/laravel/framework/src/Illuminate/Pipeline/Pipeline.php(128): Illuminate\\Foundation\\Http\\Kernel->Illuminate\\Foundation\\Http\\{closure}()
#14 /var/www/cuterav2.test/vendor/laravel/framework/src/Illuminate/Foundation/Http/Middleware/TransformsRequest.php(21): Illuminate\\Pipeline\\Pipeline->Illuminate\\Pipeline\\{closure}()
#15 /var/www/cuterav2.test/vendor/laravel/framework/src/Illuminate/Foundation/Http/Middleware/ConvertEmptyStringsToNull.php(31): Illuminate\\Foundation\\Http\\Middleware\\TransformsRequest->handle()
#16 /var/www/cuterav2.test/vendor/laravel/framework/src/Illuminate/Pipeline/Pipeline.php(167): Illuminate\\Foundation\\Http\\Middleware\\ConvertEmptyStringsToNull->handle()
#17 /var/www/cuterav2.test/vendor/laravel/framework/src/Illuminate/Foundation/Http/Middleware/TransformsRequest.php(21): Illuminate\\Pipeline\\Pipeline->Illuminate\\Pipeline\\{closure}()
#18 /var/www/cuterav2.test/vendor/laravel/framework/src/Illuminate/Foundation/Http/Middleware/TrimStrings.php(40): Illuminate\\Foundation\\Http\\Middleware\\TransformsRequest->handle()
#19 /var/www/cuterav2.test/vendor/laravel/framework/src/Illuminate/Pipeline/Pipeline.php(167): Illuminate\\Foundation\\Http\\Middleware\\TrimStrings->handle()
#20 /var/www/cuterav2.test/vendor/laravel/framework/src/Illuminate/Foundation/Http/Middleware/ValidatePostSize.php(27): Illuminate\\Pipeline\\Pipeline->Illuminate\\Pipeline\\{closure}()
#21 /var/www/cuterav2.test/vendor/laravel/framework/src/Illuminate/Pipeline/Pipeline.php(167): Illuminate\\Foundation\\Http\\Middleware\\ValidatePostSize->handle()
#22 /var/www/cuterav2.test/vendor/laravel/framework/src/Illuminate/Foundation/Http/Middleware/PreventRequestsDuringMaintenance.php(86): Illuminate\\Pipeline\\Pipeline->Illuminate\\Pipeline\\{closure}()
#23 /var/www/cuterav2.test/vendor/laravel/framework/src/Illuminate/Pipeline/Pipeline.php(167): Illuminate\\Foundation\\Http\\Middleware\\PreventRequestsDuringMaintenance->handle()
#24 /var/www/cuterav2.test/vendor/fruitcake/laravel-cors/src/HandleCors.php(38): Illuminate\\Pipeline\\Pipeline->Illuminate\\Pipeline\\{closure}()
#25 /var/www/cuterav2.test/vendor/laravel/framework/src/Illuminate/Pipeline/Pipeline.php(167): Fruitcake\\Cors\\HandleCors->handle()
#26 /var/www/cuterav2.test/vendor/laravel/framework/src/Illuminate/Http/Middleware/TrustProxies.php(39): Illuminate\\Pipeline\\Pipeline->Illuminate\\Pipeline\\{closure}()
#27 /var/www/cuterav2.test/vendor/laravel/framework/src/Illuminate/Pipeline/Pipeline.php(167): Illuminate\\Http\\Middleware\\TrustProxies->handle()
#28 /var/www/cuterav2.test/vendor/laravel/framework/src/Illuminate/Pipeline/Pipeline.php(103): Illuminate\\Pipeline\\Pipeline->Illuminate\\Pipeline\\{closure}()
#29 /var/www/cuterav2.test/vendor/laravel/framework/src/Illuminate/Foundation/Http/Kernel.php(142): Illuminate\\Pipeline\\Pipeline->then()
#30 /var/www/cuterav2.test/vendor/laravel/framework/src/Illuminate/Foundation/Http/Kernel.php(111): Illuminate\\Foundation\\Http\\Kernel->sendRequestThroughRouter()
#31 /var/www/cuterav2.test/public/index.php(52): Illuminate\\Foundation\\Http\\Kernel->handle()
#32 {main}

[previous exception] [object] (ReflectionException(code: -1): Class \"BrandsController\" does not exist at /var/www/cuterav2.test/vendor/laravel/framework/src/Illuminate/Container/Container.php:877)
[stacktrace]
#0 /var/www/cuterav2.test/vendor/laravel/framework/src/Illuminate/Container/Container.php(877): ReflectionClass->__construct()
#1 /var/www/cuterav2.test/vendor/laravel/framework/src/Illuminate/Container/Container.php(758): Illuminate\\Container\\Container->build()
#2 /var/www/cuterav2.test/vendor/laravel/framework/src/Illuminate/Foundation/Application.php(851): Illuminate\\Container\\Container->resolve()
#3 /var/www/cuterav2.test/vendor/laravel/framework/src/Illuminate/Container/Container.php(694): Illuminate\\Foundation\\Application->resolve()
#4 /var/www/cuterav2.test/vendor/laravel/framework/src/Illuminate/Foundation/Application.php(836): Illuminate\\Container\\Container->make()
#5 /var/www/cuterav2.test/vendor/laravel/framework/src/Illuminate/Routing/Route.php(276): Illuminate\\Foundation\\Application->make()
#6 /var/www/cuterav2.test/vendor/laravel/framework/src/Illuminate/Routing/Route.php(1069): Illuminate\\Routing\\Route->getController()
#7 /var/www/cuterav2.test/vendor/laravel/framework/src/Illuminate/Routing/Route.php(1012): Illuminate\\Routing\\Route->controllerMiddleware()
#8 /var/www/cuterav2.test/vendor/laravel/framework/src/Illuminate/Routing/Router.php(734): Illuminate\\Routing\\Route->gatherMiddleware()
#9 /var/www/cuterav2.test/vendor/laravel/framework/src/Illuminate/Routing/Router.php(714): Illuminate\\Routing\\Router->gatherRouteMiddleware()
#10 /var/www/cuterav2.test/vendor/laravel/framework/src/Illuminate/Routing/Router.php(698): Illuminate\\Routing\\Router->runRouteWithinStack()
#11 /var/www/cuterav2.test/vendor/laravel/framework/src/Illuminate/Routing/Router.php(662): Illuminate\\Routing\\Router->runRoute()
#12 /var/www/cuterav2.test/vendor/laravel/framework/src/Illuminate/Routing/Router.php(651): Illuminate\\Routing\\Router->dispatchToRoute()
#13 /var/www/cuterav2.test/vendor/laravel/framework/src/Illuminate/Foundation/Http/Kernel.php(167): Illuminate\\Routing\\Router->dispatch()
#14 /var/www/cuterav2.test/vendor/laravel/framework/src/Illuminate/Pipeline/Pipeline.php(128): Illuminate\\Foundation\\Http\\Kernel->Illuminate\\Foundation\\Http\\{closure}()
#15 /var/www/cuterav2.test/vendor/laravel/framework/src/Illuminate/Foundation/Http/Middleware/TransformsRequest.php(21): Illuminate\\Pipeline\\Pipeline->Illuminate\\Pipeline\\{closure}()
#16 /var/www/cuterav2.test/vendor/laravel/framework/src/Illuminate/Foundation/Http/Middleware/ConvertEmptyStringsToNull.php(31): Illuminate\\Foundation\\Http\\Middleware\\TransformsRequest->handle()
#17 /var/www/cuterav2.test/vendor/laravel/framework/src/Illuminate/Pipeline/Pipeline.php(167): Illuminate\\Foundation\\Http\\Middleware\\ConvertEmptyStringsToNull->handle()
#18 /var/www/cuterav2.test/vendor/laravel/framework/src/Illuminate/Foundation/Http/Middleware/TransformsRequest.php(21): Illuminate\\Pipeline\\Pipeline->Illuminate\\Pipeline\\{closure}()
#19 /var/www/cuterav2.test/vendor/laravel/framework/src/Illuminate/Foundation/Http/Middleware/TrimStrings.php(40): Illuminate\\Foundation\\Http\\Middleware\\TransformsRequest->handle()
#20 /var/www/cuterav2.test/vendor/laravel/framework/src/Illuminate/Pipeline/Pipeline.php(167): Illuminate\\Foundation\\Http\\Middleware\\TrimStrings->handle()
#21 /var/www/cuterav2.test/vendor/laravel/framework/src/Illuminate/Foundation/Http/Middleware/ValidatePostSize.php(27): Illuminate\\Pipeline\\Pipeline->Illuminate\\Pipeline\\{closure}()
#22 /var/www/cuterav2.test/vendor/laravel/framework/src/Illuminate/Pipeline/Pipeline.php(167): Illuminate\\Foundation\\Http\\Middleware\\ValidatePostSize->handle()
#23 /var/www/cuterav2.test/vendor/laravel/framework/src/Illuminate/Foundation/Http/Middleware/PreventRequestsDuringMaintenance.php(86): Illuminate\\Pipeline\\Pipeline->Illuminate\\Pipeline\\{closure}()
#24 /var/www/cuterav2.test/vendor/laravel/framework/src/Illuminate/Pipeline/Pipeline.php(167): Illuminate\\Foundation\\Http\\Middleware\\PreventRequestsDuringMaintenance->handle()
#25 /var/www/cuterav2.test/vendor/fruitcake/laravel-cors/src/HandleCors.php(38): Illuminate\\Pipeline\\Pipeline->Illuminate\\Pipeline\\{closure}()
#26 /var/www/cuterav2.test/vendor/laravel/framework/src/Illuminate/Pipeline/Pipeline.php(167): Fruitcake\\Cors\\HandleCors->handle()
#27 /var/www/cuterav2.test/vendor/laravel/framework/src/Illuminate/Http/Middleware/TrustProxies.php(39): Illuminate\\Pipeline\\Pipeline->Illuminate\\Pipeline\\{closure}()
#28 /var/www/cuterav2.test/vendor/laravel/framework/src/Illuminate/Pipeline/Pipeline.php(167): Illuminate\\Http\\Middleware\\TrustProxies->handle()
#29 /var/www/cuterav2.test/vendor/laravel/framework/src/Illuminate/Pipeline/Pipeline.php(103): Illuminate\\Pipeline\\Pipeline->Illuminate\\Pipeline\\{closure}()
#30 /var/www/cuterav2.test/vendor/laravel/framework/src/Illuminate/Foundation/Http/Kernel.php(142): Illuminate\\Pipeline\\Pipeline->then()
#31 /var/www/cuterav2.test/vendor/laravel/framework/src/Illuminate/Foundation/Http/Kernel.php(111): Illuminate\\Foundation\\Http\\Kernel->sendRequestThroughRouter()
#32 /var/www/cuterav2.test/public/index.php(52): Illuminate\\Foundation\\Http\\Kernel->handle()
#33 {main}
"} 
[2022-03-15 07:56:09] local.ERROR: Class "App\Http\Controllers\Admin\Auth" not found {"userId":1,"exception":"[object] (Error(code: 0): Class \"App\\Http\\Controllers\\Admin\\Auth\" not found at /var/www/cuterav2.test/app/Http/Controllers/Admin/BrandsController.php:19)
[stacktrace]
#0 /var/www/cuterav2.test/vendor/laravel/framework/src/Illuminate/Routing/Controller.php(54): App\\Http\\Controllers\\Admin\\BrandsController->index()
#1 /var/www/cuterav2.test/vendor/laravel/framework/src/Illuminate/Routing/ControllerDispatcher.php(45): Illuminate\\Routing\\Controller->callAction()
#2 /var/www/cuterav2.test/vendor/laravel/framework/src/Illuminate/Routing/Route.php(262): Illuminate\\Routing\\ControllerDispatcher->dispatch()
#3 /var/www/cuterav2.test/vendor/laravel/framework/src/Illuminate/Routing/Route.php(205): Illuminate\\Routing\\Route->runController()
#4 /var/www/cuterav2.test/vendor/laravel/framework/src/Illuminate/Routing/Router.php(721): Illuminate\\Routing\\Route->run()
#5 /var/www/cuterav2.test/vendor/laravel/framework/src/Illuminate/Pipeline/Pipeline.php(128): Illuminate\\Routing\\Router->Illuminate\\Routing\\{closure}()
#6 /var/www/cuterav2.test/app/Http/Middleware/CheckAccountStatus.php(20): Illuminate\\Pipeline\\Pipeline->Illuminate\\Pipeline\\{closure}()
#7 /var/www/cuterav2.test/vendor/laravel/framework/src/Illuminate/Pipeline/Pipeline.php(167): App\\Http\\Middleware\\CheckAccountStatus->handle()
#8 /var/www/cuterav2.test/app/Http/Middleware/AuthenticateApiWeb.php(24): Illuminate\\Pipeline\\Pipeline->Illuminate\\Pipeline\\{closure}()
#9 /var/www/cuterav2.test/vendor/laravel/framework/src/Illuminate/Pipeline/Pipeline.php(167): App\\Http\\Middleware\\AuthenticateApiWeb->handle()
#10 /var/www/cuterav2.test/vendor/laravel/framework/src/Illuminate/Routing/Middleware/SubstituteBindings.php(50): Illuminate\\Pipeline\\Pipeline->Illuminate\\Pipeline\\{closure}()
#11 /var/www/cuterav2.test/vendor/laravel/framework/src/Illuminate/Pipeline/Pipeline.php(167): Illuminate\\Routing\\Middleware\\SubstituteBindings->handle()
#12 /var/www/cuterav2.test/app/Http/Middleware/VerifyCsrfToken.php(32): Illuminate\\Pipeline\\Pipeline->Illuminate\\Pipeline\\{closure}()
#13 /var/www/cuterav2.test/vendor/laravel/framework/src/Illuminate/Pipeline/Pipeline.php(167): App\\Http\\Middleware\\VerifyCsrfToken->handle()
#14 /var/www/cuterav2.test/vendor/laravel/framework/src/Illuminate/View/Middleware/ShareErrorsFromSession.php(49): Illuminate\\Pipeline\\Pipeline->Illuminate\\Pipeline\\{closure}()
#15 /var/www/cuterav2.test/vendor/laravel/framework/src/Illuminate/Pipeline/Pipeline.php(167): Illuminate\\View\\Middleware\\ShareErrorsFromSession->handle()
#16 /var/www/cuterav2.test/vendor/laravel/framework/src/Illuminate/Session/Middleware/StartSession.php(121): Illuminate\\Pipeline\\Pipeline->Illuminate\\Pipeline\\{closure}()
#17 /var/www/cuterav2.test/vendor/laravel/framework/src/Illuminate/Session/Middleware/StartSession.php(64): Illuminate\\Session\\Middleware\\StartSession->handleStatefulRequest()
#18 /var/www/cuterav2.test/vendor/laravel/framework/src/Illuminate/Pipeline/Pipeline.php(167): Illuminate\\Session\\Middleware\\StartSession->handle()
#19 /var/www/cuterav2.test/vendor/laravel/framework/src/Illuminate/Cookie/Middleware/AddQueuedCookiesToResponse.php(37): Illuminate\\Pipeline\\Pipeline->Illuminate\\Pipeline\\{closure}()
#20 /var/www/cuterav2.test/vendor/laravel/framework/src/Illuminate/Pipeline/Pipeline.php(167): Illuminate\\Cookie\\Middleware\\AddQueuedCookiesToResponse->handle()
#21 /var/www/cuterav2.test/vendor/laravel/framework/src/Illuminate/Cookie/Middleware/EncryptCookies.php(67): Illuminate\\Pipeline\\Pipeline->Illuminate\\Pipeline\\{closure}()
#22 /var/www/cuterav2.test/vendor/laravel/framework/src/Illuminate/Pipeline/Pipeline.php(167): Illuminate\\Cookie\\Middleware\\EncryptCookies->handle()
#23 /var/www/cuterav2.test/vendor/laravel/framework/src/Illuminate/Pipeline/Pipeline.php(103): Illuminate\\Pipeline\\Pipeline->Illuminate\\Pipeline\\{closure}()
#24 /var/www/cuterav2.test/vendor/laravel/framework/src/Illuminate/Routing/Router.php(723): Illuminate\\Pipeline\\Pipeline->then()
#25 /var/www/cuterav2.test/vendor/laravel/framework/src/Illuminate/Routing/Router.php(698): Illuminate\\Routing\\Router->runRouteWithinStack()
#26 /var/www/cuterav2.test/vendor/laravel/framework/src/Illuminate/Routing/Router.php(662): Illuminate\\Routing\\Router->runRoute()
#27 /var/www/cuterav2.test/vendor/laravel/framework/src/Illuminate/Routing/Router.php(651): Illuminate\\Routing\\Router->dispatchToRoute()
#28 /var/www/cuterav2.test/vendor/laravel/framework/src/Illuminate/Foundation/Http/Kernel.php(167): Illuminate\\Routing\\Router->dispatch()
#29 /var/www/cuterav2.test/vendor/laravel/framework/src/Illuminate/Pipeline/Pipeline.php(128): Illuminate\\Foundation\\Http\\Kernel->Illuminate\\Foundation\\Http\\{closure}()
#30 /var/www/cuterav2.test/vendor/laravel/framework/src/Illuminate/Foundation/Http/Middleware/TransformsRequest.php(21): Illuminate\\Pipeline\\Pipeline->Illuminate\\Pipeline\\{closure}()
#31 /var/www/cuterav2.test/vendor/laravel/framework/src/Illuminate/Foundation/Http/Middleware/ConvertEmptyStringsToNull.php(31): Illuminate\\Foundation\\Http\\Middleware\\TransformsRequest->handle()
#32 /var/www/cuterav2.test/vendor/laravel/framework/src/Illuminate/Pipeline/Pipeline.php(167): Illuminate\\Foundation\\Http\\Middleware\\ConvertEmptyStringsToNull->handle()
#33 /var/www/cuterav2.test/vendor/laravel/framework/src/Illuminate/Foundation/Http/Middleware/TransformsRequest.php(21): Illuminate\\Pipeline\\Pipeline->Illuminate\\Pipeline\\{closure}()
#34 /var/www/cuterav2.test/vendor/laravel/framework/src/Illuminate/Foundation/Http/Middleware/TrimStrings.php(40): Illuminate\\Foundation\\Http\\Middleware\\TransformsRequest->handle()
#35 /var/www/cuterav2.test/vendor/laravel/framework/src/Illuminate/Pipeline/Pipeline.php(167): Illuminate\\Foundation\\Http\\Middleware\\TrimStrings->handle()
#36 /var/www/cuterav2.test/vendor/laravel/framework/src/Illuminate/Foundation/Http/Middleware/ValidatePostSize.php(27): Illuminate\\Pipeline\\Pipeline->Illuminate\\Pipeline\\{closure}()
#37 /var/www/cuterav2.test/vendor/laravel/framework/src/Illuminate/Pipeline/Pipeline.php(167): Illuminate\\Foundation\\Http\\Middleware\\ValidatePostSize->handle()
#38 /var/www/cuterav2.test/vendor/laravel/framework/src/Illuminate/Foundation/Http/Middleware/PreventRequestsDuringMaintenance.php(86): Illuminate\\Pipeline\\Pipeline->Illuminate\\Pipeline\\{closure}()
#39 /var/www/cuterav2.test/vendor/laravel/framework/src/Illuminate/Pipeline/Pipeline.php(167): Illuminate\\Foundation\\Http\\Middleware\\PreventRequestsDuringMaintenance->handle()
#40 /var/www/cuterav2.test/vendor/fruitcake/laravel-cors/src/HandleCors.php(38): Illuminate\\Pipeline\\Pipeline->Illuminate\\Pipeline\\{closure}()
#41 /var/www/cuterav2.test/vendor/laravel/framework/src/Illuminate/Pipeline/Pipeline.php(167): Fruitcake\\Cors\\HandleCors->handle()
#42 /var/www/cuterav2.test/vendor/laravel/framework/src/Illuminate/Http/Middleware/TrustProxies.php(39): Illuminate\\Pipeline\\Pipeline->Illuminate\\Pipeline\\{closure}()
#43 /var/www/cuterav2.test/vendor/laravel/framework/src/Illuminate/Pipeline/Pipeline.php(167): Illuminate\\Http\\Middleware\\TrustProxies->handle()
#44 /var/www/cuterav2.test/vendor/laravel/framework/src/Illuminate/Pipeline/Pipeline.php(103): Illuminate\\Pipeline\\Pipeline->Illuminate\\Pipeline\\{closure}()
#45 /var/www/cuterav2.test/vendor/laravel/framework/src/Illuminate/Foundation/Http/Kernel.php(142): Illuminate\\Pipeline\\Pipeline->then()
#46 /var/www/cuterav2.test/vendor/laravel/framework/src/Illuminate/Foundation/Http/Kernel.php(111): Illuminate\\Foundation\\Http\\Kernel->sendRequestThroughRouter()
#47 /var/www/cuterav2.test/public/index.php(52): Illuminate\\Foundation\\Http\\Kernel->handle()
#48 {main}
"} 
[2022-03-15 08:42:23] local.ERROR: Target class [BrandsController] does not exist. {"exception":"[object] (Illuminate\\Contracts\\Container\\BindingResolutionException(code: 0): Target class [BrandsController] does not exist. at /var/www/cuterav2.test/vendor/laravel/framework/src/Illuminate/Container/Container.php:879)
[stacktrace]
#0 /var/www/cuterav2.test/vendor/laravel/framework/src/Illuminate/Container/Container.php(758): Illuminate\\Container\\Container->build()
#1 /var/www/cuterav2.test/vendor/laravel/framework/src/Illuminate/Foundation/Application.php(851): Illuminate\\Container\\Container->resolve()
#2 /var/www/cuterav2.test/vendor/laravel/framework/src/Illuminate/Container/Container.php(694): Illuminate\\Foundation\\Application->resolve()
#3 /var/www/cuterav2.test/vendor/laravel/framework/src/Illuminate/Foundation/Application.php(836): Illuminate\\Container\\Container->make()
#4 /var/www/cuterav2.test/vendor/laravel/framework/src/Illuminate/Routing/Route.php(276): Illuminate\\Foundation\\Application->make()
#5 /var/www/cuterav2.test/vendor/laravel/framework/src/Illuminate/Routing/Route.php(1069): Illuminate\\Routing\\Route->getController()
#6 /var/www/cuterav2.test/vendor/laravel/framework/src/Illuminate/Routing/Route.php(1012): Illuminate\\Routing\\Route->controllerMiddleware()
#7 /var/www/cuterav2.test/vendor/laravel/framework/src/Illuminate/Routing/Router.php(734): Illuminate\\Routing\\Route->gatherMiddleware()
#8 /var/www/cuterav2.test/vendor/laravel/framework/src/Illuminate/Routing/Router.php(714): Illuminate\\Routing\\Router->gatherRouteMiddleware()
#9 /var/www/cuterav2.test/vendor/laravel/framework/src/Illuminate/Routing/Router.php(698): Illuminate\\Routing\\Router->runRouteWithinStack()
#10 /var/www/cuterav2.test/vendor/laravel/framework/src/Illuminate/Routing/Router.php(662): Illuminate\\Routing\\Router->runRoute()
#11 /var/www/cuterav2.test/vendor/laravel/framework/src/Illuminate/Routing/Router.php(651): Illuminate\\Routing\\Router->dispatchToRoute()
#12 /var/www/cuterav2.test/vendor/laravel/framework/src/Illuminate/Foundation/Http/Kernel.php(167): Illuminate\\Routing\\Router->dispatch()
#13 /var/www/cuterav2.test/vendor/laravel/framework/src/Illuminate/Pipeline/Pipeline.php(128): Illuminate\\Foundation\\Http\\Kernel->Illuminate\\Foundation\\Http\\{closure}()
#14 /var/www/cuterav2.test/vendor/laravel/framework/src/Illuminate/Foundation/Http/Middleware/TransformsRequest.php(21): Illuminate\\Pipeline\\Pipeline->Illuminate\\Pipeline\\{closure}()
#15 /var/www/cuterav2.test/vendor/laravel/framework/src/Illuminate/Foundation/Http/Middleware/ConvertEmptyStringsToNull.php(31): Illuminate\\Foundation\\Http\\Middleware\\TransformsRequest->handle()
#16 /var/www/cuterav2.test/vendor/laravel/framework/src/Illuminate/Pipeline/Pipeline.php(167): Illuminate\\Foundation\\Http\\Middleware\\ConvertEmptyStringsToNull->handle()
#17 /var/www/cuterav2.test/vendor/laravel/framework/src/Illuminate/Foundation/Http/Middleware/TransformsRequest.php(21): Illuminate\\Pipeline\\Pipeline->Illuminate\\Pipeline\\{closure}()
#18 /var/www/cuterav2.test/vendor/laravel/framework/src/Illuminate/Foundation/Http/Middleware/TrimStrings.php(40): Illuminate\\Foundation\\Http\\Middleware\\TransformsRequest->handle()
#19 /var/www/cuterav2.test/vendor/laravel/framework/src/Illuminate/Pipeline/Pipeline.php(167): Illuminate\\Foundation\\Http\\Middleware\\TrimStrings->handle()
#20 /var/www/cuterav2.test/vendor/laravel/framework/src/Illuminate/Foundation/Http/Middleware/ValidatePostSize.php(27): Illuminate\\Pipeline\\Pipeline->Illuminate\\Pipeline\\{closure}()
#21 /var/www/cuterav2.test/vendor/laravel/framework/src/Illuminate/Pipeline/Pipeline.php(167): Illuminate\\Foundation\\Http\\Middleware\\ValidatePostSize->handle()
#22 /var/www/cuterav2.test/vendor/laravel/framework/src/Illuminate/Foundation/Http/Middleware/PreventRequestsDuringMaintenance.php(86): Illuminate\\Pipeline\\Pipeline->Illuminate\\Pipeline\\{closure}()
#23 /var/www/cuterav2.test/vendor/laravel/framework/src/Illuminate/Pipeline/Pipeline.php(167): Illuminate\\Foundation\\Http\\Middleware\\PreventRequestsDuringMaintenance->handle()
#24 /var/www/cuterav2.test/vendor/fruitcake/laravel-cors/src/HandleCors.php(52): Illuminate\\Pipeline\\Pipeline->Illuminate\\Pipeline\\{closure}()
#25 /var/www/cuterav2.test/vendor/laravel/framework/src/Illuminate/Pipeline/Pipeline.php(167): Fruitcake\\Cors\\HandleCors->handle()
#26 /var/www/cuterav2.test/vendor/laravel/framework/src/Illuminate/Http/Middleware/TrustProxies.php(39): Illuminate\\Pipeline\\Pipeline->Illuminate\\Pipeline\\{closure}()
#27 /var/www/cuterav2.test/vendor/laravel/framework/src/Illuminate/Pipeline/Pipeline.php(167): Illuminate\\Http\\Middleware\\TrustProxies->handle()
#28 /var/www/cuterav2.test/vendor/laravel/framework/src/Illuminate/Pipeline/Pipeline.php(103): Illuminate\\Pipeline\\Pipeline->Illuminate\\Pipeline\\{closure}()
#29 /var/www/cuterav2.test/vendor/laravel/framework/src/Illuminate/Foundation/Http/Kernel.php(142): Illuminate\\Pipeline\\Pipeline->then()
#30 /var/www/cuterav2.test/vendor/laravel/framework/src/Illuminate/Foundation/Http/Kernel.php(111): Illuminate\\Foundation\\Http\\Kernel->sendRequestThroughRouter()
#31 /var/www/cuterav2.test/public/index.php(52): Illuminate\\Foundation\\Http\\Kernel->handle()
#32 {main}

[previous exception] [object] (ReflectionException(code: -1): Class \"BrandsController\" does not exist at /var/www/cuterav2.test/vendor/laravel/framework/src/Illuminate/Container/Container.php:877)
[stacktrace]
#0 /var/www/cuterav2.test/vendor/laravel/framework/src/Illuminate/Container/Container.php(877): ReflectionClass->__construct()
#1 /var/www/cuterav2.test/vendor/laravel/framework/src/Illuminate/Container/Container.php(758): Illuminate\\Container\\Container->build()
#2 /var/www/cuterav2.test/vendor/laravel/framework/src/Illuminate/Foundation/Application.php(851): Illuminate\\Container\\Container->resolve()
#3 /var/www/cuterav2.test/vendor/laravel/framework/src/Illuminate/Container/Container.php(694): Illuminate\\Foundation\\Application->resolve()
#4 /var/www/cuterav2.test/vendor/laravel/framework/src/Illuminate/Foundation/Application.php(836): Illuminate\\Container\\Container->make()
#5 /var/www/cuterav2.test/vendor/laravel/framework/src/Illuminate/Routing/Route.php(276): Illuminate\\Foundation\\Application->make()
#6 /var/www/cuterav2.test/vendor/laravel/framework/src/Illuminate/Routing/Route.php(1069): Illuminate\\Routing\\Route->getController()
#7 /var/www/cuterav2.test/vendor/laravel/framework/src/Illuminate/Routing/Route.php(1012): Illuminate\\Routing\\Route->controllerMiddleware()
#8 /var/www/cuterav2.test/vendor/laravel/framework/src/Illuminate/Routing/Router.php(734): Illuminate\\Routing\\Route->gatherMiddleware()
#9 /var/www/cuterav2.test/vendor/laravel/framework/src/Illuminate/Routing/Router.php(714): Illuminate\\Routing\\Router->gatherRouteMiddleware()
#10 /var/www/cuterav2.test/vendor/laravel/framework/src/Illuminate/Routing/Router.php(698): Illuminate\\Routing\\Router->runRouteWithinStack()
#11 /var/www/cuterav2.test/vendor/laravel/framework/src/Illuminate/Routing/Router.php(662): Illuminate\\Routing\\Router->runRoute()
#12 /var/www/cuterav2.test/vendor/laravel/framework/src/Illuminate/Routing/Router.php(651): Illuminate\\Routing\\Router->dispatchToRoute()
#13 /var/www/cuterav2.test/vendor/laravel/framework/src/Illuminate/Foundation/Http/Kernel.php(167): Illuminate\\Routing\\Router->dispatch()
#14 /var/www/cuterav2.test/vendor/laravel/framework/src/Illuminate/Pipeline/Pipeline.php(128): Illuminate\\Foundation\\Http\\Kernel->Illuminate\\Foundation\\Http\\{closure}()
#15 /var/www/cuterav2.test/vendor/laravel/framework/src/Illuminate/Foundation/Http/Middleware/TransformsRequest.php(21): Illuminate\\Pipeline\\Pipeline->Illuminate\\Pipeline\\{closure}()
#16 /var/www/cuterav2.test/vendor/laravel/framework/src/Illuminate/Foundation/Http/Middleware/ConvertEmptyStringsToNull.php(31): Illuminate\\Foundation\\Http\\Middleware\\TransformsRequest->handle()
#17 /var/www/cuterav2.test/vendor/laravel/framework/src/Illuminate/Pipeline/Pipeline.php(167): Illuminate\\Foundation\\Http\\Middleware\\ConvertEmptyStringsToNull->handle()
#18 /var/www/cuterav2.test/vendor/laravel/framework/src/Illuminate/Foundation/Http/Middleware/TransformsRequest.php(21): Illuminate\\Pipeline\\Pipeline->Illuminate\\Pipeline\\{closure}()
#19 /var/www/cuterav2.test/vendor/laravel/framework/src/Illuminate/Foundation/Http/Middleware/TrimStrings.php(40): Illuminate\\Foundation\\Http\\Middleware\\TransformsRequest->handle()
#20 /var/www/cuterav2.test/vendor/laravel/framework/src/Illuminate/Pipeline/Pipeline.php(167): Illuminate\\Foundation\\Http\\Middleware\\TrimStrings->handle()
#21 /var/www/cuterav2.test/vendor/laravel/framework/src/Illuminate/Foundation/Http/Middleware/ValidatePostSize.php(27): Illuminate\\Pipeline\\Pipeline->Illuminate\\Pipeline\\{closure}()
#22 /var/www/cuterav2.test/vendor/laravel/framework/src/Illuminate/Pipeline/Pipeline.php(167): Illuminate\\Foundation\\Http\\Middleware\\ValidatePostSize->handle()
#23 /var/www/cuterav2.test/vendor/laravel/framework/src/Illuminate/Foundation/Http/Middleware/PreventRequestsDuringMaintenance.php(86): Illuminate\\Pipeline\\Pipeline->Illuminate\\Pipeline\\{closure}()
#24 /var/www/cuterav2.test/vendor/laravel/framework/src/Illuminate/Pipeline/Pipeline.php(167): Illuminate\\Foundation\\Http\\Middleware\\PreventRequestsDuringMaintenance->handle()
#25 /var/www/cuterav2.test/vendor/fruitcake/laravel-cors/src/HandleCors.php(52): Illuminate\\Pipeline\\Pipeline->Illuminate\\Pipeline\\{closure}()
#26 /var/www/cuterav2.test/vendor/laravel/framework/src/Illuminate/Pipeline/Pipeline.php(167): Fruitcake\\Cors\\HandleCors->handle()
#27 /var/www/cuterav2.test/vendor/laravel/framework/src/Illuminate/Http/Middleware/TrustProxies.php(39): Illuminate\\Pipeline\\Pipeline->Illuminate\\Pipeline\\{closure}()
#28 /var/www/cuterav2.test/vendor/laravel/framework/src/Illuminate/Pipeline/Pipeline.php(167): Illuminate\\Http\\Middleware\\TrustProxies->handle()
#29 /var/www/cuterav2.test/vendor/laravel/framework/src/Illuminate/Pipeline/Pipeline.php(103): Illuminate\\Pipeline\\Pipeline->Illuminate\\Pipeline\\{closure}()
#30 /var/www/cuterav2.test/vendor/laravel/framework/src/Illuminate/Foundation/Http/Kernel.php(142): Illuminate\\Pipeline\\Pipeline->then()
#31 /var/www/cuterav2.test/vendor/laravel/framework/src/Illuminate/Foundation/Http/Kernel.php(111): Illuminate\\Foundation\\Http\\Kernel->sendRequestThroughRouter()
#32 /var/www/cuterav2.test/public/index.php(52): Illuminate\\Foundation\\Http\\Kernel->handle()
#33 {main}
"} 
[2022-03-15 08:45:24] local.ERROR: Route [admin.appoinproductstments.index] not defined. (View: /var/www/cuterav2.test/resources/views/admin/partials/sidebar.blade.php) {"view":{"view":"/var/www/cuterav2.test/vendor/laravel/framework/src/Illuminate/Routing/UrlGenerator.php","data":[]},"userId":1,"exception":"[object] (Facade\\Ignition\\Exceptions\\ViewException(code: 0): Route [admin.appoinproductstments.index] not defined. (View: /var/www/cuterav2.test/resources/views/admin/partials/sidebar.blade.php) at /var/www/cuterav2.test/vendor/laravel/framework/src/Illuminate/Routing/UrlGenerator.php:444)
[stacktrace]
#0 /var/www/cuterav2.test/vendor/laravel/framework/src/Illuminate/Foundation/helpers.php(739): Illuminate\\Routing\\UrlGenerator->route()
#1 /var/www/cuterav2.test/resources/views/admin/partials/sidebar.blade.php(809): route()
#2 /var/www/cuterav2.test/vendor/laravel/framework/src/Illuminate/Filesystem/Filesystem.php(107): require('...')
#3 /var/www/cuterav2.test/vendor/laravel/framework/src/Illuminate/Filesystem/Filesystem.php(108): Illuminate\\Filesystem\\Filesystem::Illuminate\\Filesystem\\{closure}()
#4 /var/www/cuterav2.test/vendor/laravel/framework/src/Illuminate/View/Engines/PhpEngine.php(58): Illuminate\\Filesystem\\Filesystem->getRequire()
#5 /var/www/cuterav2.test/vendor/laravel/framework/src/Illuminate/View/Engines/CompilerEngine.php(61): Illuminate\\View\\Engines\\PhpEngine->evaluatePath()
#6 /var/www/cuterav2.test/vendor/facade/ignition/src/Views/Engines/CompilerEngine.php(37): Illuminate\\View\\Engines\\CompilerEngine->get()
#7 /var/www/cuterav2.test/vendor/laravel/framework/src/Illuminate/View/View.php(139): Facade\\Ignition\\Views\\Engines\\CompilerEngine->get()
#8 /var/www/cuterav2.test/vendor/laravel/framework/src/Illuminate/View/View.php(122): Illuminate\\View\\View->getContents()
#9 /var/www/cuterav2.test/vendor/laravel/framework/src/Illuminate/View/View.php(91): Illuminate\\View\\View->renderContents()
#10 /var/www/cuterav2.test/resources/views/admin/layouts/master.blade.php(49): Illuminate\\View\\View->render()
#11 /var/www/cuterav2.test/vendor/laravel/framework/src/Illuminate/Filesystem/Filesystem.php(107): require('...')
#12 /var/www/cuterav2.test/vendor/laravel/framework/src/Illuminate/Filesystem/Filesystem.php(108): Illuminate\\Filesystem\\Filesystem::Illuminate\\Filesystem\\{closure}()
#13 /var/www/cuterav2.test/vendor/laravel/framework/src/Illuminate/View/Engines/PhpEngine.php(58): Illuminate\\Filesystem\\Filesystem->getRequire()
#14 /var/www/cuterav2.test/vendor/laravel/framework/src/Illuminate/View/Engines/CompilerEngine.php(61): Illuminate\\View\\Engines\\PhpEngine->evaluatePath()
#15 /var/www/cuterav2.test/vendor/facade/ignition/src/Views/Engines/CompilerEngine.php(37): Illuminate\\View\\Engines\\CompilerEngine->get()
#16 /var/www/cuterav2.test/vendor/laravel/framework/src/Illuminate/View/View.php(139): Facade\\Ignition\\Views\\Engines\\CompilerEngine->get()
#17 /var/www/cuterav2.test/vendor/laravel/framework/src/Illuminate/View/View.php(122): Illuminate\\View\\View->getContents()
#18 /var/www/cuterav2.test/vendor/laravel/framework/src/Illuminate/View/View.php(91): Illuminate\\View\\View->renderContents()
#19 /var/www/cuterav2.test/resources/views/admin/brands/index.blade.php(103): Illuminate\\View\\View->render()
#20 /var/www/cuterav2.test/vendor/laravel/framework/src/Illuminate/Filesystem/Filesystem.php(107): require('...')
#21 /var/www/cuterav2.test/vendor/laravel/framework/src/Illuminate/Filesystem/Filesystem.php(108): Illuminate\\Filesystem\\Filesystem::Illuminate\\Filesystem\\{closure}()
#22 /var/www/cuterav2.test/vendor/laravel/framework/src/Illuminate/View/Engines/PhpEngine.php(58): Illuminate\\Filesystem\\Filesystem->getRequire()
#23 /var/www/cuterav2.test/vendor/laravel/framework/src/Illuminate/View/Engines/CompilerEngine.php(61): Illuminate\\View\\Engines\\PhpEngine->evaluatePath()
#24 /var/www/cuterav2.test/vendor/facade/ignition/src/Views/Engines/CompilerEngine.php(37): Illuminate\\View\\Engines\\CompilerEngine->get()
#25 /var/www/cuterav2.test/vendor/laravel/framework/src/Illuminate/View/View.php(139): Facade\\Ignition\\Views\\Engines\\CompilerEngine->get()
#26 /var/www/cuterav2.test/vendor/laravel/framework/src/Illuminate/View/View.php(122): Illuminate\\View\\View->getContents()
#27 /var/www/cuterav2.test/vendor/laravel/framework/src/Illuminate/View/View.php(91): Illuminate\\View\\View->renderContents()
#28 /var/www/cuterav2.test/vendor/laravel/framework/src/Illuminate/Http/Response.php(69): Illuminate\\View\\View->render()
#29 /var/www/cuterav2.test/vendor/laravel/framework/src/Illuminate/Http/Response.php(35): Illuminate\\Http\\Response->setContent()
#30 /var/www/cuterav2.test/vendor/laravel/framework/src/Illuminate/Routing/Router.php(820): Illuminate\\Http\\Response->__construct()
#31 /var/www/cuterav2.test/vendor/laravel/framework/src/Illuminate/Routing/Router.php(789): Illuminate\\Routing\\Router::toResponse()
#32 /var/www/cuterav2.test/vendor/laravel/framework/src/Illuminate/Routing/Router.php(721): Illuminate\\Routing\\Router->prepareResponse()
#33 /var/www/cuterav2.test/vendor/laravel/framework/src/Illuminate/Pipeline/Pipeline.php(128): Illuminate\\Routing\\Router->Illuminate\\Routing\\{closure}()
#34 /var/www/cuterav2.test/app/Http/Middleware/CheckAccountStatus.php(20): Illuminate\\Pipeline\\Pipeline->Illuminate\\Pipeline\\{closure}()
#35 /var/www/cuterav2.test/vendor/laravel/framework/src/Illuminate/Pipeline/Pipeline.php(167): App\\Http\\Middleware\\CheckAccountStatus->handle()
#36 /var/www/cuterav2.test/app/Http/Middleware/AuthenticateApiWeb.php(24): Illuminate\\Pipeline\\Pipeline->Illuminate\\Pipeline\\{closure}()
#37 /var/www/cuterav2.test/vendor/laravel/framework/src/Illuminate/Pipeline/Pipeline.php(167): App\\Http\\Middleware\\AuthenticateApiWeb->handle()
#38 /var/www/cuterav2.test/vendor/laravel/framework/src/Illuminate/Routing/Middleware/SubstituteBindings.php(50): Illuminate\\Pipeline\\Pipeline->Illuminate\\Pipeline\\{closure}()
#39 /var/www/cuterav2.test/vendor/laravel/framework/src/Illuminate/Pipeline/Pipeline.php(167): Illuminate\\Routing\\Middleware\\SubstituteBindings->handle()
#40 /var/www/cuterav2.test/app/Http/Middleware/VerifyCsrfToken.php(32): Illuminate\\Pipeline\\Pipeline->Illuminate\\Pipeline\\{closure}()
#41 /var/www/cuterav2.test/vendor/laravel/framework/src/Illuminate/Pipeline/Pipeline.php(167): App\\Http\\Middleware\\VerifyCsrfToken->handle()
#42 /var/www/cuterav2.test/vendor/laravel/framework/src/Illuminate/View/Middleware/ShareErrorsFromSession.php(49): Illuminate\\Pipeline\\Pipeline->Illuminate\\Pipeline\\{closure}()
#43 /var/www/cuterav2.test/vendor/laravel/framework/src/Illuminate/Pipeline/Pipeline.php(167): Illuminate\\View\\Middleware\\ShareErrorsFromSession->handle()
#44 /var/www/cuterav2.test/vendor/laravel/framework/src/Illuminate/Session/Middleware/StartSession.php(121): Illuminate\\Pipeline\\Pipeline->Illuminate\\Pipeline\\{closure}()
#45 /var/www/cuterav2.test/vendor/laravel/framework/src/Illuminate/Session/Middleware/StartSession.php(64): Illuminate\\Session\\Middleware\\StartSession->handleStatefulRequest()
#46 /var/www/cuterav2.test/vendor/laravel/framework/src/Illuminate/Pipeline/Pipeline.php(167): Illuminate\\Session\\Middleware\\StartSession->handle()
#47 /var/www/cuterav2.test/vendor/laravel/framework/src/Illuminate/Cookie/Middleware/AddQueuedCookiesToResponse.php(37): Illuminate\\Pipeline\\Pipeline->Illuminate\\Pipeline\\{closure}()
#48 /var/www/cuterav2.test/vendor/laravel/framework/src/Illuminate/Pipeline/Pipeline.php(167): Illuminate\\Cookie\\Middleware\\AddQueuedCookiesToResponse->handle()
#49 /var/www/cuterav2.test/vendor/laravel/framework/src/Illuminate/Cookie/Middleware/EncryptCookies.php(67): Illuminate\\Pipeline\\Pipeline->Illuminate\\Pipeline\\{closure}()
#50 /var/www/cuterav2.test/vendor/laravel/framework/src/Illuminate/Pipeline/Pipeline.php(167): Illuminate\\Cookie\\Middleware\\EncryptCookies->handle()
#51 /var/www/cuterav2.test/vendor/laravel/framework/src/Illuminate/Pipeline/Pipeline.php(103): Illuminate\\Pipeline\\Pipeline->Illuminate\\Pipeline\\{closure}()
#52 /var/www/cuterav2.test/vendor/laravel/framework/src/Illuminate/Routing/Router.php(723): Illuminate\\Pipeline\\Pipeline->then()
#53 /var/www/cuterav2.test/vendor/laravel/framework/src/Illuminate/Routing/Router.php(698): Illuminate\\Routing\\Router->runRouteWithinStack()
#54 /var/www/cuterav2.test/vendor/laravel/framework/src/Illuminate/Routing/Router.php(662): Illuminate\\Routing\\Router->runRoute()
#55 /var/www/cuterav2.test/vendor/laravel/framework/src/Illuminate/Routing/Router.php(651): Illuminate\\Routing\\Router->dispatchToRoute()
#56 /var/www/cuterav2.test/vendor/laravel/framework/src/Illuminate/Foundation/Http/Kernel.php(167): Illuminate\\Routing\\Router->dispatch()
#57 /var/www/cuterav2.test/vendor/laravel/framework/src/Illuminate/Pipeline/Pipeline.php(128): Illuminate\\Foundation\\Http\\Kernel->Illuminate\\Foundation\\Http\\{closure}()
#58 /var/www/cuterav2.test/vendor/laravel/framework/src/Illuminate/Foundation/Http/Middleware/TransformsRequest.php(21): Illuminate\\Pipeline\\Pipeline->Illuminate\\Pipeline\\{closure}()
#59 /var/www/cuterav2.test/vendor/laravel/framework/src/Illuminate/Foundation/Http/Middleware/ConvertEmptyStringsToNull.php(31): Illuminate\\Foundation\\Http\\Middleware\\TransformsRequest->handle()
#60 /var/www/cuterav2.test/vendor/laravel/framework/src/Illuminate/Pipeline/Pipeline.php(167): Illuminate\\Foundation\\Http\\Middleware\\ConvertEmptyStringsToNull->handle()
#61 /var/www/cuterav2.test/vendor/laravel/framework/src/Illuminate/Foundation/Http/Middleware/TransformsRequest.php(21): Illuminate\\Pipeline\\Pipeline->Illuminate\\Pipeline\\{closure}()
#62 /var/www/cuterav2.test/vendor/laravel/framework/src/Illuminate/Foundation/Http/Middleware/TrimStrings.php(40): Illuminate\\Foundation\\Http\\Middleware\\TransformsRequest->handle()
#63 /var/www/cuterav2.test/vendor/laravel/framework/src/Illuminate/Pipeline/Pipeline.php(167): Illuminate\\Foundation\\Http\\Middleware\\TrimStrings->handle()
#64 /var/www/cuterav2.test/vendor/laravel/framework/src/Illuminate/Foundation/Http/Middleware/ValidatePostSize.php(27): Illuminate\\Pipeline\\Pipeline->Illuminate\\Pipeline\\{closure}()
#65 /var/www/cuterav2.test/vendor/laravel/framework/src/Illuminate/Pipeline/Pipeline.php(167): Illuminate\\Foundation\\Http\\Middleware\\ValidatePostSize->handle()
#66 /var/www/cuterav2.test/vendor/laravel/framework/src/Illuminate/Foundation/Http/Middleware/PreventRequestsDuringMaintenance.php(86): Illuminate\\Pipeline\\Pipeline->Illuminate\\Pipeline\\{closure}()
#67 /var/www/cuterav2.test/vendor/laravel/framework/src/Illuminate/Pipeline/Pipeline.php(167): Illuminate\\Foundation\\Http\\Middleware\\PreventRequestsDuringMaintenance->handle()
#68 /var/www/cuterav2.test/vendor/fruitcake/laravel-cors/src/HandleCors.php(38): Illuminate\\Pipeline\\Pipeline->Illuminate\\Pipeline\\{closure}()
#69 /var/www/cuterav2.test/vendor/laravel/framework/src/Illuminate/Pipeline/Pipeline.php(167): Fruitcake\\Cors\\HandleCors->handle()
#70 /var/www/cuterav2.test/vendor/laravel/framework/src/Illuminate/Http/Middleware/TrustProxies.php(39): Illuminate\\Pipeline\\Pipeline->Illuminate\\Pipeline\\{closure}()
#71 /var/www/cuterav2.test/vendor/laravel/framework/src/Illuminate/Pipeline/Pipeline.php(167): Illuminate\\Http\\Middleware\\TrustProxies->handle()
#72 /var/www/cuterav2.test/vendor/laravel/framework/src/Illuminate/Pipeline/Pipeline.php(103): Illuminate\\Pipeline\\Pipeline->Illuminate\\Pipeline\\{closure}()
#73 /var/www/cuterav2.test/vendor/laravel/framework/src/Illuminate/Foundation/Http/Kernel.php(142): Illuminate\\Pipeline\\Pipeline->then()
#74 /var/www/cuterav2.test/vendor/laravel/framework/src/Illuminate/Foundation/Http/Kernel.php(111): Illuminate\\Foundation\\Http\\Kernel->sendRequestThroughRouter()
#75 /var/www/cuterav2.test/public/index.php(52): Illuminate\\Foundation\\Http\\Kernel->handle()
#76 {main}

[previous exception] [object] (Symfony\\Component\\Routing\\Exception\\RouteNotFoundException(code: 0): Route [admin.appoinproductstments.index] not defined. at /var/www/cuterav2.test/vendor/laravel/framework/src/Illuminate/Routing/UrlGenerator.php:444)
[stacktrace]
#0 /var/www/cuterav2.test/vendor/laravel/framework/src/Illuminate/Foundation/helpers.php(739): Illuminate\\Routing\\UrlGenerator->route()
#1 /var/www/cuterav2.test/storage/framework/views/8e07edb5736ae1d15e1f3177e80b367dafd9a955.php(809): route()
#2 /var/www/cuterav2.test/vendor/laravel/framework/src/Illuminate/Filesystem/Filesystem.php(107): require('...')
#3 /var/www/cuterav2.test/vendor/laravel/framework/src/Illuminate/Filesystem/Filesystem.php(108): Illuminate\\Filesystem\\Filesystem::Illuminate\\Filesystem\\{closure}()
#4 /var/www/cuterav2.test/vendor/laravel/framework/src/Illuminate/View/Engines/PhpEngine.php(58): Illuminate\\Filesystem\\Filesystem->getRequire()
#5 /var/www/cuterav2.test/vendor/laravel/framework/src/Illuminate/View/Engines/CompilerEngine.php(61): Illuminate\\View\\Engines\\PhpEngine->evaluatePath()
#6 /var/www/cuterav2.test/vendor/facade/ignition/src/Views/Engines/CompilerEngine.php(37): Illuminate\\View\\Engines\\CompilerEngine->get()
#7 /var/www/cuterav2.test/vendor/laravel/framework/src/Illuminate/View/View.php(139): Facade\\Ignition\\Views\\Engines\\CompilerEngine->get()
#8 /var/www/cuterav2.test/vendor/laravel/framework/src/Illuminate/View/View.php(122): Illuminate\\View\\View->getContents()
#9 /var/www/cuterav2.test/vendor/laravel/framework/src/Illuminate/View/View.php(91): Illuminate\\View\\View->renderContents()
#10 /var/www/cuterav2.test/storage/framework/views/d0b07d4492fcda5d2ec0e96aea10aa0d56925ba4.php(49): Illuminate\\View\\View->render()
#11 /var/www/cuterav2.test/vendor/laravel/framework/src/Illuminate/Filesystem/Filesystem.php(107): require('...')
#12 /var/www/cuterav2.test/vendor/laravel/framework/src/Illuminate/Filesystem/Filesystem.php(108): Illuminate\\Filesystem\\Filesystem::Illuminate\\Filesystem\\{closure}()
#13 /var/www/cuterav2.test/vendor/laravel/framework/src/Illuminate/View/Engines/PhpEngine.php(58): Illuminate\\Filesystem\\Filesystem->getRequire()
#14 /var/www/cuterav2.test/vendor/laravel/framework/src/Illuminate/View/Engines/CompilerEngine.php(61): Illuminate\\View\\Engines\\PhpEngine->evaluatePath()
#15 /var/www/cuterav2.test/vendor/facade/ignition/src/Views/Engines/CompilerEngine.php(37): Illuminate\\View\\Engines\\CompilerEngine->get()
#16 /var/www/cuterav2.test/vendor/laravel/framework/src/Illuminate/View/View.php(139): Facade\\Ignition\\Views\\Engines\\CompilerEngine->get()
#17 /var/www/cuterav2.test/vendor/laravel/framework/src/Illuminate/View/View.php(122): Illuminate\\View\\View->getContents()
#18 /var/www/cuterav2.test/vendor/laravel/framework/src/Illuminate/View/View.php(91): Illuminate\\View\\View->renderContents()
#19 /var/www/cuterav2.test/storage/framework/views/56669da242d230f117624b092d71ee8823549096.php(103): Illuminate\\View\\View->render()
#20 /var/www/cuterav2.test/vendor/laravel/framework/src/Illuminate/Filesystem/Filesystem.php(107): require('...')
#21 /var/www/cuterav2.test/vendor/laravel/framework/src/Illuminate/Filesystem/Filesystem.php(108): Illuminate\\Filesystem\\Filesystem::Illuminate\\Filesystem\\{closure}()
#22 /var/www/cuterav2.test/vendor/laravel/framework/src/Illuminate/View/Engines/PhpEngine.php(58): Illuminate\\Filesystem\\Filesystem->getRequire()
#23 /var/www/cuterav2.test/vendor/laravel/framework/src/Illuminate/View/Engines/CompilerEngine.php(61): Illuminate\\View\\Engines\\PhpEngine->evaluatePath()
#24 /var/www/cuterav2.test/vendor/facade/ignition/src/Views/Engines/CompilerEngine.php(37): Illuminate\\View\\Engines\\CompilerEngine->get()
#25 /var/www/cuterav2.test/vendor/laravel/framework/src/Illuminate/View/View.php(139): Facade\\Ignition\\Views\\Engines\\CompilerEngine->get()
#26 /var/www/cuterav2.test/vendor/laravel/framework/src/Illuminate/View/View.php(122): Illuminate\\View\\View->getContents()
#27 /var/www/cuterav2.test/vendor/laravel/framework/src/Illuminate/View/View.php(91): Illuminate\\View\\View->renderContents()
#28 /var/www/cuterav2.test/vendor/laravel/framework/src/Illuminate/Http/Response.php(69): Illuminate\\View\\View->render()
#29 /var/www/cuterav2.test/vendor/laravel/framework/src/Illuminate/Http/Response.php(35): Illuminate\\Http\\Response->setContent()
#30 /var/www/cuterav2.test/vendor/laravel/framework/src/Illuminate/Routing/Router.php(820): Illuminate\\Http\\Response->__construct()
#31 /var/www/cuterav2.test/vendor/laravel/framework/src/Illuminate/Routing/Router.php(789): Illuminate\\Routing\\Router::toResponse()
#32 /var/www/cuterav2.test/vendor/laravel/framework/src/Illuminate/Routing/Router.php(721): Illuminate\\Routing\\Router->prepareResponse()
#33 /var/www/cuterav2.test/vendor/laravel/framework/src/Illuminate/Pipeline/Pipeline.php(128): Illuminate\\Routing\\Router->Illuminate\\Routing\\{closure}()
#34 /var/www/cuterav2.test/app/Http/Middleware/CheckAccountStatus.php(20): Illuminate\\Pipeline\\Pipeline->Illuminate\\Pipeline\\{closure}()
#35 /var/www/cuterav2.test/vendor/laravel/framework/src/Illuminate/Pipeline/Pipeline.php(167): App\\Http\\Middleware\\CheckAccountStatus->handle()
#36 /var/www/cuterav2.test/app/Http/Middleware/AuthenticateApiWeb.php(24): Illuminate\\Pipeline\\Pipeline->Illuminate\\Pipeline\\{closure}()
#37 /var/www/cuterav2.test/vendor/laravel/framework/src/Illuminate/Pipeline/Pipeline.php(167): App\\Http\\Middleware\\AuthenticateApiWeb->handle()
#38 /var/www/cuterav2.test/vendor/laravel/framework/src/Illuminate/Routing/Middleware/SubstituteBindings.php(50): Illuminate\\Pipeline\\Pipeline->Illuminate\\Pipeline\\{closure}()
#39 /var/www/cuterav2.test/vendor/laravel/framework/src/Illuminate/Pipeline/Pipeline.php(167): Illuminate\\Routing\\Middleware\\SubstituteBindings->handle()
#40 /var/www/cuterav2.test/app/Http/Middleware/VerifyCsrfToken.php(32): Illuminate\\Pipeline\\Pipeline->Illuminate\\Pipeline\\{closure}()
#41 /var/www/cuterav2.test/vendor/laravel/framework/src/Illuminate/Pipeline/Pipeline.php(167): App\\Http\\Middleware\\VerifyCsrfToken->handle()
#42 /var/www/cuterav2.test/vendor/laravel/framework/src/Illuminate/View/Middleware/ShareErrorsFromSession.php(49): Illuminate\\Pipeline\\Pipeline->Illuminate\\Pipeline\\{closure}()
#43 /var/www/cuterav2.test/vendor/laravel/framework/src/Illuminate/Pipeline/Pipeline.php(167): Illuminate\\View\\Middleware\\ShareErrorsFromSession->handle()
#44 /var/www/cuterav2.test/vendor/laravel/framework/src/Illuminate/Session/Middleware/StartSession.php(121): Illuminate\\Pipeline\\Pipeline->Illuminate\\Pipeline\\{closure}()
#45 /var/www/cuterav2.test/vendor/laravel/framework/src/Illuminate/Session/Middleware/StartSession.php(64): Illuminate\\Session\\Middleware\\StartSession->handleStatefulRequest()
#46 /var/www/cuterav2.test/vendor/laravel/framework/src/Illuminate/Pipeline/Pipeline.php(167): Illuminate\\Session\\Middleware\\StartSession->handle()
#47 /var/www/cuterav2.test/vendor/laravel/framework/src/Illuminate/Cookie/Middleware/AddQueuedCookiesToResponse.php(37): Illuminate\\Pipeline\\Pipeline->Illuminate\\Pipeline\\{closure}()
#48 /var/www/cuterav2.test/vendor/laravel/framework/src/Illuminate/Pipeline/Pipeline.php(167): Illuminate\\Cookie\\Middleware\\AddQueuedCookiesToResponse->handle()
#49 /var/www/cuterav2.test/vendor/laravel/framework/src/Illuminate/Cookie/Middleware/EncryptCookies.php(67): Illuminate\\Pipeline\\Pipeline->Illuminate\\Pipeline\\{closure}()
#50 /var/www/cuterav2.test/vendor/laravel/framework/src/Illuminate/Pipeline/Pipeline.php(167): Illuminate\\Cookie\\Middleware\\EncryptCookies->handle()
#51 /var/www/cuterav2.test/vendor/laravel/framework/src/Illuminate/Pipeline/Pipeline.php(103): Illuminate\\Pipeline\\Pipeline->Illuminate\\Pipeline\\{closure}()
#52 /var/www/cuterav2.test/vendor/laravel/framework/src/Illuminate/Routing/Router.php(723): Illuminate\\Pipeline\\Pipeline->then()
#53 /var/www/cuterav2.test/vendor/laravel/framework/src/Illuminate/Routing/Router.php(698): Illuminate\\Routing\\Router->runRouteWithinStack()
#54 /var/www/cuterav2.test/vendor/laravel/framework/src/Illuminate/Routing/Router.php(662): Illuminate\\Routing\\Router->runRoute()
#55 /var/www/cuterav2.test/vendor/laravel/framework/src/Illuminate/Routing/Router.php(651): Illuminate\\Routing\\Router->dispatchToRoute()
#56 /var/www/cuterav2.test/vendor/laravel/framework/src/Illuminate/Foundation/Http/Kernel.php(167): Illuminate\\Routing\\Router->dispatch()
#57 /var/www/cuterav2.test/vendor/laravel/framework/src/Illuminate/Pipeline/Pipeline.php(128): Illuminate\\Foundation\\Http\\Kernel->Illuminate\\Foundation\\Http\\{closure}()
#58 /var/www/cuterav2.test/vendor/laravel/framework/src/Illuminate/Foundation/Http/Middleware/TransformsRequest.php(21): Illuminate\\Pipeline\\Pipeline->Illuminate\\Pipeline\\{closure}()
#59 /var/www/cuterav2.test/vendor/laravel/framework/src/Illuminate/Foundation/Http/Middleware/ConvertEmptyStringsToNull.php(31): Illuminate\\Foundation\\Http\\Middleware\\TransformsRequest->handle()
#60 /var/www/cuterav2.test/vendor/laravel/framework/src/Illuminate/Pipeline/Pipeline.php(167): Illuminate\\Foundation\\Http\\Middleware\\ConvertEmptyStringsToNull->handle()
#61 /var/www/cuterav2.test/vendor/laravel/framework/src/Illuminate/Foundation/Http/Middleware/TransformsRequest.php(21): Illuminate\\Pipeline\\Pipeline->Illuminate\\Pipeline\\{closure}()
#62 /var/www/cuterav2.test/vendor/laravel/framework/src/Illuminate/Foundation/Http/Middleware/TrimStrings.php(40): Illuminate\\Foundation\\Http\\Middleware\\TransformsRequest->handle()
#63 /var/www/cuterav2.test/vendor/laravel/framework/src/Illuminate/Pipeline/Pipeline.php(167): Illuminate\\Foundation\\Http\\Middleware\\TrimStrings->handle()
#64 /var/www/cuterav2.test/vendor/laravel/framework/src/Illuminate/Foundation/Http/Middleware/ValidatePostSize.php(27): Illuminate\\Pipeline\\Pipeline->Illuminate\\Pipeline\\{closure}()
#65 /var/www/cuterav2.test/vendor/laravel/framework/src/Illuminate/Pipeline/Pipeline.php(167): Illuminate\\Foundation\\Http\\Middleware\\ValidatePostSize->handle()
#66 /var/www/cuterav2.test/vendor/laravel/framework/src/Illuminate/Foundation/Http/Middleware/PreventRequestsDuringMaintenance.php(86): Illuminate\\Pipeline\\Pipeline->Illuminate\\Pipeline\\{closure}()
#67 /var/www/cuterav2.test/vendor/laravel/framework/src/Illuminate/Pipeline/Pipeline.php(167): Illuminate\\Foundation\\Http\\Middleware\\PreventRequestsDuringMaintenance->handle()
#68 /var/www/cuterav2.test/vendor/fruitcake/laravel-cors/src/HandleCors.php(38): Illuminate\\Pipeline\\Pipeline->Illuminate\\Pipeline\\{closure}()
#69 /var/www/cuterav2.test/vendor/laravel/framework/src/Illuminate/Pipeline/Pipeline.php(167): Fruitcake\\Cors\\HandleCors->handle()
#70 /var/www/cuterav2.test/vendor/laravel/framework/src/Illuminate/Http/Middleware/TrustProxies.php(39): Illuminate\\Pipeline\\Pipeline->Illuminate\\Pipeline\\{closure}()
#71 /var/www/cuterav2.test/vendor/laravel/framework/src/Illuminate/Pipeline/Pipeline.php(167): Illuminate\\Http\\Middleware\\TrustProxies->handle()
#72 /var/www/cuterav2.test/vendor/laravel/framework/src/Illuminate/Pipeline/Pipeline.php(103): Illuminate\\Pipeline\\Pipeline->Illuminate\\Pipeline\\{closure}()
#73 /var/www/cuterav2.test/vendor/laravel/framework/src/Illuminate/Foundation/Http/Kernel.php(142): Illuminate\\Pipeline\\Pipeline->then()
#74 /var/www/cuterav2.test/vendor/laravel/framework/src/Illuminate/Foundation/Http/Kernel.php(111): Illuminate\\Foundation\\Http\\Kernel->sendRequestThroughRouter()
#75 /var/www/cuterav2.test/public/index.php(52): Illuminate\\Foundation\\Http\\Kernel->handle()
#76 {main}
"} 
[2022-03-15 11:16:03] local.ERROR: Method App\Http\Controllers\Admin\OrdersController::index does not exist. {"userId":1,"exception":"[object] (BadMethodCallException(code: 0): Method App\\Http\\Controllers\\Admin\\OrdersController::index does not exist. at /var/www/cuterav2.test/vendor/laravel/framework/src/Illuminate/Routing/Controller.php:68)
[stacktrace]
#0 /var/www/cuterav2.test/vendor/laravel/framework/src/Illuminate/Routing/Controller.php(54): Illuminate\\Routing\\Controller->__call()
#1 /var/www/cuterav2.test/vendor/laravel/framework/src/Illuminate/Routing/ControllerDispatcher.php(45): Illuminate\\Routing\\Controller->callAction()
#2 /var/www/cuterav2.test/vendor/laravel/framework/src/Illuminate/Routing/Route.php(262): Illuminate\\Routing\\ControllerDispatcher->dispatch()
#3 /var/www/cuterav2.test/vendor/laravel/framework/src/Illuminate/Routing/Route.php(205): Illuminate\\Routing\\Route->runController()
#4 /var/www/cuterav2.test/vendor/laravel/framework/src/Illuminate/Routing/Router.php(721): Illuminate\\Routing\\Route->run()
#5 /var/www/cuterav2.test/vendor/laravel/framework/src/Illuminate/Pipeline/Pipeline.php(128): Illuminate\\Routing\\Router->Illuminate\\Routing\\{closure}()
#6 /var/www/cuterav2.test/app/Http/Middleware/CheckAccountStatus.php(20): Illuminate\\Pipeline\\Pipeline->Illuminate\\Pipeline\\{closure}()
#7 /var/www/cuterav2.test/vendor/laravel/framework/src/Illuminate/Pipeline/Pipeline.php(167): App\\Http\\Middleware\\CheckAccountStatus->handle()
#8 /var/www/cuterav2.test/app/Http/Middleware/AuthenticateApiWeb.php(24): Illuminate\\Pipeline\\Pipeline->Illuminate\\Pipeline\\{closure}()
#9 /var/www/cuterav2.test/vendor/laravel/framework/src/Illuminate/Pipeline/Pipeline.php(167): App\\Http\\Middleware\\AuthenticateApiWeb->handle()
#10 /var/www/cuterav2.test/vendor/laravel/framework/src/Illuminate/Routing/Middleware/SubstituteBindings.php(50): Illuminate\\Pipeline\\Pipeline->Illuminate\\Pipeline\\{closure}()
#11 /var/www/cuterav2.test/vendor/laravel/framework/src/Illuminate/Pipeline/Pipeline.php(167): Illuminate\\Routing\\Middleware\\SubstituteBindings->handle()
#12 /var/www/cuterav2.test/app/Http/Middleware/VerifyCsrfToken.php(32): Illuminate\\Pipeline\\Pipeline->Illuminate\\Pipeline\\{closure}()
#13 /var/www/cuterav2.test/vendor/laravel/framework/src/Illuminate/Pipeline/Pipeline.php(167): App\\Http\\Middleware\\VerifyCsrfToken->handle()
#14 /var/www/cuterav2.test/vendor/laravel/framework/src/Illuminate/View/Middleware/ShareErrorsFromSession.php(49): Illuminate\\Pipeline\\Pipeline->Illuminate\\Pipeline\\{closure}()
#15 /var/www/cuterav2.test/vendor/laravel/framework/src/Illuminate/Pipeline/Pipeline.php(167): Illuminate\\View\\Middleware\\ShareErrorsFromSession->handle()
#16 /var/www/cuterav2.test/vendor/laravel/framework/src/Illuminate/Session/Middleware/StartSession.php(121): Illuminate\\Pipeline\\Pipeline->Illuminate\\Pipeline\\{closure}()
#17 /var/www/cuterav2.test/vendor/laravel/framework/src/Illuminate/Session/Middleware/StartSession.php(64): Illuminate\\Session\\Middleware\\StartSession->handleStatefulRequest()
#18 /var/www/cuterav2.test/vendor/laravel/framework/src/Illuminate/Pipeline/Pipeline.php(167): Illuminate\\Session\\Middleware\\StartSession->handle()
#19 /var/www/cuterav2.test/vendor/laravel/framework/src/Illuminate/Cookie/Middleware/AddQueuedCookiesToResponse.php(37): Illuminate\\Pipeline\\Pipeline->Illuminate\\Pipeline\\{closure}()
#20 /var/www/cuterav2.test/vendor/laravel/framework/src/Illuminate/Pipeline/Pipeline.php(167): Illuminate\\Cookie\\Middleware\\AddQueuedCookiesToResponse->handle()
#21 /var/www/cuterav2.test/vendor/laravel/framework/src/Illuminate/Cookie/Middleware/EncryptCookies.php(67): Illuminate\\Pipeline\\Pipeline->Illuminate\\Pipeline\\{closure}()
#22 /var/www/cuterav2.test/vendor/laravel/framework/src/Illuminate/Pipeline/Pipeline.php(167): Illuminate\\Cookie\\Middleware\\EncryptCookies->handle()
#23 /var/www/cuterav2.test/vendor/laravel/framework/src/Illuminate/Pipeline/Pipeline.php(103): Illuminate\\Pipeline\\Pipeline->Illuminate\\Pipeline\\{closure}()
#24 /var/www/cuterav2.test/vendor/laravel/framework/src/Illuminate/Routing/Router.php(723): Illuminate\\Pipeline\\Pipeline->then()
#25 /var/www/cuterav2.test/vendor/laravel/framework/src/Illuminate/Routing/Router.php(698): Illuminate\\Routing\\Router->runRouteWithinStack()
#26 /var/www/cuterav2.test/vendor/laravel/framework/src/Illuminate/Routing/Router.php(662): Illuminate\\Routing\\Router->runRoute()
#27 /var/www/cuterav2.test/vendor/laravel/framework/src/Illuminate/Routing/Router.php(651): Illuminate\\Routing\\Router->dispatchToRoute()
#28 /var/www/cuterav2.test/vendor/laravel/framework/src/Illuminate/Foundation/Http/Kernel.php(167): Illuminate\\Routing\\Router->dispatch()
#29 /var/www/cuterav2.test/vendor/laravel/framework/src/Illuminate/Pipeline/Pipeline.php(128): Illuminate\\Foundation\\Http\\Kernel->Illuminate\\Foundation\\Http\\{closure}()
#30 /var/www/cuterav2.test/vendor/laravel/framework/src/Illuminate/Foundation/Http/Middleware/TransformsRequest.php(21): Illuminate\\Pipeline\\Pipeline->Illuminate\\Pipeline\\{closure}()
#31 /var/www/cuterav2.test/vendor/laravel/framework/src/Illuminate/Foundation/Http/Middleware/ConvertEmptyStringsToNull.php(31): Illuminate\\Foundation\\Http\\Middleware\\TransformsRequest->handle()
#32 /var/www/cuterav2.test/vendor/laravel/framework/src/Illuminate/Pipeline/Pipeline.php(167): Illuminate\\Foundation\\Http\\Middleware\\ConvertEmptyStringsToNull->handle()
#33 /var/www/cuterav2.test/vendor/laravel/framework/src/Illuminate/Foundation/Http/Middleware/TransformsRequest.php(21): Illuminate\\Pipeline\\Pipeline->Illuminate\\Pipeline\\{closure}()
#34 /var/www/cuterav2.test/vendor/laravel/framework/src/Illuminate/Foundation/Http/Middleware/TrimStrings.php(40): Illuminate\\Foundation\\Http\\Middleware\\TransformsRequest->handle()
#35 /var/www/cuterav2.test/vendor/laravel/framework/src/Illuminate/Pipeline/Pipeline.php(167): Illuminate\\Foundation\\Http\\Middleware\\TrimStrings->handle()
#36 /var/www/cuterav2.test/vendor/laravel/framework/src/Illuminate/Foundation/Http/Middleware/ValidatePostSize.php(27): Illuminate\\Pipeline\\Pipeline->Illuminate\\Pipeline\\{closure}()
#37 /var/www/cuterav2.test/vendor/laravel/framework/src/Illuminate/Pipeline/Pipeline.php(167): Illuminate\\Foundation\\Http\\Middleware\\ValidatePostSize->handle()
#38 /var/www/cuterav2.test/vendor/laravel/framework/src/Illuminate/Foundation/Http/Middleware/PreventRequestsDuringMaintenance.php(86): Illuminate\\Pipeline\\Pipeline->Illuminate\\Pipeline\\{closure}()
#39 /var/www/cuterav2.test/vendor/laravel/framework/src/Illuminate/Pipeline/Pipeline.php(167): Illuminate\\Foundation\\Http\\Middleware\\PreventRequestsDuringMaintenance->handle()
#40 /var/www/cuterav2.test/vendor/fruitcake/laravel-cors/src/HandleCors.php(38): Illuminate\\Pipeline\\Pipeline->Illuminate\\Pipeline\\{closure}()
#41 /var/www/cuterav2.test/vendor/laravel/framework/src/Illuminate/Pipeline/Pipeline.php(167): Fruitcake\\Cors\\HandleCors->handle()
#42 /var/www/cuterav2.test/vendor/laravel/framework/src/Illuminate/Http/Middleware/TrustProxies.php(39): Illuminate\\Pipeline\\Pipeline->Illuminate\\Pipeline\\{closure}()
#43 /var/www/cuterav2.test/vendor/laravel/framework/src/Illuminate/Pipeline/Pipeline.php(167): Illuminate\\Http\\Middleware\\TrustProxies->handle()
#44 /var/www/cuterav2.test/vendor/laravel/framework/src/Illuminate/Pipeline/Pipeline.php(103): Illuminate\\Pipeline\\Pipeline->Illuminate\\Pipeline\\{closure}()
#45 /var/www/cuterav2.test/vendor/laravel/framework/src/Illuminate/Foundation/Http/Kernel.php(142): Illuminate\\Pipeline\\Pipeline->then()
#46 /var/www/cuterav2.test/vendor/laravel/framework/src/Illuminate/Foundation/Http/Kernel.php(111): Illuminate\\Foundation\\Http\\Kernel->sendRequestThroughRouter()
#47 /var/www/cuterav2.test/public/index.php(52): Illuminate\\Foundation\\Http\\Kernel->handle()
#48 {main}
"} 
[2022-03-15 12:50:22] local.ERROR: View [admin.orders.refund] not found. (View: /var/www/cuterav2.test/resources/views/admin/orders/index.blade.php) {"view":{"view":"/var/www/cuterav2.test/vendor/laravel/framework/src/Illuminate/View/FileViewFinder.php","data":[]},"userId":1,"exception":"[object] (Facade\\Ignition\\Exceptions\\ViewException(code: 0): View [admin.orders.refund] not found. (View: /var/www/cuterav2.test/resources/views/admin/orders/index.blade.php) at /var/www/cuterav2.test/vendor/laravel/framework/src/Illuminate/View/FileViewFinder.php:137)
[stacktrace]
#0 /var/www/cuterav2.test/vendor/laravel/framework/src/Illuminate/View/FileViewFinder.php(79): Illuminate\\View\\FileViewFinder->findInPaths()
#1 /var/www/cuterav2.test/vendor/laravel/framework/src/Illuminate/View/Factory.php(138): Illuminate\\View\\FileViewFinder->find()
#2 /var/www/cuterav2.test/resources/views/admin/orders/index.blade.php(94): Illuminate\\View\\Factory->make()
#3 /var/www/cuterav2.test/vendor/laravel/framework/src/Illuminate/Filesystem/Filesystem.php(107): require('...')
#4 /var/www/cuterav2.test/vendor/laravel/framework/src/Illuminate/Filesystem/Filesystem.php(108): Illuminate\\Filesystem\\Filesystem::Illuminate\\Filesystem\\{closure}()
#5 /var/www/cuterav2.test/vendor/laravel/framework/src/Illuminate/View/Engines/PhpEngine.php(58): Illuminate\\Filesystem\\Filesystem->getRequire()
#6 /var/www/cuterav2.test/vendor/laravel/framework/src/Illuminate/View/Engines/CompilerEngine.php(61): Illuminate\\View\\Engines\\PhpEngine->evaluatePath()
#7 /var/www/cuterav2.test/vendor/facade/ignition/src/Views/Engines/CompilerEngine.php(37): Illuminate\\View\\Engines\\CompilerEngine->get()
#8 /var/www/cuterav2.test/vendor/laravel/framework/src/Illuminate/View/View.php(139): Facade\\Ignition\\Views\\Engines\\CompilerEngine->get()
#9 /var/www/cuterav2.test/vendor/laravel/framework/src/Illuminate/View/View.php(122): Illuminate\\View\\View->getContents()
#10 /var/www/cuterav2.test/vendor/laravel/framework/src/Illuminate/View/View.php(91): Illuminate\\View\\View->renderContents()
#11 /var/www/cuterav2.test/vendor/laravel/framework/src/Illuminate/Http/Response.php(69): Illuminate\\View\\View->render()
#12 /var/www/cuterav2.test/vendor/laravel/framework/src/Illuminate/Http/Response.php(35): Illuminate\\Http\\Response->setContent()
#13 /var/www/cuterav2.test/vendor/laravel/framework/src/Illuminate/Routing/Router.php(820): Illuminate\\Http\\Response->__construct()
#14 /var/www/cuterav2.test/vendor/laravel/framework/src/Illuminate/Routing/Router.php(789): Illuminate\\Routing\\Router::toResponse()
#15 /var/www/cuterav2.test/vendor/laravel/framework/src/Illuminate/Routing/Router.php(721): Illuminate\\Routing\\Router->prepareResponse()
#16 /var/www/cuterav2.test/vendor/laravel/framework/src/Illuminate/Pipeline/Pipeline.php(128): Illuminate\\Routing\\Router->Illuminate\\Routing\\{closure}()
#17 /var/www/cuterav2.test/app/Http/Middleware/CheckAccountStatus.php(20): Illuminate\\Pipeline\\Pipeline->Illuminate\\Pipeline\\{closure}()
#18 /var/www/cuterav2.test/vendor/laravel/framework/src/Illuminate/Pipeline/Pipeline.php(167): App\\Http\\Middleware\\CheckAccountStatus->handle()
#19 /var/www/cuterav2.test/app/Http/Middleware/AuthenticateApiWeb.php(24): Illuminate\\Pipeline\\Pipeline->Illuminate\\Pipeline\\{closure}()
#20 /var/www/cuterav2.test/vendor/laravel/framework/src/Illuminate/Pipeline/Pipeline.php(167): App\\Http\\Middleware\\AuthenticateApiWeb->handle()
#21 /var/www/cuterav2.test/vendor/laravel/framework/src/Illuminate/Routing/Middleware/SubstituteBindings.php(50): Illuminate\\Pipeline\\Pipeline->Illuminate\\Pipeline\\{closure}()
#22 /var/www/cuterav2.test/vendor/laravel/framework/src/Illuminate/Pipeline/Pipeline.php(167): Illuminate\\Routing\\Middleware\\SubstituteBindings->handle()
#23 /var/www/cuterav2.test/app/Http/Middleware/VerifyCsrfToken.php(32): Illuminate\\Pipeline\\Pipeline->Illuminate\\Pipeline\\{closure}()
#24 /var/www/cuterav2.test/vendor/laravel/framework/src/Illuminate/Pipeline/Pipeline.php(167): App\\Http\\Middleware\\VerifyCsrfToken->handle()
#25 /var/www/cuterav2.test/vendor/laravel/framework/src/Illuminate/View/Middleware/ShareErrorsFromSession.php(49): Illuminate\\Pipeline\\Pipeline->Illuminate\\Pipeline\\{closure}()
#26 /var/www/cuterav2.test/vendor/laravel/framework/src/Illuminate/Pipeline/Pipeline.php(167): Illuminate\\View\\Middleware\\ShareErrorsFromSession->handle()
#27 /var/www/cuterav2.test/vendor/laravel/framework/src/Illuminate/Session/Middleware/StartSession.php(121): Illuminate\\Pipeline\\Pipeline->Illuminate\\Pipeline\\{closure}()
#28 /var/www/cuterav2.test/vendor/laravel/framework/src/Illuminate/Session/Middleware/StartSession.php(64): Illuminate\\Session\\Middleware\\StartSession->handleStatefulRequest()
#29 /var/www/cuterav2.test/vendor/laravel/framework/src/Illuminate/Pipeline/Pipeline.php(167): Illuminate\\Session\\Middleware\\StartSession->handle()
#30 /var/www/cuterav2.test/vendor/laravel/framework/src/Illuminate/Cookie/Middleware/AddQueuedCookiesToResponse.php(37): Illuminate\\Pipeline\\Pipeline->Illuminate\\Pipeline\\{closure}()
#31 /var/www/cuterav2.test/vendor/laravel/framework/src/Illuminate/Pipeline/Pipeline.php(167): Illuminate\\Cookie\\Middleware\\AddQueuedCookiesToResponse->handle()
#32 /var/www/cuterav2.test/vendor/laravel/framework/src/Illuminate/Cookie/Middleware/EncryptCookies.php(67): Illuminate\\Pipeline\\Pipeline->Illuminate\\Pipeline\\{closure}()
#33 /var/www/cuterav2.test/vendor/laravel/framework/src/Illuminate/Pipeline/Pipeline.php(167): Illuminate\\Cookie\\Middleware\\EncryptCookies->handle()
#34 /var/www/cuterav2.test/vendor/laravel/framework/src/Illuminate/Pipeline/Pipeline.php(103): Illuminate\\Pipeline\\Pipeline->Illuminate\\Pipeline\\{closure}()
#35 /var/www/cuterav2.test/vendor/laravel/framework/src/Illuminate/Routing/Router.php(723): Illuminate\\Pipeline\\Pipeline->then()
#36 /var/www/cuterav2.test/vendor/laravel/framework/src/Illuminate/Routing/Router.php(698): Illuminate\\Routing\\Router->runRouteWithinStack()
#37 /var/www/cuterav2.test/vendor/laravel/framework/src/Illuminate/Routing/Router.php(662): Illuminate\\Routing\\Router->runRoute()
#38 /var/www/cuterav2.test/vendor/laravel/framework/src/Illuminate/Routing/Router.php(651): Illuminate\\Routing\\Router->dispatchToRoute()
#39 /var/www/cuterav2.test/vendor/laravel/framework/src/Illuminate/Foundation/Http/Kernel.php(167): Illuminate\\Routing\\Router->dispatch()
#40 /var/www/cuterav2.test/vendor/laravel/framework/src/Illuminate/Pipeline/Pipeline.php(128): Illuminate\\Foundation\\Http\\Kernel->Illuminate\\Foundation\\Http\\{closure}()
#41 /var/www/cuterav2.test/vendor/laravel/framework/src/Illuminate/Foundation/Http/Middleware/TransformsRequest.php(21): Illuminate\\Pipeline\\Pipeline->Illuminate\\Pipeline\\{closure}()
#42 /var/www/cuterav2.test/vendor/laravel/framework/src/Illuminate/Foundation/Http/Middleware/ConvertEmptyStringsToNull.php(31): Illuminate\\Foundation\\Http\\Middleware\\TransformsRequest->handle()
#43 /var/www/cuterav2.test/vendor/laravel/framework/src/Illuminate/Pipeline/Pipeline.php(167): Illuminate\\Foundation\\Http\\Middleware\\ConvertEmptyStringsToNull->handle()
#44 /var/www/cuterav2.test/vendor/laravel/framework/src/Illuminate/Foundation/Http/Middleware/TransformsRequest.php(21): Illuminate\\Pipeline\\Pipeline->Illuminate\\Pipeline\\{closure}()
#45 /var/www/cuterav2.test/vendor/laravel/framework/src/Illuminate/Foundation/Http/Middleware/TrimStrings.php(40): Illuminate\\Foundation\\Http\\Middleware\\TransformsRequest->handle()
#46 /var/www/cuterav2.test/vendor/laravel/framework/src/Illuminate/Pipeline/Pipeline.php(167): Illuminate\\Foundation\\Http\\Middleware\\TrimStrings->handle()
#47 /var/www/cuterav2.test/vendor/laravel/framework/src/Illuminate/Foundation/Http/Middleware/ValidatePostSize.php(27): Illuminate\\Pipeline\\Pipeline->Illuminate\\Pipeline\\{closure}()
#48 /var/www/cuterav2.test/vendor/laravel/framework/src/Illuminate/Pipeline/Pipeline.php(167): Illuminate\\Foundation\\Http\\Middleware\\ValidatePostSize->handle()
#49 /var/www/cuterav2.test/vendor/laravel/framework/src/Illuminate/Foundation/Http/Middleware/PreventRequestsDuringMaintenance.php(86): Illuminate\\Pipeline\\Pipeline->Illuminate\\Pipeline\\{closure}()
#50 /var/www/cuterav2.test/vendor/laravel/framework/src/Illuminate/Pipeline/Pipeline.php(167): Illuminate\\Foundation\\Http\\Middleware\\PreventRequestsDuringMaintenance->handle()
#51 /var/www/cuterav2.test/vendor/fruitcake/laravel-cors/src/HandleCors.php(38): Illuminate\\Pipeline\\Pipeline->Illuminate\\Pipeline\\{closure}()
#52 /var/www/cuterav2.test/vendor/laravel/framework/src/Illuminate/Pipeline/Pipeline.php(167): Fruitcake\\Cors\\HandleCors->handle()
#53 /var/www/cuterav2.test/vendor/laravel/framework/src/Illuminate/Http/Middleware/TrustProxies.php(39): Illuminate\\Pipeline\\Pipeline->Illuminate\\Pipeline\\{closure}()
#54 /var/www/cuterav2.test/vendor/laravel/framework/src/Illuminate/Pipeline/Pipeline.php(167): Illuminate\\Http\\Middleware\\TrustProxies->handle()
#55 /var/www/cuterav2.test/vendor/laravel/framework/src/Illuminate/Pipeline/Pipeline.php(103): Illuminate\\Pipeline\\Pipeline->Illuminate\\Pipeline\\{closure}()
#56 /var/www/cuterav2.test/vendor/laravel/framework/src/Illuminate/Foundation/Http/Kernel.php(142): Illuminate\\Pipeline\\Pipeline->then()
#57 /var/www/cuterav2.test/vendor/laravel/framework/src/Illuminate/Foundation/Http/Kernel.php(111): Illuminate\\Foundation\\Http\\Kernel->sendRequestThroughRouter()
#58 /var/www/cuterav2.test/public/index.php(52): Illuminate\\Foundation\\Http\\Kernel->handle()
#59 {main}

[previous exception] [object] (InvalidArgumentException(code: 0): View [admin.orders.refund] not found. at /var/www/cuterav2.test/vendor/laravel/framework/src/Illuminate/View/FileViewFinder.php:137)
[stacktrace]
#0 /var/www/cuterav2.test/vendor/laravel/framework/src/Illuminate/View/FileViewFinder.php(79): Illuminate\\View\\FileViewFinder->findInPaths()
#1 /var/www/cuterav2.test/vendor/laravel/framework/src/Illuminate/View/Factory.php(138): Illuminate\\View\\FileViewFinder->find()
#2 /var/www/cuterav2.test/storage/framework/views/d1ac04323f0b3a416bdab2d087a92a1ce34de03b.php(92): Illuminate\\View\\Factory->make()
#3 /var/www/cuterav2.test/vendor/laravel/framework/src/Illuminate/Filesystem/Filesystem.php(107): require('...')
#4 /var/www/cuterav2.test/vendor/laravel/framework/src/Illuminate/Filesystem/Filesystem.php(108): Illuminate\\Filesystem\\Filesystem::Illuminate\\Filesystem\\{closure}()
#5 /var/www/cuterav2.test/vendor/laravel/framework/src/Illuminate/View/Engines/PhpEngine.php(58): Illuminate\\Filesystem\\Filesystem->getRequire()
#6 /var/www/cuterav2.test/vendor/laravel/framework/src/Illuminate/View/Engines/CompilerEngine.php(61): Illuminate\\View\\Engines\\PhpEngine->evaluatePath()
#7 /var/www/cuterav2.test/vendor/facade/ignition/src/Views/Engines/CompilerEngine.php(37): Illuminate\\View\\Engines\\CompilerEngine->get()
#8 /var/www/cuterav2.test/vendor/laravel/framework/src/Illuminate/View/View.php(139): Facade\\Ignition\\Views\\Engines\\CompilerEngine->get()
#9 /var/www/cuterav2.test/vendor/laravel/framework/src/Illuminate/View/View.php(122): Illuminate\\View\\View->getContents()
#10 /var/www/cuterav2.test/vendor/laravel/framework/src/Illuminate/View/View.php(91): Illuminate\\View\\View->renderContents()
#11 /var/www/cuterav2.test/vendor/laravel/framework/src/Illuminate/Http/Response.php(69): Illuminate\\View\\View->render()
#12 /var/www/cuterav2.test/vendor/laravel/framework/src/Illuminate/Http/Response.php(35): Illuminate\\Http\\Response->setContent()
#13 /var/www/cuterav2.test/vendor/laravel/framework/src/Illuminate/Routing/Router.php(820): Illuminate\\Http\\Response->__construct()
#14 /var/www/cuterav2.test/vendor/laravel/framework/src/Illuminate/Routing/Router.php(789): Illuminate\\Routing\\Router::toResponse()
#15 /var/www/cuterav2.test/vendor/laravel/framework/src/Illuminate/Routing/Router.php(721): Illuminate\\Routing\\Router->prepareResponse()
#16 /var/www/cuterav2.test/vendor/laravel/framework/src/Illuminate/Pipeline/Pipeline.php(128): Illuminate\\Routing\\Router->Illuminate\\Routing\\{closure}()
#17 /var/www/cuterav2.test/app/Http/Middleware/CheckAccountStatus.php(20): Illuminate\\Pipeline\\Pipeline->Illuminate\\Pipeline\\{closure}()
#18 /var/www/cuterav2.test/vendor/laravel/framework/src/Illuminate/Pipeline/Pipeline.php(167): App\\Http\\Middleware\\CheckAccountStatus->handle()
#19 /var/www/cuterav2.test/app/Http/Middleware/AuthenticateApiWeb.php(24): Illuminate\\Pipeline\\Pipeline->Illuminate\\Pipeline\\{closure}()
#20 /var/www/cuterav2.test/vendor/laravel/framework/src/Illuminate/Pipeline/Pipeline.php(167): App\\Http\\Middleware\\AuthenticateApiWeb->handle()
#21 /var/www/cuterav2.test/vendor/laravel/framework/src/Illuminate/Routing/Middleware/SubstituteBindings.php(50): Illuminate\\Pipeline\\Pipeline->Illuminate\\Pipeline\\{closure}()
#22 /var/www/cuterav2.test/vendor/laravel/framework/src/Illuminate/Pipeline/Pipeline.php(167): Illuminate\\Routing\\Middleware\\SubstituteBindings->handle()
#23 /var/www/cuterav2.test/app/Http/Middleware/VerifyCsrfToken.php(32): Illuminate\\Pipeline\\Pipeline->Illuminate\\Pipeline\\{closure}()
#24 /var/www/cuterav2.test/vendor/laravel/framework/src/Illuminate/Pipeline/Pipeline.php(167): App\\Http\\Middleware\\VerifyCsrfToken->handle()
#25 /var/www/cuterav2.test/vendor/laravel/framework/src/Illuminate/View/Middleware/ShareErrorsFromSession.php(49): Illuminate\\Pipeline\\Pipeline->Illuminate\\Pipeline\\{closure}()
#26 /var/www/cuterav2.test/vendor/laravel/framework/src/Illuminate/Pipeline/Pipeline.php(167): Illuminate\\View\\Middleware\\ShareErrorsFromSession->handle()
#27 /var/www/cuterav2.test/vendor/laravel/framework/src/Illuminate/Session/Middleware/StartSession.php(121): Illuminate\\Pipeline\\Pipeline->Illuminate\\Pipeline\\{closure}()
#28 /var/www/cuterav2.test/vendor/laravel/framework/src/Illuminate/Session/Middleware/StartSession.php(64): Illuminate\\Session\\Middleware\\StartSession->handleStatefulRequest()
#29 /var/www/cuterav2.test/vendor/laravel/framework/src/Illuminate/Pipeline/Pipeline.php(167): Illuminate\\Session\\Middleware\\StartSession->handle()
#30 /var/www/cuterav2.test/vendor/laravel/framework/src/Illuminate/Cookie/Middleware/AddQueuedCookiesToResponse.php(37): Illuminate\\Pipeline\\Pipeline->Illuminate\\Pipeline\\{closure}()
#31 /var/www/cuterav2.test/vendor/laravel/framework/src/Illuminate/Pipeline/Pipeline.php(167): Illuminate\\Cookie\\Middleware\\AddQueuedCookiesToResponse->handle()
#32 /var/www/cuterav2.test/vendor/laravel/framework/src/Illuminate/Cookie/Middleware/EncryptCookies.php(67): Illuminate\\Pipeline\\Pipeline->Illuminate\\Pipeline\\{closure}()
#33 /var/www/cuterav2.test/vendor/laravel/framework/src/Illuminate/Pipeline/Pipeline.php(167): Illuminate\\Cookie\\Middleware\\EncryptCookies->handle()
#34 /var/www/cuterav2.test/vendor/laravel/framework/src/Illuminate/Pipeline/Pipeline.php(103): Illuminate\\Pipeline\\Pipeline->Illuminate\\Pipeline\\{closure}()
#35 /var/www/cuterav2.test/vendor/laravel/framework/src/Illuminate/Routing/Router.php(723): Illuminate\\Pipeline\\Pipeline->then()
#36 /var/www/cuterav2.test/vendor/laravel/framework/src/Illuminate/Routing/Router.php(698): Illuminate\\Routing\\Router->runRouteWithinStack()
#37 /var/www/cuterav2.test/vendor/laravel/framework/src/Illuminate/Routing/Router.php(662): Illuminate\\Routing\\Router->runRoute()
#38 /var/www/cuterav2.test/vendor/laravel/framework/src/Illuminate/Routing/Router.php(651): Illuminate\\Routing\\Router->dispatchToRoute()
#39 /var/www/cuterav2.test/vendor/laravel/framework/src/Illuminate/Foundation/Http/Kernel.php(167): Illuminate\\Routing\\Router->dispatch()
#40 /var/www/cuterav2.test/vendor/laravel/framework/src/Illuminate/Pipeline/Pipeline.php(128): Illuminate\\Foundation\\Http\\Kernel->Illuminate\\Foundation\\Http\\{closure}()
#41 /var/www/cuterav2.test/vendor/laravel/framework/src/Illuminate/Foundation/Http/Middleware/TransformsRequest.php(21): Illuminate\\Pipeline\\Pipeline->Illuminate\\Pipeline\\{closure}()
#42 /var/www/cuterav2.test/vendor/laravel/framework/src/Illuminate/Foundation/Http/Middleware/ConvertEmptyStringsToNull.php(31): Illuminate\\Foundation\\Http\\Middleware\\TransformsRequest->handle()
#43 /var/www/cuterav2.test/vendor/laravel/framework/src/Illuminate/Pipeline/Pipeline.php(167): Illuminate\\Foundation\\Http\\Middleware\\ConvertEmptyStringsToNull->handle()
#44 /var/www/cuterav2.test/vendor/laravel/framework/src/Illuminate/Foundation/Http/Middleware/TransformsRequest.php(21): Illuminate\\Pipeline\\Pipeline->Illuminate\\Pipeline\\{closure}()
#45 /var/www/cuterav2.test/vendor/laravel/framework/src/Illuminate/Foundation/Http/Middleware/TrimStrings.php(40): Illuminate\\Foundation\\Http\\Middleware\\TransformsRequest->handle()
#46 /var/www/cuterav2.test/vendor/laravel/framework/src/Illuminate/Pipeline/Pipeline.php(167): Illuminate\\Foundation\\Http\\Middleware\\TrimStrings->handle()
#47 /var/www/cuterav2.test/vendor/laravel/framework/src/Illuminate/Foundation/Http/Middleware/ValidatePostSize.php(27): Illuminate\\Pipeline\\Pipeline->Illuminate\\Pipeline\\{closure}()
#48 /var/www/cuterav2.test/vendor/laravel/framework/src/Illuminate/Pipeline/Pipeline.php(167): Illuminate\\Foundation\\Http\\Middleware\\ValidatePostSize->handle()
#49 /var/www/cuterav2.test/vendor/laravel/framework/src/Illuminate/Foundation/Http/Middleware/PreventRequestsDuringMaintenance.php(86): Illuminate\\Pipeline\\Pipeline->Illuminate\\Pipeline\\{closure}()
#50 /var/www/cuterav2.test/vendor/laravel/framework/src/Illuminate/Pipeline/Pipeline.php(167): Illuminate\\Foundation\\Http\\Middleware\\PreventRequestsDuringMaintenance->handle()
#51 /var/www/cuterav2.test/vendor/fruitcake/laravel-cors/src/HandleCors.php(38): Illuminate\\Pipeline\\Pipeline->Illuminate\\Pipeline\\{closure}()
#52 /var/www/cuterav2.test/vendor/laravel/framework/src/Illuminate/Pipeline/Pipeline.php(167): Fruitcake\\Cors\\HandleCors->handle()
#53 /var/www/cuterav2.test/vendor/laravel/framework/src/Illuminate/Http/Middleware/TrustProxies.php(39): Illuminate\\Pipeline\\Pipeline->Illuminate\\Pipeline\\{closure}()
#54 /var/www/cuterav2.test/vendor/laravel/framework/src/Illuminate/Pipeline/Pipeline.php(167): Illuminate\\Http\\Middleware\\TrustProxies->handle()
#55 /var/www/cuterav2.test/vendor/laravel/framework/src/Illuminate/Pipeline/Pipeline.php(103): Illuminate\\Pipeline\\Pipeline->Illuminate\\Pipeline\\{closure}()
#56 /var/www/cuterav2.test/vendor/laravel/framework/src/Illuminate/Foundation/Http/Kernel.php(142): Illuminate\\Pipeline\\Pipeline->then()
#57 /var/www/cuterav2.test/vendor/laravel/framework/src/Illuminate/Foundation/Http/Kernel.php(111): Illuminate\\Foundation\\Http\\Kernel->sendRequestThroughRouter()
#58 /var/www/cuterav2.test/public/index.php(52): Illuminate\\Foundation\\Http\\Kernel->handle()
#59 {main}
"} 
[2022-03-15 12:51:08] local.ERROR: View [admin.orders.refund] not found. (View: /var/www/cuterav2.test/resources/views/admin/orders/index.blade.php) {"view":{"view":"/var/www/cuterav2.test/vendor/laravel/framework/src/Illuminate/View/FileViewFinder.php","data":[]},"userId":1,"exception":"[object] (Facade\\Ignition\\Exceptions\\ViewException(code: 0): View [admin.orders.refund] not found. (View: /var/www/cuterav2.test/resources/views/admin/orders/index.blade.php) at /var/www/cuterav2.test/vendor/laravel/framework/src/Illuminate/View/FileViewFinder.php:137)
[stacktrace]
#0 /var/www/cuterav2.test/vendor/laravel/framework/src/Illuminate/View/FileViewFinder.php(79): Illuminate\\View\\FileViewFinder->findInPaths()
#1 /var/www/cuterav2.test/vendor/laravel/framework/src/Illuminate/View/Factory.php(138): Illuminate\\View\\FileViewFinder->find()
#2 /var/www/cuterav2.test/resources/views/admin/orders/index.blade.php(94): Illuminate\\View\\Factory->make()
#3 /var/www/cuterav2.test/vendor/laravel/framework/src/Illuminate/Filesystem/Filesystem.php(107): require('...')
#4 /var/www/cuterav2.test/vendor/laravel/framework/src/Illuminate/Filesystem/Filesystem.php(108): Illuminate\\Filesystem\\Filesystem::Illuminate\\Filesystem\\{closure}()
#5 /var/www/cuterav2.test/vendor/laravel/framework/src/Illuminate/View/Engines/PhpEngine.php(58): Illuminate\\Filesystem\\Filesystem->getRequire()
#6 /var/www/cuterav2.test/vendor/laravel/framework/src/Illuminate/View/Engines/CompilerEngine.php(61): Illuminate\\View\\Engines\\PhpEngine->evaluatePath()
#7 /var/www/cuterav2.test/vendor/facade/ignition/src/Views/Engines/CompilerEngine.php(37): Illuminate\\View\\Engines\\CompilerEngine->get()
#8 /var/www/cuterav2.test/vendor/laravel/framework/src/Illuminate/View/View.php(139): Facade\\Ignition\\Views\\Engines\\CompilerEngine->get()
#9 /var/www/cuterav2.test/vendor/laravel/framework/src/Illuminate/View/View.php(122): Illuminate\\View\\View->getContents()
#10 /var/www/cuterav2.test/vendor/laravel/framework/src/Illuminate/View/View.php(91): Illuminate\\View\\View->renderContents()
#11 /var/www/cuterav2.test/vendor/laravel/framework/src/Illuminate/Http/Response.php(69): Illuminate\\View\\View->render()
#12 /var/www/cuterav2.test/vendor/laravel/framework/src/Illuminate/Http/Response.php(35): Illuminate\\Http\\Response->setContent()
#13 /var/www/cuterav2.test/vendor/laravel/framework/src/Illuminate/Routing/Router.php(820): Illuminate\\Http\\Response->__construct()
#14 /var/www/cuterav2.test/vendor/laravel/framework/src/Illuminate/Routing/Router.php(789): Illuminate\\Routing\\Router::toResponse()
#15 /var/www/cuterav2.test/vendor/laravel/framework/src/Illuminate/Routing/Router.php(721): Illuminate\\Routing\\Router->prepareResponse()
#16 /var/www/cuterav2.test/vendor/laravel/framework/src/Illuminate/Pipeline/Pipeline.php(128): Illuminate\\Routing\\Router->Illuminate\\Routing\\{closure}()
#17 /var/www/cuterav2.test/app/Http/Middleware/CheckAccountStatus.php(20): Illuminate\\Pipeline\\Pipeline->Illuminate\\Pipeline\\{closure}()
#18 /var/www/cuterav2.test/vendor/laravel/framework/src/Illuminate/Pipeline/Pipeline.php(167): App\\Http\\Middleware\\CheckAccountStatus->handle()
#19 /var/www/cuterav2.test/app/Http/Middleware/AuthenticateApiWeb.php(24): Illuminate\\Pipeline\\Pipeline->Illuminate\\Pipeline\\{closure}()
#20 /var/www/cuterav2.test/vendor/laravel/framework/src/Illuminate/Pipeline/Pipeline.php(167): App\\Http\\Middleware\\AuthenticateApiWeb->handle()
#21 /var/www/cuterav2.test/vendor/laravel/framework/src/Illuminate/Routing/Middleware/SubstituteBindings.php(50): Illuminate\\Pipeline\\Pipeline->Illuminate\\Pipeline\\{closure}()
#22 /var/www/cuterav2.test/vendor/laravel/framework/src/Illuminate/Pipeline/Pipeline.php(167): Illuminate\\Routing\\Middleware\\SubstituteBindings->handle()
#23 /var/www/cuterav2.test/app/Http/Middleware/VerifyCsrfToken.php(32): Illuminate\\Pipeline\\Pipeline->Illuminate\\Pipeline\\{closure}()
#24 /var/www/cuterav2.test/vendor/laravel/framework/src/Illuminate/Pipeline/Pipeline.php(167): App\\Http\\Middleware\\VerifyCsrfToken->handle()
#25 /var/www/cuterav2.test/vendor/laravel/framework/src/Illuminate/View/Middleware/ShareErrorsFromSession.php(49): Illuminate\\Pipeline\\Pipeline->Illuminate\\Pipeline\\{closure}()
#26 /var/www/cuterav2.test/vendor/laravel/framework/src/Illuminate/Pipeline/Pipeline.php(167): Illuminate\\View\\Middleware\\ShareErrorsFromSession->handle()
#27 /var/www/cuterav2.test/vendor/laravel/framework/src/Illuminate/Session/Middleware/StartSession.php(121): Illuminate\\Pipeline\\Pipeline->Illuminate\\Pipeline\\{closure}()
#28 /var/www/cuterav2.test/vendor/laravel/framework/src/Illuminate/Session/Middleware/StartSession.php(64): Illuminate\\Session\\Middleware\\StartSession->handleStatefulRequest()
#29 /var/www/cuterav2.test/vendor/laravel/framework/src/Illuminate/Pipeline/Pipeline.php(167): Illuminate\\Session\\Middleware\\StartSession->handle()
#30 /var/www/cuterav2.test/vendor/laravel/framework/src/Illuminate/Cookie/Middleware/AddQueuedCookiesToResponse.php(37): Illuminate\\Pipeline\\Pipeline->Illuminate\\Pipeline\\{closure}()
#31 /var/www/cuterav2.test/vendor/laravel/framework/src/Illuminate/Pipeline/Pipeline.php(167): Illuminate\\Cookie\\Middleware\\AddQueuedCookiesToResponse->handle()
#32 /var/www/cuterav2.test/vendor/laravel/framework/src/Illuminate/Cookie/Middleware/EncryptCookies.php(67): Illuminate\\Pipeline\\Pipeline->Illuminate\\Pipeline\\{closure}()
#33 /var/www/cuterav2.test/vendor/laravel/framework/src/Illuminate/Pipeline/Pipeline.php(167): Illuminate\\Cookie\\Middleware\\EncryptCookies->handle()
#34 /var/www/cuterav2.test/vendor/laravel/framework/src/Illuminate/Pipeline/Pipeline.php(103): Illuminate\\Pipeline\\Pipeline->Illuminate\\Pipeline\\{closure}()
#35 /var/www/cuterav2.test/vendor/laravel/framework/src/Illuminate/Routing/Router.php(723): Illuminate\\Pipeline\\Pipeline->then()
#36 /var/www/cuterav2.test/vendor/laravel/framework/src/Illuminate/Routing/Router.php(698): Illuminate\\Routing\\Router->runRouteWithinStack()
#37 /var/www/cuterav2.test/vendor/laravel/framework/src/Illuminate/Routing/Router.php(662): Illuminate\\Routing\\Router->runRoute()
#38 /var/www/cuterav2.test/vendor/laravel/framework/src/Illuminate/Routing/Router.php(651): Illuminate\\Routing\\Router->dispatchToRoute()
#39 /var/www/cuterav2.test/vendor/laravel/framework/src/Illuminate/Foundation/Http/Kernel.php(167): Illuminate\\Routing\\Router->dispatch()
#40 /var/www/cuterav2.test/vendor/laravel/framework/src/Illuminate/Pipeline/Pipeline.php(128): Illuminate\\Foundation\\Http\\Kernel->Illuminate\\Foundation\\Http\\{closure}()
#41 /var/www/cuterav2.test/vendor/laravel/framework/src/Illuminate/Foundation/Http/Middleware/TransformsRequest.php(21): Illuminate\\Pipeline\\Pipeline->Illuminate\\Pipeline\\{closure}()
#42 /var/www/cuterav2.test/vendor/laravel/framework/src/Illuminate/Foundation/Http/Middleware/ConvertEmptyStringsToNull.php(31): Illuminate\\Foundation\\Http\\Middleware\\TransformsRequest->handle()
#43 /var/www/cuterav2.test/vendor/laravel/framework/src/Illuminate/Pipeline/Pipeline.php(167): Illuminate\\Foundation\\Http\\Middleware\\ConvertEmptyStringsToNull->handle()
#44 /var/www/cuterav2.test/vendor/laravel/framework/src/Illuminate/Foundation/Http/Middleware/TransformsRequest.php(21): Illuminate\\Pipeline\\Pipeline->Illuminate\\Pipeline\\{closure}()
#45 /var/www/cuterav2.test/vendor/laravel/framework/src/Illuminate/Foundation/Http/Middleware/TrimStrings.php(40): Illuminate\\Foundation\\Http\\Middleware\\TransformsRequest->handle()
#46 /var/www/cuterav2.test/vendor/laravel/framework/src/Illuminate/Pipeline/Pipeline.php(167): Illuminate\\Foundation\\Http\\Middleware\\TrimStrings->handle()
#47 /var/www/cuterav2.test/vendor/laravel/framework/src/Illuminate/Foundation/Http/Middleware/ValidatePostSize.php(27): Illuminate\\Pipeline\\Pipeline->Illuminate\\Pipeline\\{closure}()
#48 /var/www/cuterav2.test/vendor/laravel/framework/src/Illuminate/Pipeline/Pipeline.php(167): Illuminate\\Foundation\\Http\\Middleware\\ValidatePostSize->handle()
#49 /var/www/cuterav2.test/vendor/laravel/framework/src/Illuminate/Foundation/Http/Middleware/PreventRequestsDuringMaintenance.php(86): Illuminate\\Pipeline\\Pipeline->Illuminate\\Pipeline\\{closure}()
#50 /var/www/cuterav2.test/vendor/laravel/framework/src/Illuminate/Pipeline/Pipeline.php(167): Illuminate\\Foundation\\Http\\Middleware\\PreventRequestsDuringMaintenance->handle()
#51 /var/www/cuterav2.test/vendor/fruitcake/laravel-cors/src/HandleCors.php(38): Illuminate\\Pipeline\\Pipeline->Illuminate\\Pipeline\\{closure}()
#52 /var/www/cuterav2.test/vendor/laravel/framework/src/Illuminate/Pipeline/Pipeline.php(167): Fruitcake\\Cors\\HandleCors->handle()
#53 /var/www/cuterav2.test/vendor/laravel/framework/src/Illuminate/Http/Middleware/TrustProxies.php(39): Illuminate\\Pipeline\\Pipeline->Illuminate\\Pipeline\\{closure}()
#54 /var/www/cuterav2.test/vendor/laravel/framework/src/Illuminate/Pipeline/Pipeline.php(167): Illuminate\\Http\\Middleware\\TrustProxies->handle()
#55 /var/www/cuterav2.test/vendor/laravel/framework/src/Illuminate/Pipeline/Pipeline.php(103): Illuminate\\Pipeline\\Pipeline->Illuminate\\Pipeline\\{closure}()
#56 /var/www/cuterav2.test/vendor/laravel/framework/src/Illuminate/Foundation/Http/Kernel.php(142): Illuminate\\Pipeline\\Pipeline->then()
#57 /var/www/cuterav2.test/vendor/laravel/framework/src/Illuminate/Foundation/Http/Kernel.php(111): Illuminate\\Foundation\\Http\\Kernel->sendRequestThroughRouter()
#58 /var/www/cuterav2.test/public/index.php(52): Illuminate\\Foundation\\Http\\Kernel->handle()
#59 {main}

[previous exception] [object] (InvalidArgumentException(code: 0): View [admin.orders.refund] not found. at /var/www/cuterav2.test/vendor/laravel/framework/src/Illuminate/View/FileViewFinder.php:137)
[stacktrace]
#0 /var/www/cuterav2.test/vendor/laravel/framework/src/Illuminate/View/FileViewFinder.php(79): Illuminate\\View\\FileViewFinder->findInPaths()
#1 /var/www/cuterav2.test/vendor/laravel/framework/src/Illuminate/View/Factory.php(138): Illuminate\\View\\FileViewFinder->find()
#2 /var/www/cuterav2.test/storage/framework/views/d1ac04323f0b3a416bdab2d087a92a1ce34de03b.php(92): Illuminate\\View\\Factory->make()
#3 /var/www/cuterav2.test/vendor/laravel/framework/src/Illuminate/Filesystem/Filesystem.php(107): require('...')
#4 /var/www/cuterav2.test/vendor/laravel/framework/src/Illuminate/Filesystem/Filesystem.php(108): Illuminate\\Filesystem\\Filesystem::Illuminate\\Filesystem\\{closure}()
#5 /var/www/cuterav2.test/vendor/laravel/framework/src/Illuminate/View/Engines/PhpEngine.php(58): Illuminate\\Filesystem\\Filesystem->getRequire()
#6 /var/www/cuterav2.test/vendor/laravel/framework/src/Illuminate/View/Engines/CompilerEngine.php(61): Illuminate\\View\\Engines\\PhpEngine->evaluatePath()
#7 /var/www/cuterav2.test/vendor/facade/ignition/src/Views/Engines/CompilerEngine.php(37): Illuminate\\View\\Engines\\CompilerEngine->get()
#8 /var/www/cuterav2.test/vendor/laravel/framework/src/Illuminate/View/View.php(139): Facade\\Ignition\\Views\\Engines\\CompilerEngine->get()
#9 /var/www/cuterav2.test/vendor/laravel/framework/src/Illuminate/View/View.php(122): Illuminate\\View\\View->getContents()
#10 /var/www/cuterav2.test/vendor/laravel/framework/src/Illuminate/View/View.php(91): Illuminate\\View\\View->renderContents()
#11 /var/www/cuterav2.test/vendor/laravel/framework/src/Illuminate/Http/Response.php(69): Illuminate\\View\\View->render()
#12 /var/www/cuterav2.test/vendor/laravel/framework/src/Illuminate/Http/Response.php(35): Illuminate\\Http\\Response->setContent()
#13 /var/www/cuterav2.test/vendor/laravel/framework/src/Illuminate/Routing/Router.php(820): Illuminate\\Http\\Response->__construct()
#14 /var/www/cuterav2.test/vendor/laravel/framework/src/Illuminate/Routing/Router.php(789): Illuminate\\Routing\\Router::toResponse()
#15 /var/www/cuterav2.test/vendor/laravel/framework/src/Illuminate/Routing/Router.php(721): Illuminate\\Routing\\Router->prepareResponse()
#16 /var/www/cuterav2.test/vendor/laravel/framework/src/Illuminate/Pipeline/Pipeline.php(128): Illuminate\\Routing\\Router->Illuminate\\Routing\\{closure}()
#17 /var/www/cuterav2.test/app/Http/Middleware/CheckAccountStatus.php(20): Illuminate\\Pipeline\\Pipeline->Illuminate\\Pipeline\\{closure}()
#18 /var/www/cuterav2.test/vendor/laravel/framework/src/Illuminate/Pipeline/Pipeline.php(167): App\\Http\\Middleware\\CheckAccountStatus->handle()
#19 /var/www/cuterav2.test/app/Http/Middleware/AuthenticateApiWeb.php(24): Illuminate\\Pipeline\\Pipeline->Illuminate\\Pipeline\\{closure}()
#20 /var/www/cuterav2.test/vendor/laravel/framework/src/Illuminate/Pipeline/Pipeline.php(167): App\\Http\\Middleware\\AuthenticateApiWeb->handle()
#21 /var/www/cuterav2.test/vendor/laravel/framework/src/Illuminate/Routing/Middleware/SubstituteBindings.php(50): Illuminate\\Pipeline\\Pipeline->Illuminate\\Pipeline\\{closure}()
#22 /var/www/cuterav2.test/vendor/laravel/framework/src/Illuminate/Pipeline/Pipeline.php(167): Illuminate\\Routing\\Middleware\\SubstituteBindings->handle()
#23 /var/www/cuterav2.test/app/Http/Middleware/VerifyCsrfToken.php(32): Illuminate\\Pipeline\\Pipeline->Illuminate\\Pipeline\\{closure}()
#24 /var/www/cuterav2.test/vendor/laravel/framework/src/Illuminate/Pipeline/Pipeline.php(167): App\\Http\\Middleware\\VerifyCsrfToken->handle()
#25 /var/www/cuterav2.test/vendor/laravel/framework/src/Illuminate/View/Middleware/ShareErrorsFromSession.php(49): Illuminate\\Pipeline\\Pipeline->Illuminate\\Pipeline\\{closure}()
#26 /var/www/cuterav2.test/vendor/laravel/framework/src/Illuminate/Pipeline/Pipeline.php(167): Illuminate\\View\\Middleware\\ShareErrorsFromSession->handle()
#27 /var/www/cuterav2.test/vendor/laravel/framework/src/Illuminate/Session/Middleware/StartSession.php(121): Illuminate\\Pipeline\\Pipeline->Illuminate\\Pipeline\\{closure}()
#28 /var/www/cuterav2.test/vendor/laravel/framework/src/Illuminate/Session/Middleware/StartSession.php(64): Illuminate\\Session\\Middleware\\StartSession->handleStatefulRequest()
#29 /var/www/cuterav2.test/vendor/laravel/framework/src/Illuminate/Pipeline/Pipeline.php(167): Illuminate\\Session\\Middleware\\StartSession->handle()
#30 /var/www/cuterav2.test/vendor/laravel/framework/src/Illuminate/Cookie/Middleware/AddQueuedCookiesToResponse.php(37): Illuminate\\Pipeline\\Pipeline->Illuminate\\Pipeline\\{closure}()
#31 /var/www/cuterav2.test/vendor/laravel/framework/src/Illuminate/Pipeline/Pipeline.php(167): Illuminate\\Cookie\\Middleware\\AddQueuedCookiesToResponse->handle()
#32 /var/www/cuterav2.test/vendor/laravel/framework/src/Illuminate/Cookie/Middleware/EncryptCookies.php(67): Illuminate\\Pipeline\\Pipeline->Illuminate\\Pipeline\\{closure}()
#33 /var/www/cuterav2.test/vendor/laravel/framework/src/Illuminate/Pipeline/Pipeline.php(167): Illuminate\\Cookie\\Middleware\\EncryptCookies->handle()
#34 /var/www/cuterav2.test/vendor/laravel/framework/src/Illuminate/Pipeline/Pipeline.php(103): Illuminate\\Pipeline\\Pipeline->Illuminate\\Pipeline\\{closure}()
#35 /var/www/cuterav2.test/vendor/laravel/framework/src/Illuminate/Routing/Router.php(723): Illuminate\\Pipeline\\Pipeline->then()
#36 /var/www/cuterav2.test/vendor/laravel/framework/src/Illuminate/Routing/Router.php(698): Illuminate\\Routing\\Router->runRouteWithinStack()
#37 /var/www/cuterav2.test/vendor/laravel/framework/src/Illuminate/Routing/Router.php(662): Illuminate\\Routing\\Router->runRoute()
#38 /var/www/cuterav2.test/vendor/laravel/framework/src/Illuminate/Routing/Router.php(651): Illuminate\\Routing\\Router->dispatchToRoute()
#39 /var/www/cuterav2.test/vendor/laravel/framework/src/Illuminate/Foundation/Http/Kernel.php(167): Illuminate\\Routing\\Router->dispatch()
#40 /var/www/cuterav2.test/vendor/laravel/framework/src/Illuminate/Pipeline/Pipeline.php(128): Illuminate\\Foundation\\Http\\Kernel->Illuminate\\Foundation\\Http\\{closure}()
#41 /var/www/cuterav2.test/vendor/laravel/framework/src/Illuminate/Foundation/Http/Middleware/TransformsRequest.php(21): Illuminate\\Pipeline\\Pipeline->Illuminate\\Pipeline\\{closure}()
#42 /var/www/cuterav2.test/vendor/laravel/framework/src/Illuminate/Foundation/Http/Middleware/ConvertEmptyStringsToNull.php(31): Illuminate\\Foundation\\Http\\Middleware\\TransformsRequest->handle()
#43 /var/www/cuterav2.test/vendor/laravel/framework/src/Illuminate/Pipeline/Pipeline.php(167): Illuminate\\Foundation\\Http\\Middleware\\ConvertEmptyStringsToNull->handle()
#44 /var/www/cuterav2.test/vendor/laravel/framework/src/Illuminate/Foundation/Http/Middleware/TransformsRequest.php(21): Illuminate\\Pipeline\\Pipeline->Illuminate\\Pipeline\\{closure}()
#45 /var/www/cuterav2.test/vendor/laravel/framework/src/Illuminate/Foundation/Http/Middleware/TrimStrings.php(40): Illuminate\\Foundation\\Http\\Middleware\\TransformsRequest->handle()
#46 /var/www/cuterav2.test/vendor/laravel/framework/src/Illuminate/Pipeline/Pipeline.php(167): Illuminate\\Foundation\\Http\\Middleware\\TrimStrings->handle()
#47 /var/www/cuterav2.test/vendor/laravel/framework/src/Illuminate/Foundation/Http/Middleware/ValidatePostSize.php(27): Illuminate\\Pipeline\\Pipeline->Illuminate\\Pipeline\\{closure}()
#48 /var/www/cuterav2.test/vendor/laravel/framework/src/Illuminate/Pipeline/Pipeline.php(167): Illuminate\\Foundation\\Http\\Middleware\\ValidatePostSize->handle()
#49 /var/www/cuterav2.test/vendor/laravel/framework/src/Illuminate/Foundation/Http/Middleware/PreventRequestsDuringMaintenance.php(86): Illuminate\\Pipeline\\Pipeline->Illuminate\\Pipeline\\{closure}()
#50 /var/www/cuterav2.test/vendor/laravel/framework/src/Illuminate/Pipeline/Pipeline.php(167): Illuminate\\Foundation\\Http\\Middleware\\PreventRequestsDuringMaintenance->handle()
#51 /var/www/cuterav2.test/vendor/fruitcake/laravel-cors/src/HandleCors.php(38): Illuminate\\Pipeline\\Pipeline->Illuminate\\Pipeline\\{closure}()
#52 /var/www/cuterav2.test/vendor/laravel/framework/src/Illuminate/Pipeline/Pipeline.php(167): Fruitcake\\Cors\\HandleCors->handle()
#53 /var/www/cuterav2.test/vendor/laravel/framework/src/Illuminate/Http/Middleware/TrustProxies.php(39): Illuminate\\Pipeline\\Pipeline->Illuminate\\Pipeline\\{closure}()
#54 /var/www/cuterav2.test/vendor/laravel/framework/src/Illuminate/Pipeline/Pipeline.php(167): Illuminate\\Http\\Middleware\\TrustProxies->handle()
#55 /var/www/cuterav2.test/vendor/laravel/framework/src/Illuminate/Pipeline/Pipeline.php(103): Illuminate\\Pipeline\\Pipeline->Illuminate\\Pipeline\\{closure}()
#56 /var/www/cuterav2.test/vendor/laravel/framework/src/Illuminate/Foundation/Http/Kernel.php(142): Illuminate\\Pipeline\\Pipeline->then()
#57 /var/www/cuterav2.test/vendor/laravel/framework/src/Illuminate/Foundation/Http/Kernel.php(111): Illuminate\\Foundation\\Http\\Kernel->sendRequestThroughRouter()
#58 /var/www/cuterav2.test/public/index.php(52): Illuminate\\Foundation\\Http\\Kernel->handle()
#59 {main}
"} 
[2022-03-15 14:16:20] local.ERROR: App\Models\Brand::getTotalRecords(): Argument #1 ($request) must be of type App\Models\Request, Illuminate\Http\Request given, called in /var/www/cuterav2.test/app/Http/Controllers/Admin/BrandsController.php on line 71 {"userId":1,"exception":"[object] (TypeError(code: 0): App\\Models\\Brand::getTotalRecords(): Argument #1 ($request) must be of type App\\Models\\Request, Illuminate\\Http\\Request given, called in /var/www/cuterav2.test/app/Http/Controllers/Admin/BrandsController.php on line 71 at /var/www/cuterav2.test/app/Models/Brand.php:24)
[stacktrace]
#0 /var/www/cuterav2.test/app/Http/Controllers/Admin/BrandsController.php(71): App\\Models\\Brand::getTotalRecords()
#1 /var/www/cuterav2.test/vendor/laravel/framework/src/Illuminate/Routing/Controller.php(54): App\\Http\\Controllers\\Admin\\BrandsController->datatable()
#2 /var/www/cuterav2.test/vendor/laravel/framework/src/Illuminate/Routing/ControllerDispatcher.php(45): Illuminate\\Routing\\Controller->callAction()
#3 /var/www/cuterav2.test/vendor/laravel/framework/src/Illuminate/Routing/Route.php(262): Illuminate\\Routing\\ControllerDispatcher->dispatch()
#4 /var/www/cuterav2.test/vendor/laravel/framework/src/Illuminate/Routing/Route.php(205): Illuminate\\Routing\\Route->runController()
#5 /var/www/cuterav2.test/vendor/laravel/framework/src/Illuminate/Routing/Router.php(721): Illuminate\\Routing\\Route->run()
#6 /var/www/cuterav2.test/vendor/laravel/framework/src/Illuminate/Pipeline/Pipeline.php(128): Illuminate\\Routing\\Router->Illuminate\\Routing\\{closure}()
#7 /var/www/cuterav2.test/app/Http/Middleware/AuthenticateApiWeb.php(24): Illuminate\\Pipeline\\Pipeline->Illuminate\\Pipeline\\{closure}()
#8 /var/www/cuterav2.test/vendor/laravel/framework/src/Illuminate/Pipeline/Pipeline.php(167): App\\Http\\Middleware\\AuthenticateApiWeb->handle()
#9 /var/www/cuterav2.test/vendor/laravel/framework/src/Illuminate/Routing/Middleware/SubstituteBindings.php(50): Illuminate\\Pipeline\\Pipeline->Illuminate\\Pipeline\\{closure}()
#10 /var/www/cuterav2.test/vendor/laravel/framework/src/Illuminate/Pipeline/Pipeline.php(167): Illuminate\\Routing\\Middleware\\SubstituteBindings->handle()
#11 /var/www/cuterav2.test/app/Http/Middleware/VerifyCsrfToken.php(32): Illuminate\\Pipeline\\Pipeline->Illuminate\\Pipeline\\{closure}()
#12 /var/www/cuterav2.test/vendor/laravel/framework/src/Illuminate/Pipeline/Pipeline.php(167): App\\Http\\Middleware\\VerifyCsrfToken->handle()
#13 /var/www/cuterav2.test/vendor/laravel/framework/src/Illuminate/View/Middleware/ShareErrorsFromSession.php(49): Illuminate\\Pipeline\\Pipeline->Illuminate\\Pipeline\\{closure}()
#14 /var/www/cuterav2.test/vendor/laravel/framework/src/Illuminate/Pipeline/Pipeline.php(167): Illuminate\\View\\Middleware\\ShareErrorsFromSession->handle()
#15 /var/www/cuterav2.test/vendor/laravel/framework/src/Illuminate/Session/Middleware/StartSession.php(121): Illuminate\\Pipeline\\Pipeline->Illuminate\\Pipeline\\{closure}()
#16 /var/www/cuterav2.test/vendor/laravel/framework/src/Illuminate/Session/Middleware/StartSession.php(64): Illuminate\\Session\\Middleware\\StartSession->handleStatefulRequest()
#17 /var/www/cuterav2.test/vendor/laravel/framework/src/Illuminate/Pipeline/Pipeline.php(167): Illuminate\\Session\\Middleware\\StartSession->handle()
#18 /var/www/cuterav2.test/vendor/laravel/framework/src/Illuminate/Cookie/Middleware/AddQueuedCookiesToResponse.php(37): Illuminate\\Pipeline\\Pipeline->Illuminate\\Pipeline\\{closure}()
#19 /var/www/cuterav2.test/vendor/laravel/framework/src/Illuminate/Pipeline/Pipeline.php(167): Illuminate\\Cookie\\Middleware\\AddQueuedCookiesToResponse->handle()
#20 /var/www/cuterav2.test/vendor/laravel/framework/src/Illuminate/Cookie/Middleware/EncryptCookies.php(67): Illuminate\\Pipeline\\Pipeline->Illuminate\\Pipeline\\{closure}()
#21 /var/www/cuterav2.test/vendor/laravel/framework/src/Illuminate/Pipeline/Pipeline.php(167): Illuminate\\Cookie\\Middleware\\EncryptCookies->handle()
#22 /var/www/cuterav2.test/vendor/laravel/framework/src/Illuminate/Pipeline/Pipeline.php(103): Illuminate\\Pipeline\\Pipeline->Illuminate\\Pipeline\\{closure}()
#23 /var/www/cuterav2.test/vendor/laravel/framework/src/Illuminate/Routing/Router.php(723): Illuminate\\Pipeline\\Pipeline->then()
#24 /var/www/cuterav2.test/vendor/laravel/framework/src/Illuminate/Routing/Router.php(698): Illuminate\\Routing\\Router->runRouteWithinStack()
#25 /var/www/cuterav2.test/vendor/laravel/framework/src/Illuminate/Routing/Router.php(662): Illuminate\\Routing\\Router->runRoute()
#26 /var/www/cuterav2.test/vendor/laravel/framework/src/Illuminate/Routing/Router.php(651): Illuminate\\Routing\\Router->dispatchToRoute()
#27 /var/www/cuterav2.test/vendor/laravel/framework/src/Illuminate/Foundation/Http/Kernel.php(167): Illuminate\\Routing\\Router->dispatch()
#28 /var/www/cuterav2.test/vendor/laravel/framework/src/Illuminate/Pipeline/Pipeline.php(128): Illuminate\\Foundation\\Http\\Kernel->Illuminate\\Foundation\\Http\\{closure}()
#29 /var/www/cuterav2.test/vendor/laravel/framework/src/Illuminate/Foundation/Http/Middleware/TransformsRequest.php(21): Illuminate\\Pipeline\\Pipeline->Illuminate\\Pipeline\\{closure}()
#30 /var/www/cuterav2.test/vendor/laravel/framework/src/Illuminate/Foundation/Http/Middleware/ConvertEmptyStringsToNull.php(31): Illuminate\\Foundation\\Http\\Middleware\\TransformsRequest->handle()
#31 /var/www/cuterav2.test/vendor/laravel/framework/src/Illuminate/Pipeline/Pipeline.php(167): Illuminate\\Foundation\\Http\\Middleware\\ConvertEmptyStringsToNull->handle()
#32 /var/www/cuterav2.test/vendor/laravel/framework/src/Illuminate/Foundation/Http/Middleware/TransformsRequest.php(21): Illuminate\\Pipeline\\Pipeline->Illuminate\\Pipeline\\{closure}()
#33 /var/www/cuterav2.test/vendor/laravel/framework/src/Illuminate/Foundation/Http/Middleware/TrimStrings.php(40): Illuminate\\Foundation\\Http\\Middleware\\TransformsRequest->handle()
#34 /var/www/cuterav2.test/vendor/laravel/framework/src/Illuminate/Pipeline/Pipeline.php(167): Illuminate\\Foundation\\Http\\Middleware\\TrimStrings->handle()
#35 /var/www/cuterav2.test/vendor/laravel/framework/src/Illuminate/Foundation/Http/Middleware/ValidatePostSize.php(27): Illuminate\\Pipeline\\Pipeline->Illuminate\\Pipeline\\{closure}()
#36 /var/www/cuterav2.test/vendor/laravel/framework/src/Illuminate/Pipeline/Pipeline.php(167): Illuminate\\Foundation\\Http\\Middleware\\ValidatePostSize->handle()
#37 /var/www/cuterav2.test/vendor/laravel/framework/src/Illuminate/Foundation/Http/Middleware/PreventRequestsDuringMaintenance.php(86): Illuminate\\Pipeline\\Pipeline->Illuminate\\Pipeline\\{closure}()
#38 /var/www/cuterav2.test/vendor/laravel/framework/src/Illuminate/Pipeline/Pipeline.php(167): Illuminate\\Foundation\\Http\\Middleware\\PreventRequestsDuringMaintenance->handle()
#39 /var/www/cuterav2.test/vendor/fruitcake/laravel-cors/src/HandleCors.php(52): Illuminate\\Pipeline\\Pipeline->Illuminate\\Pipeline\\{closure}()
#40 /var/www/cuterav2.test/vendor/laravel/framework/src/Illuminate/Pipeline/Pipeline.php(167): Fruitcake\\Cors\\HandleCors->handle()
#41 /var/www/cuterav2.test/vendor/laravel/framework/src/Illuminate/Http/Middleware/TrustProxies.php(39): Illuminate\\Pipeline\\Pipeline->Illuminate\\Pipeline\\{closure}()
#42 /var/www/cuterav2.test/vendor/laravel/framework/src/Illuminate/Pipeline/Pipeline.php(167): Illuminate\\Http\\Middleware\\TrustProxies->handle()
#43 /var/www/cuterav2.test/vendor/laravel/framework/src/Illuminate/Pipeline/Pipeline.php(103): Illuminate\\Pipeline\\Pipeline->Illuminate\\Pipeline\\{closure}()
#44 /var/www/cuterav2.test/vendor/laravel/framework/src/Illuminate/Foundation/Http/Kernel.php(142): Illuminate\\Pipeline\\Pipeline->then()
#45 /var/www/cuterav2.test/vendor/laravel/framework/src/Illuminate/Foundation/Http/Kernel.php(111): Illuminate\\Foundation\\Http\\Kernel->sendRequestThroughRouter()
#46 /var/www/cuterav2.test/public/index.php(52): Illuminate\\Foundation\\Http\\Kernel->handle()
#47 {main}
"} 
[2022-03-15 14:17:43] local.ERROR: App\Models\Brand::getTotalRecords(): Argument #1 ($request) must be of type App\Models\Request, Illuminate\Http\Request given, called in /var/www/cuterav2.test/app/Http/Controllers/Admin/BrandsController.php on line 70 {"userId":1,"exception":"[object] (TypeError(code: 0): App\\Models\\Brand::getTotalRecords(): Argument #1 ($request) must be of type App\\Models\\Request, Illuminate\\Http\\Request given, called in /var/www/cuterav2.test/app/Http/Controllers/Admin/BrandsController.php on line 70 at /var/www/cuterav2.test/app/Models/Brand.php:24)
[stacktrace]
#0 /var/www/cuterav2.test/app/Http/Controllers/Admin/BrandsController.php(70): App\\Models\\Brand::getTotalRecords()
#1 /var/www/cuterav2.test/vendor/laravel/framework/src/Illuminate/Routing/Controller.php(54): App\\Http\\Controllers\\Admin\\BrandsController->datatable()
#2 /var/www/cuterav2.test/vendor/laravel/framework/src/Illuminate/Routing/ControllerDispatcher.php(45): Illuminate\\Routing\\Controller->callAction()
#3 /var/www/cuterav2.test/vendor/laravel/framework/src/Illuminate/Routing/Route.php(262): Illuminate\\Routing\\ControllerDispatcher->dispatch()
#4 /var/www/cuterav2.test/vendor/laravel/framework/src/Illuminate/Routing/Route.php(205): Illuminate\\Routing\\Route->runController()
#5 /var/www/cuterav2.test/vendor/laravel/framework/src/Illuminate/Routing/Router.php(721): Illuminate\\Routing\\Route->run()
#6 /var/www/cuterav2.test/vendor/laravel/framework/src/Illuminate/Pipeline/Pipeline.php(128): Illuminate\\Routing\\Router->Illuminate\\Routing\\{closure}()
#7 /var/www/cuterav2.test/app/Http/Middleware/AuthenticateApiWeb.php(24): Illuminate\\Pipeline\\Pipeline->Illuminate\\Pipeline\\{closure}()
#8 /var/www/cuterav2.test/vendor/laravel/framework/src/Illuminate/Pipeline/Pipeline.php(167): App\\Http\\Middleware\\AuthenticateApiWeb->handle()
#9 /var/www/cuterav2.test/vendor/laravel/framework/src/Illuminate/Routing/Middleware/SubstituteBindings.php(50): Illuminate\\Pipeline\\Pipeline->Illuminate\\Pipeline\\{closure}()
#10 /var/www/cuterav2.test/vendor/laravel/framework/src/Illuminate/Pipeline/Pipeline.php(167): Illuminate\\Routing\\Middleware\\SubstituteBindings->handle()
#11 /var/www/cuterav2.test/app/Http/Middleware/VerifyCsrfToken.php(32): Illuminate\\Pipeline\\Pipeline->Illuminate\\Pipeline\\{closure}()
#12 /var/www/cuterav2.test/vendor/laravel/framework/src/Illuminate/Pipeline/Pipeline.php(167): App\\Http\\Middleware\\VerifyCsrfToken->handle()
#13 /var/www/cuterav2.test/vendor/laravel/framework/src/Illuminate/View/Middleware/ShareErrorsFromSession.php(49): Illuminate\\Pipeline\\Pipeline->Illuminate\\Pipeline\\{closure}()
#14 /var/www/cuterav2.test/vendor/laravel/framework/src/Illuminate/Pipeline/Pipeline.php(167): Illuminate\\View\\Middleware\\ShareErrorsFromSession->handle()
#15 /var/www/cuterav2.test/vendor/laravel/framework/src/Illuminate/Session/Middleware/StartSession.php(121): Illuminate\\Pipeline\\Pipeline->Illuminate\\Pipeline\\{closure}()
#16 /var/www/cuterav2.test/vendor/laravel/framework/src/Illuminate/Session/Middleware/StartSession.php(64): Illuminate\\Session\\Middleware\\StartSession->handleStatefulRequest()
#17 /var/www/cuterav2.test/vendor/laravel/framework/src/Illuminate/Pipeline/Pipeline.php(167): Illuminate\\Session\\Middleware\\StartSession->handle()
#18 /var/www/cuterav2.test/vendor/laravel/framework/src/Illuminate/Cookie/Middleware/AddQueuedCookiesToResponse.php(37): Illuminate\\Pipeline\\Pipeline->Illuminate\\Pipeline\\{closure}()
#19 /var/www/cuterav2.test/vendor/laravel/framework/src/Illuminate/Pipeline/Pipeline.php(167): Illuminate\\Cookie\\Middleware\\AddQueuedCookiesToResponse->handle()
#20 /var/www/cuterav2.test/vendor/laravel/framework/src/Illuminate/Cookie/Middleware/EncryptCookies.php(67): Illuminate\\Pipeline\\Pipeline->Illuminate\\Pipeline\\{closure}()
#21 /var/www/cuterav2.test/vendor/laravel/framework/src/Illuminate/Pipeline/Pipeline.php(167): Illuminate\\Cookie\\Middleware\\EncryptCookies->handle()
#22 /var/www/cuterav2.test/vendor/laravel/framework/src/Illuminate/Pipeline/Pipeline.php(103): Illuminate\\Pipeline\\Pipeline->Illuminate\\Pipeline\\{closure}()
#23 /var/www/cuterav2.test/vendor/laravel/framework/src/Illuminate/Routing/Router.php(723): Illuminate\\Pipeline\\Pipeline->then()
#24 /var/www/cuterav2.test/vendor/laravel/framework/src/Illuminate/Routing/Router.php(698): Illuminate\\Routing\\Router->runRouteWithinStack()
#25 /var/www/cuterav2.test/vendor/laravel/framework/src/Illuminate/Routing/Router.php(662): Illuminate\\Routing\\Router->runRoute()
#26 /var/www/cuterav2.test/vendor/laravel/framework/src/Illuminate/Routing/Router.php(651): Illuminate\\Routing\\Router->dispatchToRoute()
#27 /var/www/cuterav2.test/vendor/laravel/framework/src/Illuminate/Foundation/Http/Kernel.php(167): Illuminate\\Routing\\Router->dispatch()
#28 /var/www/cuterav2.test/vendor/laravel/framework/src/Illuminate/Pipeline/Pipeline.php(128): Illuminate\\Foundation\\Http\\Kernel->Illuminate\\Foundation\\Http\\{closure}()
#29 /var/www/cuterav2.test/vendor/laravel/framework/src/Illuminate/Foundation/Http/Middleware/TransformsRequest.php(21): Illuminate\\Pipeline\\Pipeline->Illuminate\\Pipeline\\{closure}()
#30 /var/www/cuterav2.test/vendor/laravel/framework/src/Illuminate/Foundation/Http/Middleware/ConvertEmptyStringsToNull.php(31): Illuminate\\Foundation\\Http\\Middleware\\TransformsRequest->handle()
#31 /var/www/cuterav2.test/vendor/laravel/framework/src/Illuminate/Pipeline/Pipeline.php(167): Illuminate\\Foundation\\Http\\Middleware\\ConvertEmptyStringsToNull->handle()
#32 /var/www/cuterav2.test/vendor/laravel/framework/src/Illuminate/Foundation/Http/Middleware/TransformsRequest.php(21): Illuminate\\Pipeline\\Pipeline->Illuminate\\Pipeline\\{closure}()
#33 /var/www/cuterav2.test/vendor/laravel/framework/src/Illuminate/Foundation/Http/Middleware/TrimStrings.php(40): Illuminate\\Foundation\\Http\\Middleware\\TransformsRequest->handle()
#34 /var/www/cuterav2.test/vendor/laravel/framework/src/Illuminate/Pipeline/Pipeline.php(167): Illuminate\\Foundation\\Http\\Middleware\\TrimStrings->handle()
#35 /var/www/cuterav2.test/vendor/laravel/framework/src/Illuminate/Foundation/Http/Middleware/ValidatePostSize.php(27): Illuminate\\Pipeline\\Pipeline->Illuminate\\Pipeline\\{closure}()
#36 /var/www/cuterav2.test/vendor/laravel/framework/src/Illuminate/Pipeline/Pipeline.php(167): Illuminate\\Foundation\\Http\\Middleware\\ValidatePostSize->handle()
#37 /var/www/cuterav2.test/vendor/laravel/framework/src/Illuminate/Foundation/Http/Middleware/PreventRequestsDuringMaintenance.php(86): Illuminate\\Pipeline\\Pipeline->Illuminate\\Pipeline\\{closure}()
#38 /var/www/cuterav2.test/vendor/laravel/framework/src/Illuminate/Pipeline/Pipeline.php(167): Illuminate\\Foundation\\Http\\Middleware\\PreventRequestsDuringMaintenance->handle()
#39 /var/www/cuterav2.test/vendor/fruitcake/laravel-cors/src/HandleCors.php(52): Illuminate\\Pipeline\\Pipeline->Illuminate\\Pipeline\\{closure}()
#40 /var/www/cuterav2.test/vendor/laravel/framework/src/Illuminate/Pipeline/Pipeline.php(167): Fruitcake\\Cors\\HandleCors->handle()
#41 /var/www/cuterav2.test/vendor/laravel/framework/src/Illuminate/Http/Middleware/TrustProxies.php(39): Illuminate\\Pipeline\\Pipeline->Illuminate\\Pipeline\\{closure}()
#42 /var/www/cuterav2.test/vendor/laravel/framework/src/Illuminate/Pipeline/Pipeline.php(167): Illuminate\\Http\\Middleware\\TrustProxies->handle()
#43 /var/www/cuterav2.test/vendor/laravel/framework/src/Illuminate/Pipeline/Pipeline.php(103): Illuminate\\Pipeline\\Pipeline->Illuminate\\Pipeline\\{closure}()
#44 /var/www/cuterav2.test/vendor/laravel/framework/src/Illuminate/Foundation/Http/Kernel.php(142): Illuminate\\Pipeline\\Pipeline->then()
#45 /var/www/cuterav2.test/vendor/laravel/framework/src/Illuminate/Foundation/Http/Kernel.php(111): Illuminate\\Foundation\\Http\\Kernel->sendRequestThroughRouter()
#46 /var/www/cuterav2.test/public/index.php(52): Illuminate\\Foundation\\Http\\Kernel->handle()
#47 {main}
"} 
[2022-03-15 14:17:50] local.ERROR: App\Models\Brand::getTotalRecords(): Argument #1 ($request) must be of type App\Models\Request, Illuminate\Http\Request given, called in /var/www/cuterav2.test/app/Http/Controllers/Admin/BrandsController.php on line 70 {"userId":1,"exception":"[object] (TypeError(code: 0): App\\Models\\Brand::getTotalRecords(): Argument #1 ($request) must be of type App\\Models\\Request, Illuminate\\Http\\Request given, called in /var/www/cuterav2.test/app/Http/Controllers/Admin/BrandsController.php on line 70 at /var/www/cuterav2.test/app/Models/Brand.php:24)
[stacktrace]
#0 /var/www/cuterav2.test/app/Http/Controllers/Admin/BrandsController.php(70): App\\Models\\Brand::getTotalRecords()
#1 /var/www/cuterav2.test/vendor/laravel/framework/src/Illuminate/Routing/Controller.php(54): App\\Http\\Controllers\\Admin\\BrandsController->datatable()
#2 /var/www/cuterav2.test/vendor/laravel/framework/src/Illuminate/Routing/ControllerDispatcher.php(45): Illuminate\\Routing\\Controller->callAction()
#3 /var/www/cuterav2.test/vendor/laravel/framework/src/Illuminate/Routing/Route.php(262): Illuminate\\Routing\\ControllerDispatcher->dispatch()
#4 /var/www/cuterav2.test/vendor/laravel/framework/src/Illuminate/Routing/Route.php(205): Illuminate\\Routing\\Route->runController()
#5 /var/www/cuterav2.test/vendor/laravel/framework/src/Illuminate/Routing/Router.php(721): Illuminate\\Routing\\Route->run()
#6 /var/www/cuterav2.test/vendor/laravel/framework/src/Illuminate/Pipeline/Pipeline.php(128): Illuminate\\Routing\\Router->Illuminate\\Routing\\{closure}()
#7 /var/www/cuterav2.test/app/Http/Middleware/AuthenticateApiWeb.php(24): Illuminate\\Pipeline\\Pipeline->Illuminate\\Pipeline\\{closure}()
#8 /var/www/cuterav2.test/vendor/laravel/framework/src/Illuminate/Pipeline/Pipeline.php(167): App\\Http\\Middleware\\AuthenticateApiWeb->handle()
#9 /var/www/cuterav2.test/vendor/laravel/framework/src/Illuminate/Routing/Middleware/SubstituteBindings.php(50): Illuminate\\Pipeline\\Pipeline->Illuminate\\Pipeline\\{closure}()
#10 /var/www/cuterav2.test/vendor/laravel/framework/src/Illuminate/Pipeline/Pipeline.php(167): Illuminate\\Routing\\Middleware\\SubstituteBindings->handle()
#11 /var/www/cuterav2.test/app/Http/Middleware/VerifyCsrfToken.php(32): Illuminate\\Pipeline\\Pipeline->Illuminate\\Pipeline\\{closure}()
#12 /var/www/cuterav2.test/vendor/laravel/framework/src/Illuminate/Pipeline/Pipeline.php(167): App\\Http\\Middleware\\VerifyCsrfToken->handle()
#13 /var/www/cuterav2.test/vendor/laravel/framework/src/Illuminate/View/Middleware/ShareErrorsFromSession.php(49): Illuminate\\Pipeline\\Pipeline->Illuminate\\Pipeline\\{closure}()
#14 /var/www/cuterav2.test/vendor/laravel/framework/src/Illuminate/Pipeline/Pipeline.php(167): Illuminate\\View\\Middleware\\ShareErrorsFromSession->handle()
#15 /var/www/cuterav2.test/vendor/laravel/framework/src/Illuminate/Session/Middleware/StartSession.php(121): Illuminate\\Pipeline\\Pipeline->Illuminate\\Pipeline\\{closure}()
#16 /var/www/cuterav2.test/vendor/laravel/framework/src/Illuminate/Session/Middleware/StartSession.php(64): Illuminate\\Session\\Middleware\\StartSession->handleStatefulRequest()
#17 /var/www/cuterav2.test/vendor/laravel/framework/src/Illuminate/Pipeline/Pipeline.php(167): Illuminate\\Session\\Middleware\\StartSession->handle()
#18 /var/www/cuterav2.test/vendor/laravel/framework/src/Illuminate/Cookie/Middleware/AddQueuedCookiesToResponse.php(37): Illuminate\\Pipeline\\Pipeline->Illuminate\\Pipeline\\{closure}()
#19 /var/www/cuterav2.test/vendor/laravel/framework/src/Illuminate/Pipeline/Pipeline.php(167): Illuminate\\Cookie\\Middleware\\AddQueuedCookiesToResponse->handle()
#20 /var/www/cuterav2.test/vendor/laravel/framework/src/Illuminate/Cookie/Middleware/EncryptCookies.php(67): Illuminate\\Pipeline\\Pipeline->Illuminate\\Pipeline\\{closure}()
#21 /var/www/cuterav2.test/vendor/laravel/framework/src/Illuminate/Pipeline/Pipeline.php(167): Illuminate\\Cookie\\Middleware\\EncryptCookies->handle()
#22 /var/www/cuterav2.test/vendor/laravel/framework/src/Illuminate/Pipeline/Pipeline.php(103): Illuminate\\Pipeline\\Pipeline->Illuminate\\Pipeline\\{closure}()
#23 /var/www/cuterav2.test/vendor/laravel/framework/src/Illuminate/Routing/Router.php(723): Illuminate\\Pipeline\\Pipeline->then()
#24 /var/www/cuterav2.test/vendor/laravel/framework/src/Illuminate/Routing/Router.php(698): Illuminate\\Routing\\Router->runRouteWithinStack()
#25 /var/www/cuterav2.test/vendor/laravel/framework/src/Illuminate/Routing/Router.php(662): Illuminate\\Routing\\Router->runRoute()
#26 /var/www/cuterav2.test/vendor/laravel/framework/src/Illuminate/Routing/Router.php(651): Illuminate\\Routing\\Router->dispatchToRoute()
#27 /var/www/cuterav2.test/vendor/laravel/framework/src/Illuminate/Foundation/Http/Kernel.php(167): Illuminate\\Routing\\Router->dispatch()
#28 /var/www/cuterav2.test/vendor/laravel/framework/src/Illuminate/Pipeline/Pipeline.php(128): Illuminate\\Foundation\\Http\\Kernel->Illuminate\\Foundation\\Http\\{closure}()
#29 /var/www/cuterav2.test/vendor/laravel/framework/src/Illuminate/Foundation/Http/Middleware/TransformsRequest.php(21): Illuminate\\Pipeline\\Pipeline->Illuminate\\Pipeline\\{closure}()
#30 /var/www/cuterav2.test/vendor/laravel/framework/src/Illuminate/Foundation/Http/Middleware/ConvertEmptyStringsToNull.php(31): Illuminate\\Foundation\\Http\\Middleware\\TransformsRequest->handle()
#31 /var/www/cuterav2.test/vendor/laravel/framework/src/Illuminate/Pipeline/Pipeline.php(167): Illuminate\\Foundation\\Http\\Middleware\\ConvertEmptyStringsToNull->handle()
#32 /var/www/cuterav2.test/vendor/laravel/framework/src/Illuminate/Foundation/Http/Middleware/TransformsRequest.php(21): Illuminate\\Pipeline\\Pipeline->Illuminate\\Pipeline\\{closure}()
#33 /var/www/cuterav2.test/vendor/laravel/framework/src/Illuminate/Foundation/Http/Middleware/TrimStrings.php(40): Illuminate\\Foundation\\Http\\Middleware\\TransformsRequest->handle()
#34 /var/www/cuterav2.test/vendor/laravel/framework/src/Illuminate/Pipeline/Pipeline.php(167): Illuminate\\Foundation\\Http\\Middleware\\TrimStrings->handle()
#35 /var/www/cuterav2.test/vendor/laravel/framework/src/Illuminate/Foundation/Http/Middleware/ValidatePostSize.php(27): Illuminate\\Pipeline\\Pipeline->Illuminate\\Pipeline\\{closure}()
#36 /var/www/cuterav2.test/vendor/laravel/framework/src/Illuminate/Pipeline/Pipeline.php(167): Illuminate\\Foundation\\Http\\Middleware\\ValidatePostSize->handle()
#37 /var/www/cuterav2.test/vendor/laravel/framework/src/Illuminate/Foundation/Http/Middleware/PreventRequestsDuringMaintenance.php(86): Illuminate\\Pipeline\\Pipeline->Illuminate\\Pipeline\\{closure}()
#38 /var/www/cuterav2.test/vendor/laravel/framework/src/Illuminate/Pipeline/Pipeline.php(167): Illuminate\\Foundation\\Http\\Middleware\\PreventRequestsDuringMaintenance->handle()
#39 /var/www/cuterav2.test/vendor/fruitcake/laravel-cors/src/HandleCors.php(52): Illuminate\\Pipeline\\Pipeline->Illuminate\\Pipeline\\{closure}()
#40 /var/www/cuterav2.test/vendor/laravel/framework/src/Illuminate/Pipeline/Pipeline.php(167): Fruitcake\\Cors\\HandleCors->handle()
#41 /var/www/cuterav2.test/vendor/laravel/framework/src/Illuminate/Http/Middleware/TrustProxies.php(39): Illuminate\\Pipeline\\Pipeline->Illuminate\\Pipeline\\{closure}()
#42 /var/www/cuterav2.test/vendor/laravel/framework/src/Illuminate/Pipeline/Pipeline.php(167): Illuminate\\Http\\Middleware\\TrustProxies->handle()
#43 /var/www/cuterav2.test/vendor/laravel/framework/src/Illuminate/Pipeline/Pipeline.php(103): Illuminate\\Pipeline\\Pipeline->Illuminate\\Pipeline\\{closure}()
#44 /var/www/cuterav2.test/vendor/laravel/framework/src/Illuminate/Foundation/Http/Kernel.php(142): Illuminate\\Pipeline\\Pipeline->then()
#45 /var/www/cuterav2.test/vendor/laravel/framework/src/Illuminate/Foundation/Http/Kernel.php(111): Illuminate\\Foundation\\Http\\Kernel->sendRequestThroughRouter()
#46 /var/www/cuterav2.test/public/index.php(52): Illuminate\\Foundation\\Http\\Kernel->handle()
#47 {main}
"} 
[2022-03-15 14:18:46] local.ERROR: App\Models\Brand::getTotalRecords(): Argument #1 ($request) must be of type App\Models\Request, Illuminate\Http\Request given, called in /var/www/cuterav2.test/app/Http/Controllers/Admin/BrandsController.php on line 70 {"userId":1,"exception":"[object] (TypeError(code: 0): App\\Models\\Brand::getTotalRecords(): Argument #1 ($request) must be of type App\\Models\\Request, Illuminate\\Http\\Request given, called in /var/www/cuterav2.test/app/Http/Controllers/Admin/BrandsController.php on line 70 at /var/www/cuterav2.test/app/Models/Brand.php:24)
[stacktrace]
#0 /var/www/cuterav2.test/app/Http/Controllers/Admin/BrandsController.php(70): App\\Models\\Brand::getTotalRecords()
#1 /var/www/cuterav2.test/vendor/laravel/framework/src/Illuminate/Routing/Controller.php(54): App\\Http\\Controllers\\Admin\\BrandsController->datatable()
#2 /var/www/cuterav2.test/vendor/laravel/framework/src/Illuminate/Routing/ControllerDispatcher.php(45): Illuminate\\Routing\\Controller->callAction()
#3 /var/www/cuterav2.test/vendor/laravel/framework/src/Illuminate/Routing/Route.php(262): Illuminate\\Routing\\ControllerDispatcher->dispatch()
#4 /var/www/cuterav2.test/vendor/laravel/framework/src/Illuminate/Routing/Route.php(205): Illuminate\\Routing\\Route->runController()
#5 /var/www/cuterav2.test/vendor/laravel/framework/src/Illuminate/Routing/Router.php(721): Illuminate\\Routing\\Route->run()
#6 /var/www/cuterav2.test/vendor/laravel/framework/src/Illuminate/Pipeline/Pipeline.php(128): Illuminate\\Routing\\Router->Illuminate\\Routing\\{closure}()
#7 /var/www/cuterav2.test/app/Http/Middleware/AuthenticateApiWeb.php(24): Illuminate\\Pipeline\\Pipeline->Illuminate\\Pipeline\\{closure}()
#8 /var/www/cuterav2.test/vendor/laravel/framework/src/Illuminate/Pipeline/Pipeline.php(167): App\\Http\\Middleware\\AuthenticateApiWeb->handle()
#9 /var/www/cuterav2.test/vendor/laravel/framework/src/Illuminate/Routing/Middleware/SubstituteBindings.php(50): Illuminate\\Pipeline\\Pipeline->Illuminate\\Pipeline\\{closure}()
#10 /var/www/cuterav2.test/vendor/laravel/framework/src/Illuminate/Pipeline/Pipeline.php(167): Illuminate\\Routing\\Middleware\\SubstituteBindings->handle()
#11 /var/www/cuterav2.test/app/Http/Middleware/VerifyCsrfToken.php(32): Illuminate\\Pipeline\\Pipeline->Illuminate\\Pipeline\\{closure}()
#12 /var/www/cuterav2.test/vendor/laravel/framework/src/Illuminate/Pipeline/Pipeline.php(167): App\\Http\\Middleware\\VerifyCsrfToken->handle()
#13 /var/www/cuterav2.test/vendor/laravel/framework/src/Illuminate/View/Middleware/ShareErrorsFromSession.php(49): Illuminate\\Pipeline\\Pipeline->Illuminate\\Pipeline\\{closure}()
#14 /var/www/cuterav2.test/vendor/laravel/framework/src/Illuminate/Pipeline/Pipeline.php(167): Illuminate\\View\\Middleware\\ShareErrorsFromSession->handle()
#15 /var/www/cuterav2.test/vendor/laravel/framework/src/Illuminate/Session/Middleware/StartSession.php(121): Illuminate\\Pipeline\\Pipeline->Illuminate\\Pipeline\\{closure}()
#16 /var/www/cuterav2.test/vendor/laravel/framework/src/Illuminate/Session/Middleware/StartSession.php(64): Illuminate\\Session\\Middleware\\StartSession->handleStatefulRequest()
#17 /var/www/cuterav2.test/vendor/laravel/framework/src/Illuminate/Pipeline/Pipeline.php(167): Illuminate\\Session\\Middleware\\StartSession->handle()
#18 /var/www/cuterav2.test/vendor/laravel/framework/src/Illuminate/Cookie/Middleware/AddQueuedCookiesToResponse.php(37): Illuminate\\Pipeline\\Pipeline->Illuminate\\Pipeline\\{closure}()
#19 /var/www/cuterav2.test/vendor/laravel/framework/src/Illuminate/Pipeline/Pipeline.php(167): Illuminate\\Cookie\\Middleware\\AddQueuedCookiesToResponse->handle()
#20 /var/www/cuterav2.test/vendor/laravel/framework/src/Illuminate/Cookie/Middleware/EncryptCookies.php(67): Illuminate\\Pipeline\\Pipeline->Illuminate\\Pipeline\\{closure}()
#21 /var/www/cuterav2.test/vendor/laravel/framework/src/Illuminate/Pipeline/Pipeline.php(167): Illuminate\\Cookie\\Middleware\\EncryptCookies->handle()
#22 /var/www/cuterav2.test/vendor/laravel/framework/src/Illuminate/Pipeline/Pipeline.php(103): Illuminate\\Pipeline\\Pipeline->Illuminate\\Pipeline\\{closure}()
#23 /var/www/cuterav2.test/vendor/laravel/framework/src/Illuminate/Routing/Router.php(723): Illuminate\\Pipeline\\Pipeline->then()
#24 /var/www/cuterav2.test/vendor/laravel/framework/src/Illuminate/Routing/Router.php(698): Illuminate\\Routing\\Router->runRouteWithinStack()
#25 /var/www/cuterav2.test/vendor/laravel/framework/src/Illuminate/Routing/Router.php(662): Illuminate\\Routing\\Router->runRoute()
#26 /var/www/cuterav2.test/vendor/laravel/framework/src/Illuminate/Routing/Router.php(651): Illuminate\\Routing\\Router->dispatchToRoute()
#27 /var/www/cuterav2.test/vendor/laravel/framework/src/Illuminate/Foundation/Http/Kernel.php(167): Illuminate\\Routing\\Router->dispatch()
#28 /var/www/cuterav2.test/vendor/laravel/framework/src/Illuminate/Pipeline/Pipeline.php(128): Illuminate\\Foundation\\Http\\Kernel->Illuminate\\Foundation\\Http\\{closure}()
#29 /var/www/cuterav2.test/vendor/laravel/framework/src/Illuminate/Foundation/Http/Middleware/TransformsRequest.php(21): Illuminate\\Pipeline\\Pipeline->Illuminate\\Pipeline\\{closure}()
#30 /var/www/cuterav2.test/vendor/laravel/framework/src/Illuminate/Foundation/Http/Middleware/ConvertEmptyStringsToNull.php(31): Illuminate\\Foundation\\Http\\Middleware\\TransformsRequest->handle()
#31 /var/www/cuterav2.test/vendor/laravel/framework/src/Illuminate/Pipeline/Pipeline.php(167): Illuminate\\Foundation\\Http\\Middleware\\ConvertEmptyStringsToNull->handle()
#32 /var/www/cuterav2.test/vendor/laravel/framework/src/Illuminate/Foundation/Http/Middleware/TransformsRequest.php(21): Illuminate\\Pipeline\\Pipeline->Illuminate\\Pipeline\\{closure}()
#33 /var/www/cuterav2.test/vendor/laravel/framework/src/Illuminate/Foundation/Http/Middleware/TrimStrings.php(40): Illuminate\\Foundation\\Http\\Middleware\\TransformsRequest->handle()
#34 /var/www/cuterav2.test/vendor/laravel/framework/src/Illuminate/Pipeline/Pipeline.php(167): Illuminate\\Foundation\\Http\\Middleware\\TrimStrings->handle()
#35 /var/www/cuterav2.test/vendor/laravel/framework/src/Illuminate/Foundation/Http/Middleware/ValidatePostSize.php(27): Illuminate\\Pipeline\\Pipeline->Illuminate\\Pipeline\\{closure}()
#36 /var/www/cuterav2.test/vendor/laravel/framework/src/Illuminate/Pipeline/Pipeline.php(167): Illuminate\\Foundation\\Http\\Middleware\\ValidatePostSize->handle()
#37 /var/www/cuterav2.test/vendor/laravel/framework/src/Illuminate/Foundation/Http/Middleware/PreventRequestsDuringMaintenance.php(86): Illuminate\\Pipeline\\Pipeline->Illuminate\\Pipeline\\{closure}()
#38 /var/www/cuterav2.test/vendor/laravel/framework/src/Illuminate/Pipeline/Pipeline.php(167): Illuminate\\Foundation\\Http\\Middleware\\PreventRequestsDuringMaintenance->handle()
#39 /var/www/cuterav2.test/vendor/fruitcake/laravel-cors/src/HandleCors.php(52): Illuminate\\Pipeline\\Pipeline->Illuminate\\Pipeline\\{closure}()
#40 /var/www/cuterav2.test/vendor/laravel/framework/src/Illuminate/Pipeline/Pipeline.php(167): Fruitcake\\Cors\\HandleCors->handle()
#41 /var/www/cuterav2.test/vendor/laravel/framework/src/Illuminate/Http/Middleware/TrustProxies.php(39): Illuminate\\Pipeline\\Pipeline->Illuminate\\Pipeline\\{closure}()
#42 /var/www/cuterav2.test/vendor/laravel/framework/src/Illuminate/Pipeline/Pipeline.php(167): Illuminate\\Http\\Middleware\\TrustProxies->handle()
#43 /var/www/cuterav2.test/vendor/laravel/framework/src/Illuminate/Pipeline/Pipeline.php(103): Illuminate\\Pipeline\\Pipeline->Illuminate\\Pipeline\\{closure}()
#44 /var/www/cuterav2.test/vendor/laravel/framework/src/Illuminate/Foundation/Http/Kernel.php(142): Illuminate\\Pipeline\\Pipeline->then()
#45 /var/www/cuterav2.test/vendor/laravel/framework/src/Illuminate/Foundation/Http/Kernel.php(111): Illuminate\\Foundation\\Http\\Kernel->sendRequestThroughRouter()
#46 /var/www/cuterav2.test/public/index.php(52): Illuminate\\Foundation\\Http\\Kernel->handle()
#47 {main}
"} 
[2022-03-15 14:18:47] local.ERROR: App\Models\Brand::getTotalRecords(): Argument #1 ($request) must be of type App\Models\Request, Illuminate\Http\Request given, called in /var/www/cuterav2.test/app/Http/Controllers/Admin/BrandsController.php on line 70 {"userId":1,"exception":"[object] (TypeError(code: 0): App\\Models\\Brand::getTotalRecords(): Argument #1 ($request) must be of type App\\Models\\Request, Illuminate\\Http\\Request given, called in /var/www/cuterav2.test/app/Http/Controllers/Admin/BrandsController.php on line 70 at /var/www/cuterav2.test/app/Models/Brand.php:24)
[stacktrace]
#0 /var/www/cuterav2.test/app/Http/Controllers/Admin/BrandsController.php(70): App\\Models\\Brand::getTotalRecords()
#1 /var/www/cuterav2.test/vendor/laravel/framework/src/Illuminate/Routing/Controller.php(54): App\\Http\\Controllers\\Admin\\BrandsController->datatable()
#2 /var/www/cuterav2.test/vendor/laravel/framework/src/Illuminate/Routing/ControllerDispatcher.php(45): Illuminate\\Routing\\Controller->callAction()
#3 /var/www/cuterav2.test/vendor/laravel/framework/src/Illuminate/Routing/Route.php(262): Illuminate\\Routing\\ControllerDispatcher->dispatch()
#4 /var/www/cuterav2.test/vendor/laravel/framework/src/Illuminate/Routing/Route.php(205): Illuminate\\Routing\\Route->runController()
#5 /var/www/cuterav2.test/vendor/laravel/framework/src/Illuminate/Routing/Router.php(721): Illuminate\\Routing\\Route->run()
#6 /var/www/cuterav2.test/vendor/laravel/framework/src/Illuminate/Pipeline/Pipeline.php(128): Illuminate\\Routing\\Router->Illuminate\\Routing\\{closure}()
#7 /var/www/cuterav2.test/app/Http/Middleware/AuthenticateApiWeb.php(24): Illuminate\\Pipeline\\Pipeline->Illuminate\\Pipeline\\{closure}()
#8 /var/www/cuterav2.test/vendor/laravel/framework/src/Illuminate/Pipeline/Pipeline.php(167): App\\Http\\Middleware\\AuthenticateApiWeb->handle()
#9 /var/www/cuterav2.test/vendor/laravel/framework/src/Illuminate/Routing/Middleware/SubstituteBindings.php(50): Illuminate\\Pipeline\\Pipeline->Illuminate\\Pipeline\\{closure}()
#10 /var/www/cuterav2.test/vendor/laravel/framework/src/Illuminate/Pipeline/Pipeline.php(167): Illuminate\\Routing\\Middleware\\SubstituteBindings->handle()
#11 /var/www/cuterav2.test/app/Http/Middleware/VerifyCsrfToken.php(32): Illuminate\\Pipeline\\Pipeline->Illuminate\\Pipeline\\{closure}()
#12 /var/www/cuterav2.test/vendor/laravel/framework/src/Illuminate/Pipeline/Pipeline.php(167): App\\Http\\Middleware\\VerifyCsrfToken->handle()
#13 /var/www/cuterav2.test/vendor/laravel/framework/src/Illuminate/View/Middleware/ShareErrorsFromSession.php(49): Illuminate\\Pipeline\\Pipeline->Illuminate\\Pipeline\\{closure}()
#14 /var/www/cuterav2.test/vendor/laravel/framework/src/Illuminate/Pipeline/Pipeline.php(167): Illuminate\\View\\Middleware\\ShareErrorsFromSession->handle()
#15 /var/www/cuterav2.test/vendor/laravel/framework/src/Illuminate/Session/Middleware/StartSession.php(121): Illuminate\\Pipeline\\Pipeline->Illuminate\\Pipeline\\{closure}()
#16 /var/www/cuterav2.test/vendor/laravel/framework/src/Illuminate/Session/Middleware/StartSession.php(64): Illuminate\\Session\\Middleware\\StartSession->handleStatefulRequest()
#17 /var/www/cuterav2.test/vendor/laravel/framework/src/Illuminate/Pipeline/Pipeline.php(167): Illuminate\\Session\\Middleware\\StartSession->handle()
#18 /var/www/cuterav2.test/vendor/laravel/framework/src/Illuminate/Cookie/Middleware/AddQueuedCookiesToResponse.php(37): Illuminate\\Pipeline\\Pipeline->Illuminate\\Pipeline\\{closure}()
#19 /var/www/cuterav2.test/vendor/laravel/framework/src/Illuminate/Pipeline/Pipeline.php(167): Illuminate\\Cookie\\Middleware\\AddQueuedCookiesToResponse->handle()
#20 /var/www/cuterav2.test/vendor/laravel/framework/src/Illuminate/Cookie/Middleware/EncryptCookies.php(67): Illuminate\\Pipeline\\Pipeline->Illuminate\\Pipeline\\{closure}()
#21 /var/www/cuterav2.test/vendor/laravel/framework/src/Illuminate/Pipeline/Pipeline.php(167): Illuminate\\Cookie\\Middleware\\EncryptCookies->handle()
#22 /var/www/cuterav2.test/vendor/laravel/framework/src/Illuminate/Pipeline/Pipeline.php(103): Illuminate\\Pipeline\\Pipeline->Illuminate\\Pipeline\\{closure}()
#23 /var/www/cuterav2.test/vendor/laravel/framework/src/Illuminate/Routing/Router.php(723): Illuminate\\Pipeline\\Pipeline->then()
#24 /var/www/cuterav2.test/vendor/laravel/framework/src/Illuminate/Routing/Router.php(698): Illuminate\\Routing\\Router->runRouteWithinStack()
#25 /var/www/cuterav2.test/vendor/laravel/framework/src/Illuminate/Routing/Router.php(662): Illuminate\\Routing\\Router->runRoute()
#26 /var/www/cuterav2.test/vendor/laravel/framework/src/Illuminate/Routing/Router.php(651): Illuminate\\Routing\\Router->dispatchToRoute()
#27 /var/www/cuterav2.test/vendor/laravel/framework/src/Illuminate/Foundation/Http/Kernel.php(167): Illuminate\\Routing\\Router->dispatch()
#28 /var/www/cuterav2.test/vendor/laravel/framework/src/Illuminate/Pipeline/Pipeline.php(128): Illuminate\\Foundation\\Http\\Kernel->Illuminate\\Foundation\\Http\\{closure}()
#29 /var/www/cuterav2.test/vendor/laravel/framework/src/Illuminate/Foundation/Http/Middleware/TransformsRequest.php(21): Illuminate\\Pipeline\\Pipeline->Illuminate\\Pipeline\\{closure}()
#30 /var/www/cuterav2.test/vendor/laravel/framework/src/Illuminate/Foundation/Http/Middleware/ConvertEmptyStringsToNull.php(31): Illuminate\\Foundation\\Http\\Middleware\\TransformsRequest->handle()
#31 /var/www/cuterav2.test/vendor/laravel/framework/src/Illuminate/Pipeline/Pipeline.php(167): Illuminate\\Foundation\\Http\\Middleware\\ConvertEmptyStringsToNull->handle()
#32 /var/www/cuterav2.test/vendor/laravel/framework/src/Illuminate/Foundation/Http/Middleware/TransformsRequest.php(21): Illuminate\\Pipeline\\Pipeline->Illuminate\\Pipeline\\{closure}()
#33 /var/www/cuterav2.test/vendor/laravel/framework/src/Illuminate/Foundation/Http/Middleware/TrimStrings.php(40): Illuminate\\Foundation\\Http\\Middleware\\TransformsRequest->handle()
#34 /var/www/cuterav2.test/vendor/laravel/framework/src/Illuminate/Pipeline/Pipeline.php(167): Illuminate\\Foundation\\Http\\Middleware\\TrimStrings->handle()
#35 /var/www/cuterav2.test/vendor/laravel/framework/src/Illuminate/Foundation/Http/Middleware/ValidatePostSize.php(27): Illuminate\\Pipeline\\Pipeline->Illuminate\\Pipeline\\{closure}()
#36 /var/www/cuterav2.test/vendor/laravel/framework/src/Illuminate/Pipeline/Pipeline.php(167): Illuminate\\Foundation\\Http\\Middleware\\ValidatePostSize->handle()
#37 /var/www/cuterav2.test/vendor/laravel/framework/src/Illuminate/Foundation/Http/Middleware/PreventRequestsDuringMaintenance.php(86): Illuminate\\Pipeline\\Pipeline->Illuminate\\Pipeline\\{closure}()
#38 /var/www/cuterav2.test/vendor/laravel/framework/src/Illuminate/Pipeline/Pipeline.php(167): Illuminate\\Foundation\\Http\\Middleware\\PreventRequestsDuringMaintenance->handle()
#39 /var/www/cuterav2.test/vendor/fruitcake/laravel-cors/src/HandleCors.php(52): Illuminate\\Pipeline\\Pipeline->Illuminate\\Pipeline\\{closure}()
#40 /var/www/cuterav2.test/vendor/laravel/framework/src/Illuminate/Pipeline/Pipeline.php(167): Fruitcake\\Cors\\HandleCors->handle()
#41 /var/www/cuterav2.test/vendor/laravel/framework/src/Illuminate/Http/Middleware/TrustProxies.php(39): Illuminate\\Pipeline\\Pipeline->Illuminate\\Pipeline\\{closure}()
#42 /var/www/cuterav2.test/vendor/laravel/framework/src/Illuminate/Pipeline/Pipeline.php(167): Illuminate\\Http\\Middleware\\TrustProxies->handle()
#43 /var/www/cuterav2.test/vendor/laravel/framework/src/Illuminate/Pipeline/Pipeline.php(103): Illuminate\\Pipeline\\Pipeline->Illuminate\\Pipeline\\{closure}()
#44 /var/www/cuterav2.test/vendor/laravel/framework/src/Illuminate/Foundation/Http/Kernel.php(142): Illuminate\\Pipeline\\Pipeline->then()
#45 /var/www/cuterav2.test/vendor/laravel/framework/src/Illuminate/Foundation/Http/Kernel.php(111): Illuminate\\Foundation\\Http\\Kernel->sendRequestThroughRouter()
#46 /var/www/cuterav2.test/public/index.php(52): Illuminate\\Foundation\\Http\\Kernel->handle()
#47 {main}
"} 
[2022-03-15 14:23:16] local.ERROR: App\Models\Brand::getTotalRecords(): Argument #1 ($request) must be of type App\Models\Request, Illuminate\Http\Request given, called in /var/www/cuterav2.test/app/Http/Controllers/Admin/BrandsController.php on line 70 {"userId":1,"exception":"[object] (TypeError(code: 0): App\\Models\\Brand::getTotalRecords(): Argument #1 ($request) must be of type App\\Models\\Request, Illuminate\\Http\\Request given, called in /var/www/cuterav2.test/app/Http/Controllers/Admin/BrandsController.php on line 70 at /var/www/cuterav2.test/app/Models/Brand.php:24)
[stacktrace]
#0 /var/www/cuterav2.test/app/Http/Controllers/Admin/BrandsController.php(70): App\\Models\\Brand::getTotalRecords()
#1 /var/www/cuterav2.test/vendor/laravel/framework/src/Illuminate/Routing/Controller.php(54): App\\Http\\Controllers\\Admin\\BrandsController->datatable()
#2 /var/www/cuterav2.test/vendor/laravel/framework/src/Illuminate/Routing/ControllerDispatcher.php(45): Illuminate\\Routing\\Controller->callAction()
#3 /var/www/cuterav2.test/vendor/laravel/framework/src/Illuminate/Routing/Route.php(262): Illuminate\\Routing\\ControllerDispatcher->dispatch()
#4 /var/www/cuterav2.test/vendor/laravel/framework/src/Illuminate/Routing/Route.php(205): Illuminate\\Routing\\Route->runController()
#5 /var/www/cuterav2.test/vendor/laravel/framework/src/Illuminate/Routing/Router.php(721): Illuminate\\Routing\\Route->run()
#6 /var/www/cuterav2.test/vendor/laravel/framework/src/Illuminate/Pipeline/Pipeline.php(128): Illuminate\\Routing\\Router->Illuminate\\Routing\\{closure}()
#7 /var/www/cuterav2.test/app/Http/Middleware/AuthenticateApiWeb.php(24): Illuminate\\Pipeline\\Pipeline->Illuminate\\Pipeline\\{closure}()
#8 /var/www/cuterav2.test/vendor/laravel/framework/src/Illuminate/Pipeline/Pipeline.php(167): App\\Http\\Middleware\\AuthenticateApiWeb->handle()
#9 /var/www/cuterav2.test/vendor/laravel/framework/src/Illuminate/Routing/Middleware/SubstituteBindings.php(50): Illuminate\\Pipeline\\Pipeline->Illuminate\\Pipeline\\{closure}()
#10 /var/www/cuterav2.test/vendor/laravel/framework/src/Illuminate/Pipeline/Pipeline.php(167): Illuminate\\Routing\\Middleware\\SubstituteBindings->handle()
#11 /var/www/cuterav2.test/app/Http/Middleware/VerifyCsrfToken.php(32): Illuminate\\Pipeline\\Pipeline->Illuminate\\Pipeline\\{closure}()
#12 /var/www/cuterav2.test/vendor/laravel/framework/src/Illuminate/Pipeline/Pipeline.php(167): App\\Http\\Middleware\\VerifyCsrfToken->handle()
#13 /var/www/cuterav2.test/vendor/laravel/framework/src/Illuminate/View/Middleware/ShareErrorsFromSession.php(49): Illuminate\\Pipeline\\Pipeline->Illuminate\\Pipeline\\{closure}()
#14 /var/www/cuterav2.test/vendor/laravel/framework/src/Illuminate/Pipeline/Pipeline.php(167): Illuminate\\View\\Middleware\\ShareErrorsFromSession->handle()
#15 /var/www/cuterav2.test/vendor/laravel/framework/src/Illuminate/Session/Middleware/StartSession.php(121): Illuminate\\Pipeline\\Pipeline->Illuminate\\Pipeline\\{closure}()
#16 /var/www/cuterav2.test/vendor/laravel/framework/src/Illuminate/Session/Middleware/StartSession.php(64): Illuminate\\Session\\Middleware\\StartSession->handleStatefulRequest()
#17 /var/www/cuterav2.test/vendor/laravel/framework/src/Illuminate/Pipeline/Pipeline.php(167): Illuminate\\Session\\Middleware\\StartSession->handle()
#18 /var/www/cuterav2.test/vendor/laravel/framework/src/Illuminate/Cookie/Middleware/AddQueuedCookiesToResponse.php(37): Illuminate\\Pipeline\\Pipeline->Illuminate\\Pipeline\\{closure}()
#19 /var/www/cuterav2.test/vendor/laravel/framework/src/Illuminate/Pipeline/Pipeline.php(167): Illuminate\\Cookie\\Middleware\\AddQueuedCookiesToResponse->handle()
#20 /var/www/cuterav2.test/vendor/laravel/framework/src/Illuminate/Cookie/Middleware/EncryptCookies.php(67): Illuminate\\Pipeline\\Pipeline->Illuminate\\Pipeline\\{closure}()
#21 /var/www/cuterav2.test/vendor/laravel/framework/src/Illuminate/Pipeline/Pipeline.php(167): Illuminate\\Cookie\\Middleware\\EncryptCookies->handle()
#22 /var/www/cuterav2.test/vendor/laravel/framework/src/Illuminate/Pipeline/Pipeline.php(103): Illuminate\\Pipeline\\Pipeline->Illuminate\\Pipeline\\{closure}()
#23 /var/www/cuterav2.test/vendor/laravel/framework/src/Illuminate/Routing/Router.php(723): Illuminate\\Pipeline\\Pipeline->then()
#24 /var/www/cuterav2.test/vendor/laravel/framework/src/Illuminate/Routing/Router.php(698): Illuminate\\Routing\\Router->runRouteWithinStack()
#25 /var/www/cuterav2.test/vendor/laravel/framework/src/Illuminate/Routing/Router.php(662): Illuminate\\Routing\\Router->runRoute()
#26 /var/www/cuterav2.test/vendor/laravel/framework/src/Illuminate/Routing/Router.php(651): Illuminate\\Routing\\Router->dispatchToRoute()
#27 /var/www/cuterav2.test/vendor/laravel/framework/src/Illuminate/Foundation/Http/Kernel.php(167): Illuminate\\Routing\\Router->dispatch()
#28 /var/www/cuterav2.test/vendor/laravel/framework/src/Illuminate/Pipeline/Pipeline.php(128): Illuminate\\Foundation\\Http\\Kernel->Illuminate\\Foundation\\Http\\{closure}()
#29 /var/www/cuterav2.test/vendor/laravel/framework/src/Illuminate/Foundation/Http/Middleware/TransformsRequest.php(21): Illuminate\\Pipeline\\Pipeline->Illuminate\\Pipeline\\{closure}()
#30 /var/www/cuterav2.test/vendor/laravel/framework/src/Illuminate/Foundation/Http/Middleware/ConvertEmptyStringsToNull.php(31): Illuminate\\Foundation\\Http\\Middleware\\TransformsRequest->handle()
#31 /var/www/cuterav2.test/vendor/laravel/framework/src/Illuminate/Pipeline/Pipeline.php(167): Illuminate\\Foundation\\Http\\Middleware\\ConvertEmptyStringsToNull->handle()
#32 /var/www/cuterav2.test/vendor/laravel/framework/src/Illuminate/Foundation/Http/Middleware/TransformsRequest.php(21): Illuminate\\Pipeline\\Pipeline->Illuminate\\Pipeline\\{closure}()
#33 /var/www/cuterav2.test/vendor/laravel/framework/src/Illuminate/Foundation/Http/Middleware/TrimStrings.php(40): Illuminate\\Foundation\\Http\\Middleware\\TransformsRequest->handle()
#34 /var/www/cuterav2.test/vendor/laravel/framework/src/Illuminate/Pipeline/Pipeline.php(167): Illuminate\\Foundation\\Http\\Middleware\\TrimStrings->handle()
#35 /var/www/cuterav2.test/vendor/laravel/framework/src/Illuminate/Foundation/Http/Middleware/ValidatePostSize.php(27): Illuminate\\Pipeline\\Pipeline->Illuminate\\Pipeline\\{closure}()
#36 /var/www/cuterav2.test/vendor/laravel/framework/src/Illuminate/Pipeline/Pipeline.php(167): Illuminate\\Foundation\\Http\\Middleware\\ValidatePostSize->handle()
#37 /var/www/cuterav2.test/vendor/laravel/framework/src/Illuminate/Foundation/Http/Middleware/PreventRequestsDuringMaintenance.php(86): Illuminate\\Pipeline\\Pipeline->Illuminate\\Pipeline\\{closure}()
#38 /var/www/cuterav2.test/vendor/laravel/framework/src/Illuminate/Pipeline/Pipeline.php(167): Illuminate\\Foundation\\Http\\Middleware\\PreventRequestsDuringMaintenance->handle()
#39 /var/www/cuterav2.test/vendor/fruitcake/laravel-cors/src/HandleCors.php(52): Illuminate\\Pipeline\\Pipeline->Illuminate\\Pipeline\\{closure}()
#40 /var/www/cuterav2.test/vendor/laravel/framework/src/Illuminate/Pipeline/Pipeline.php(167): Fruitcake\\Cors\\HandleCors->handle()
#41 /var/www/cuterav2.test/vendor/laravel/framework/src/Illuminate/Http/Middleware/TrustProxies.php(39): Illuminate\\Pipeline\\Pipeline->Illuminate\\Pipeline\\{closure}()
#42 /var/www/cuterav2.test/vendor/laravel/framework/src/Illuminate/Pipeline/Pipeline.php(167): Illuminate\\Http\\Middleware\\TrustProxies->handle()
#43 /var/www/cuterav2.test/vendor/laravel/framework/src/Illuminate/Pipeline/Pipeline.php(103): Illuminate\\Pipeline\\Pipeline->Illuminate\\Pipeline\\{closure}()
#44 /var/www/cuterav2.test/vendor/laravel/framework/src/Illuminate/Foundation/Http/Kernel.php(142): Illuminate\\Pipeline\\Pipeline->then()
#45 /var/www/cuterav2.test/vendor/laravel/framework/src/Illuminate/Foundation/Http/Kernel.php(111): Illuminate\\Foundation\\Http\\Kernel->sendRequestThroughRouter()
#46 /var/www/cuterav2.test/public/index.php(52): Illuminate\\Foundation\\Http\\Kernel->handle()
#47 {main}
"} 
[2022-03-16 06:56:23] local.ERROR: App\Models\Brand::getTotalRecords(): Argument #1 ($request) must be of type App\Models\Request, Illuminate\Http\Request given, called in /var/www/cuterav2.test/app/Http/Controllers/Admin/BrandsController.php on line 70 {"userId":1,"exception":"[object] (TypeError(code: 0): App\\Models\\Brand::getTotalRecords(): Argument #1 ($request) must be of type App\\Models\\Request, Illuminate\\Http\\Request given, called in /var/www/cuterav2.test/app/Http/Controllers/Admin/BrandsController.php on line 70 at /var/www/cuterav2.test/app/Models/Brand.php:24)
[stacktrace]
#0 /var/www/cuterav2.test/app/Http/Controllers/Admin/BrandsController.php(70): App\\Models\\Brand::getTotalRecords()
#1 /var/www/cuterav2.test/vendor/laravel/framework/src/Illuminate/Routing/Controller.php(54): App\\Http\\Controllers\\Admin\\BrandsController->datatable()
#2 /var/www/cuterav2.test/vendor/laravel/framework/src/Illuminate/Routing/ControllerDispatcher.php(45): Illuminate\\Routing\\Controller->callAction()
#3 /var/www/cuterav2.test/vendor/laravel/framework/src/Illuminate/Routing/Route.php(262): Illuminate\\Routing\\ControllerDispatcher->dispatch()
#4 /var/www/cuterav2.test/vendor/laravel/framework/src/Illuminate/Routing/Route.php(205): Illuminate\\Routing\\Route->runController()
#5 /var/www/cuterav2.test/vendor/laravel/framework/src/Illuminate/Routing/Router.php(721): Illuminate\\Routing\\Route->run()
#6 /var/www/cuterav2.test/vendor/laravel/framework/src/Illuminate/Pipeline/Pipeline.php(128): Illuminate\\Routing\\Router->Illuminate\\Routing\\{closure}()
#7 /var/www/cuterav2.test/app/Http/Middleware/AuthenticateApiWeb.php(24): Illuminate\\Pipeline\\Pipeline->Illuminate\\Pipeline\\{closure}()
#8 /var/www/cuterav2.test/vendor/laravel/framework/src/Illuminate/Pipeline/Pipeline.php(167): App\\Http\\Middleware\\AuthenticateApiWeb->handle()
#9 /var/www/cuterav2.test/vendor/laravel/framework/src/Illuminate/Routing/Middleware/SubstituteBindings.php(50): Illuminate\\Pipeline\\Pipeline->Illuminate\\Pipeline\\{closure}()
#10 /var/www/cuterav2.test/vendor/laravel/framework/src/Illuminate/Pipeline/Pipeline.php(167): Illuminate\\Routing\\Middleware\\SubstituteBindings->handle()
#11 /var/www/cuterav2.test/app/Http/Middleware/VerifyCsrfToken.php(32): Illuminate\\Pipeline\\Pipeline->Illuminate\\Pipeline\\{closure}()
#12 /var/www/cuterav2.test/vendor/laravel/framework/src/Illuminate/Pipeline/Pipeline.php(167): App\\Http\\Middleware\\VerifyCsrfToken->handle()
#13 /var/www/cuterav2.test/vendor/laravel/framework/src/Illuminate/View/Middleware/ShareErrorsFromSession.php(49): Illuminate\\Pipeline\\Pipeline->Illuminate\\Pipeline\\{closure}()
#14 /var/www/cuterav2.test/vendor/laravel/framework/src/Illuminate/Pipeline/Pipeline.php(167): Illuminate\\View\\Middleware\\ShareErrorsFromSession->handle()
#15 /var/www/cuterav2.test/vendor/laravel/framework/src/Illuminate/Session/Middleware/StartSession.php(121): Illuminate\\Pipeline\\Pipeline->Illuminate\\Pipeline\\{closure}()
#16 /var/www/cuterav2.test/vendor/laravel/framework/src/Illuminate/Session/Middleware/StartSession.php(64): Illuminate\\Session\\Middleware\\StartSession->handleStatefulRequest()
#17 /var/www/cuterav2.test/vendor/laravel/framework/src/Illuminate/Pipeline/Pipeline.php(167): Illuminate\\Session\\Middleware\\StartSession->handle()
#18 /var/www/cuterav2.test/vendor/laravel/framework/src/Illuminate/Cookie/Middleware/AddQueuedCookiesToResponse.php(37): Illuminate\\Pipeline\\Pipeline->Illuminate\\Pipeline\\{closure}()
#19 /var/www/cuterav2.test/vendor/laravel/framework/src/Illuminate/Pipeline/Pipeline.php(167): Illuminate\\Cookie\\Middleware\\AddQueuedCookiesToResponse->handle()
#20 /var/www/cuterav2.test/vendor/laravel/framework/src/Illuminate/Cookie/Middleware/EncryptCookies.php(67): Illuminate\\Pipeline\\Pipeline->Illuminate\\Pipeline\\{closure}()
#21 /var/www/cuterav2.test/vendor/laravel/framework/src/Illuminate/Pipeline/Pipeline.php(167): Illuminate\\Cookie\\Middleware\\EncryptCookies->handle()
#22 /var/www/cuterav2.test/vendor/laravel/framework/src/Illuminate/Pipeline/Pipeline.php(103): Illuminate\\Pipeline\\Pipeline->Illuminate\\Pipeline\\{closure}()
#23 /var/www/cuterav2.test/vendor/laravel/framework/src/Illuminate/Routing/Router.php(723): Illuminate\\Pipeline\\Pipeline->then()
#24 /var/www/cuterav2.test/vendor/laravel/framework/src/Illuminate/Routing/Router.php(698): Illuminate\\Routing\\Router->runRouteWithinStack()
#25 /var/www/cuterav2.test/vendor/laravel/framework/src/Illuminate/Routing/Router.php(662): Illuminate\\Routing\\Router->runRoute()
#26 /var/www/cuterav2.test/vendor/laravel/framework/src/Illuminate/Routing/Router.php(651): Illuminate\\Routing\\Router->dispatchToRoute()
#27 /var/www/cuterav2.test/vendor/laravel/framework/src/Illuminate/Foundation/Http/Kernel.php(167): Illuminate\\Routing\\Router->dispatch()
#28 /var/www/cuterav2.test/vendor/laravel/framework/src/Illuminate/Pipeline/Pipeline.php(128): Illuminate\\Foundation\\Http\\Kernel->Illuminate\\Foundation\\Http\\{closure}()
#29 /var/www/cuterav2.test/vendor/laravel/framework/src/Illuminate/Foundation/Http/Middleware/TransformsRequest.php(21): Illuminate\\Pipeline\\Pipeline->Illuminate\\Pipeline\\{closure}()
#30 /var/www/cuterav2.test/vendor/laravel/framework/src/Illuminate/Foundation/Http/Middleware/ConvertEmptyStringsToNull.php(31): Illuminate\\Foundation\\Http\\Middleware\\TransformsRequest->handle()
#31 /var/www/cuterav2.test/vendor/laravel/framework/src/Illuminate/Pipeline/Pipeline.php(167): Illuminate\\Foundation\\Http\\Middleware\\ConvertEmptyStringsToNull->handle()
#32 /var/www/cuterav2.test/vendor/laravel/framework/src/Illuminate/Foundation/Http/Middleware/TransformsRequest.php(21): Illuminate\\Pipeline\\Pipeline->Illuminate\\Pipeline\\{closure}()
#33 /var/www/cuterav2.test/vendor/laravel/framework/src/Illuminate/Foundation/Http/Middleware/TrimStrings.php(40): Illuminate\\Foundation\\Http\\Middleware\\TransformsRequest->handle()
#34 /var/www/cuterav2.test/vendor/laravel/framework/src/Illuminate/Pipeline/Pipeline.php(167): Illuminate\\Foundation\\Http\\Middleware\\TrimStrings->handle()
#35 /var/www/cuterav2.test/vendor/laravel/framework/src/Illuminate/Foundation/Http/Middleware/ValidatePostSize.php(27): Illuminate\\Pipeline\\Pipeline->Illuminate\\Pipeline\\{closure}()
#36 /var/www/cuterav2.test/vendor/laravel/framework/src/Illuminate/Pipeline/Pipeline.php(167): Illuminate\\Foundation\\Http\\Middleware\\ValidatePostSize->handle()
#37 /var/www/cuterav2.test/vendor/laravel/framework/src/Illuminate/Foundation/Http/Middleware/PreventRequestsDuringMaintenance.php(86): Illuminate\\Pipeline\\Pipeline->Illuminate\\Pipeline\\{closure}()
#38 /var/www/cuterav2.test/vendor/laravel/framework/src/Illuminate/Pipeline/Pipeline.php(167): Illuminate\\Foundation\\Http\\Middleware\\PreventRequestsDuringMaintenance->handle()
#39 /var/www/cuterav2.test/vendor/fruitcake/laravel-cors/src/HandleCors.php(52): Illuminate\\Pipeline\\Pipeline->Illuminate\\Pipeline\\{closure}()
#40 /var/www/cuterav2.test/vendor/laravel/framework/src/Illuminate/Pipeline/Pipeline.php(167): Fruitcake\\Cors\\HandleCors->handle()
#41 /var/www/cuterav2.test/vendor/laravel/framework/src/Illuminate/Http/Middleware/TrustProxies.php(39): Illuminate\\Pipeline\\Pipeline->Illuminate\\Pipeline\\{closure}()
#42 /var/www/cuterav2.test/vendor/laravel/framework/src/Illuminate/Pipeline/Pipeline.php(167): Illuminate\\Http\\Middleware\\TrustProxies->handle()
#43 /var/www/cuterav2.test/vendor/laravel/framework/src/Illuminate/Pipeline/Pipeline.php(103): Illuminate\\Pipeline\\Pipeline->Illuminate\\Pipeline\\{closure}()
#44 /var/www/cuterav2.test/vendor/laravel/framework/src/Illuminate/Foundation/Http/Kernel.php(142): Illuminate\\Pipeline\\Pipeline->then()
#45 /var/www/cuterav2.test/vendor/laravel/framework/src/Illuminate/Foundation/Http/Kernel.php(111): Illuminate\\Foundation\\Http\\Kernel->sendRequestThroughRouter()
#46 /var/www/cuterav2.test/public/index.php(52): Illuminate\\Foundation\\Http\\Kernel->handle()
#47 {main}
"} 
[2022-03-16 07:09:33] local.ERROR: App\Models\Brand::getTotalRecords(): Argument #1 ($request) must be of type App\Models\Request, Illuminate\Http\Request given, called in /var/www/cuterav2.test/app/Http/Controllers/Admin/BrandsController.php on line 70 {"userId":1,"exception":"[object] (TypeError(code: 0): App\\Models\\Brand::getTotalRecords(): Argument #1 ($request) must be of type App\\Models\\Request, Illuminate\\Http\\Request given, called in /var/www/cuterav2.test/app/Http/Controllers/Admin/BrandsController.php on line 70 at /var/www/cuterav2.test/app/Models/Brand.php:24)
[stacktrace]
#0 /var/www/cuterav2.test/app/Http/Controllers/Admin/BrandsController.php(70): App\\Models\\Brand::getTotalRecords()
#1 /var/www/cuterav2.test/vendor/laravel/framework/src/Illuminate/Routing/Controller.php(54): App\\Http\\Controllers\\Admin\\BrandsController->datatable()
#2 /var/www/cuterav2.test/vendor/laravel/framework/src/Illuminate/Routing/ControllerDispatcher.php(45): Illuminate\\Routing\\Controller->callAction()
#3 /var/www/cuterav2.test/vendor/laravel/framework/src/Illuminate/Routing/Route.php(262): Illuminate\\Routing\\ControllerDispatcher->dispatch()
#4 /var/www/cuterav2.test/vendor/laravel/framework/src/Illuminate/Routing/Route.php(205): Illuminate\\Routing\\Route->runController()
#5 /var/www/cuterav2.test/vendor/laravel/framework/src/Illuminate/Routing/Router.php(721): Illuminate\\Routing\\Route->run()
#6 /var/www/cuterav2.test/vendor/laravel/framework/src/Illuminate/Pipeline/Pipeline.php(128): Illuminate\\Routing\\Router->Illuminate\\Routing\\{closure}()
#7 /var/www/cuterav2.test/app/Http/Middleware/AuthenticateApiWeb.php(24): Illuminate\\Pipeline\\Pipeline->Illuminate\\Pipeline\\{closure}()
#8 /var/www/cuterav2.test/vendor/laravel/framework/src/Illuminate/Pipeline/Pipeline.php(167): App\\Http\\Middleware\\AuthenticateApiWeb->handle()
#9 /var/www/cuterav2.test/vendor/laravel/framework/src/Illuminate/Routing/Middleware/SubstituteBindings.php(50): Illuminate\\Pipeline\\Pipeline->Illuminate\\Pipeline\\{closure}()
#10 /var/www/cuterav2.test/vendor/laravel/framework/src/Illuminate/Pipeline/Pipeline.php(167): Illuminate\\Routing\\Middleware\\SubstituteBindings->handle()
#11 /var/www/cuterav2.test/app/Http/Middleware/VerifyCsrfToken.php(32): Illuminate\\Pipeline\\Pipeline->Illuminate\\Pipeline\\{closure}()
#12 /var/www/cuterav2.test/vendor/laravel/framework/src/Illuminate/Pipeline/Pipeline.php(167): App\\Http\\Middleware\\VerifyCsrfToken->handle()
#13 /var/www/cuterav2.test/vendor/laravel/framework/src/Illuminate/View/Middleware/ShareErrorsFromSession.php(49): Illuminate\\Pipeline\\Pipeline->Illuminate\\Pipeline\\{closure}()
#14 /var/www/cuterav2.test/vendor/laravel/framework/src/Illuminate/Pipeline/Pipeline.php(167): Illuminate\\View\\Middleware\\ShareErrorsFromSession->handle()
#15 /var/www/cuterav2.test/vendor/laravel/framework/src/Illuminate/Session/Middleware/StartSession.php(121): Illuminate\\Pipeline\\Pipeline->Illuminate\\Pipeline\\{closure}()
#16 /var/www/cuterav2.test/vendor/laravel/framework/src/Illuminate/Session/Middleware/StartSession.php(64): Illuminate\\Session\\Middleware\\StartSession->handleStatefulRequest()
#17 /var/www/cuterav2.test/vendor/laravel/framework/src/Illuminate/Pipeline/Pipeline.php(167): Illuminate\\Session\\Middleware\\StartSession->handle()
#18 /var/www/cuterav2.test/vendor/laravel/framework/src/Illuminate/Cookie/Middleware/AddQueuedCookiesToResponse.php(37): Illuminate\\Pipeline\\Pipeline->Illuminate\\Pipeline\\{closure}()
#19 /var/www/cuterav2.test/vendor/laravel/framework/src/Illuminate/Pipeline/Pipeline.php(167): Illuminate\\Cookie\\Middleware\\AddQueuedCookiesToResponse->handle()
#20 /var/www/cuterav2.test/vendor/laravel/framework/src/Illuminate/Cookie/Middleware/EncryptCookies.php(67): Illuminate\\Pipeline\\Pipeline->Illuminate\\Pipeline\\{closure}()
#21 /var/www/cuterav2.test/vendor/laravel/framework/src/Illuminate/Pipeline/Pipeline.php(167): Illuminate\\Cookie\\Middleware\\EncryptCookies->handle()
#22 /var/www/cuterav2.test/vendor/laravel/framework/src/Illuminate/Pipeline/Pipeline.php(103): Illuminate\\Pipeline\\Pipeline->Illuminate\\Pipeline\\{closure}()
#23 /var/www/cuterav2.test/vendor/laravel/framework/src/Illuminate/Routing/Router.php(723): Illuminate\\Pipeline\\Pipeline->then()
#24 /var/www/cuterav2.test/vendor/laravel/framework/src/Illuminate/Routing/Router.php(698): Illuminate\\Routing\\Router->runRouteWithinStack()
#25 /var/www/cuterav2.test/vendor/laravel/framework/src/Illuminate/Routing/Router.php(662): Illuminate\\Routing\\Router->runRoute()
#26 /var/www/cuterav2.test/vendor/laravel/framework/src/Illuminate/Routing/Router.php(651): Illuminate\\Routing\\Router->dispatchToRoute()
#27 /var/www/cuterav2.test/vendor/laravel/framework/src/Illuminate/Foundation/Http/Kernel.php(167): Illuminate\\Routing\\Router->dispatch()
#28 /var/www/cuterav2.test/vendor/laravel/framework/src/Illuminate/Pipeline/Pipeline.php(128): Illuminate\\Foundation\\Http\\Kernel->Illuminate\\Foundation\\Http\\{closure}()
#29 /var/www/cuterav2.test/vendor/laravel/framework/src/Illuminate/Foundation/Http/Middleware/TransformsRequest.php(21): Illuminate\\Pipeline\\Pipeline->Illuminate\\Pipeline\\{closure}()
#30 /var/www/cuterav2.test/vendor/laravel/framework/src/Illuminate/Foundation/Http/Middleware/ConvertEmptyStringsToNull.php(31): Illuminate\\Foundation\\Http\\Middleware\\TransformsRequest->handle()
#31 /var/www/cuterav2.test/vendor/laravel/framework/src/Illuminate/Pipeline/Pipeline.php(167): Illuminate\\Foundation\\Http\\Middleware\\ConvertEmptyStringsToNull->handle()
#32 /var/www/cuterav2.test/vendor/laravel/framework/src/Illuminate/Foundation/Http/Middleware/TransformsRequest.php(21): Illuminate\\Pipeline\\Pipeline->Illuminate\\Pipeline\\{closure}()
#33 /var/www/cuterav2.test/vendor/laravel/framework/src/Illuminate/Foundation/Http/Middleware/TrimStrings.php(40): Illuminate\\Foundation\\Http\\Middleware\\TransformsRequest->handle()
#34 /var/www/cuterav2.test/vendor/laravel/framework/src/Illuminate/Pipeline/Pipeline.php(167): Illuminate\\Foundation\\Http\\Middleware\\TrimStrings->handle()
#35 /var/www/cuterav2.test/vendor/laravel/framework/src/Illuminate/Foundation/Http/Middleware/ValidatePostSize.php(27): Illuminate\\Pipeline\\Pipeline->Illuminate\\Pipeline\\{closure}()
#36 /var/www/cuterav2.test/vendor/laravel/framework/src/Illuminate/Pipeline/Pipeline.php(167): Illuminate\\Foundation\\Http\\Middleware\\ValidatePostSize->handle()
#37 /var/www/cuterav2.test/vendor/laravel/framework/src/Illuminate/Foundation/Http/Middleware/PreventRequestsDuringMaintenance.php(86): Illuminate\\Pipeline\\Pipeline->Illuminate\\Pipeline\\{closure}()
#38 /var/www/cuterav2.test/vendor/laravel/framework/src/Illuminate/Pipeline/Pipeline.php(167): Illuminate\\Foundation\\Http\\Middleware\\PreventRequestsDuringMaintenance->handle()
#39 /var/www/cuterav2.test/vendor/fruitcake/laravel-cors/src/HandleCors.php(52): Illuminate\\Pipeline\\Pipeline->Illuminate\\Pipeline\\{closure}()
#40 /var/www/cuterav2.test/vendor/laravel/framework/src/Illuminate/Pipeline/Pipeline.php(167): Fruitcake\\Cors\\HandleCors->handle()
#41 /var/www/cuterav2.test/vendor/laravel/framework/src/Illuminate/Http/Middleware/TrustProxies.php(39): Illuminate\\Pipeline\\Pipeline->Illuminate\\Pipeline\\{closure}()
#42 /var/www/cuterav2.test/vendor/laravel/framework/src/Illuminate/Pipeline/Pipeline.php(167): Illuminate\\Http\\Middleware\\TrustProxies->handle()
#43 /var/www/cuterav2.test/vendor/laravel/framework/src/Illuminate/Pipeline/Pipeline.php(103): Illuminate\\Pipeline\\Pipeline->Illuminate\\Pipeline\\{closure}()
#44 /var/www/cuterav2.test/vendor/laravel/framework/src/Illuminate/Foundation/Http/Kernel.php(142): Illuminate\\Pipeline\\Pipeline->then()
#45 /var/www/cuterav2.test/vendor/laravel/framework/src/Illuminate/Foundation/Http/Kernel.php(111): Illuminate\\Foundation\\Http\\Kernel->sendRequestThroughRouter()
#46 /var/www/cuterav2.test/public/index.php(52): Illuminate\\Foundation\\Http\\Kernel->handle()
#47 {main}
"} 
[2022-03-16 07:12:40] local.ERROR: Array callback has to contain indices 0 and 1 {"userId":1,"exception":"[object] (Error(code: 0): Array callback has to contain indices 0 and 1 at /var/www/cuterav2.test/app/Models/Brand.php:28)
[stacktrace]
#0 /var/www/cuterav2.test/app/Http/Controllers/Admin/BrandsController.php(70): App\\Models\\Brand::getTotalRecords()
#1 /var/www/cuterav2.test/vendor/laravel/framework/src/Illuminate/Routing/Controller.php(54): App\\Http\\Controllers\\Admin\\BrandsController->datatable()
#2 /var/www/cuterav2.test/vendor/laravel/framework/src/Illuminate/Routing/ControllerDispatcher.php(45): Illuminate\\Routing\\Controller->callAction()
#3 /var/www/cuterav2.test/vendor/laravel/framework/src/Illuminate/Routing/Route.php(262): Illuminate\\Routing\\ControllerDispatcher->dispatch()
#4 /var/www/cuterav2.test/vendor/laravel/framework/src/Illuminate/Routing/Route.php(205): Illuminate\\Routing\\Route->runController()
#5 /var/www/cuterav2.test/vendor/laravel/framework/src/Illuminate/Routing/Router.php(721): Illuminate\\Routing\\Route->run()
#6 /var/www/cuterav2.test/vendor/laravel/framework/src/Illuminate/Pipeline/Pipeline.php(128): Illuminate\\Routing\\Router->Illuminate\\Routing\\{closure}()
#7 /var/www/cuterav2.test/app/Http/Middleware/AuthenticateApiWeb.php(24): Illuminate\\Pipeline\\Pipeline->Illuminate\\Pipeline\\{closure}()
#8 /var/www/cuterav2.test/vendor/laravel/framework/src/Illuminate/Pipeline/Pipeline.php(167): App\\Http\\Middleware\\AuthenticateApiWeb->handle()
#9 /var/www/cuterav2.test/vendor/laravel/framework/src/Illuminate/Routing/Middleware/SubstituteBindings.php(50): Illuminate\\Pipeline\\Pipeline->Illuminate\\Pipeline\\{closure}()
#10 /var/www/cuterav2.test/vendor/laravel/framework/src/Illuminate/Pipeline/Pipeline.php(167): Illuminate\\Routing\\Middleware\\SubstituteBindings->handle()
#11 /var/www/cuterav2.test/app/Http/Middleware/VerifyCsrfToken.php(32): Illuminate\\Pipeline\\Pipeline->Illuminate\\Pipeline\\{closure}()
#12 /var/www/cuterav2.test/vendor/laravel/framework/src/Illuminate/Pipeline/Pipeline.php(167): App\\Http\\Middleware\\VerifyCsrfToken->handle()
#13 /var/www/cuterav2.test/vendor/laravel/framework/src/Illuminate/View/Middleware/ShareErrorsFromSession.php(49): Illuminate\\Pipeline\\Pipeline->Illuminate\\Pipeline\\{closure}()
#14 /var/www/cuterav2.test/vendor/laravel/framework/src/Illuminate/Pipeline/Pipeline.php(167): Illuminate\\View\\Middleware\\ShareErrorsFromSession->handle()
#15 /var/www/cuterav2.test/vendor/laravel/framework/src/Illuminate/Session/Middleware/StartSession.php(121): Illuminate\\Pipeline\\Pipeline->Illuminate\\Pipeline\\{closure}()
#16 /var/www/cuterav2.test/vendor/laravel/framework/src/Illuminate/Session/Middleware/StartSession.php(64): Illuminate\\Session\\Middleware\\StartSession->handleStatefulRequest()
#17 /var/www/cuterav2.test/vendor/laravel/framework/src/Illuminate/Pipeline/Pipeline.php(167): Illuminate\\Session\\Middleware\\StartSession->handle()
#18 /var/www/cuterav2.test/vendor/laravel/framework/src/Illuminate/Cookie/Middleware/AddQueuedCookiesToResponse.php(37): Illuminate\\Pipeline\\Pipeline->Illuminate\\Pipeline\\{closure}()
#19 /var/www/cuterav2.test/vendor/laravel/framework/src/Illuminate/Pipeline/Pipeline.php(167): Illuminate\\Cookie\\Middleware\\AddQueuedCookiesToResponse->handle()
#20 /var/www/cuterav2.test/vendor/laravel/framework/src/Illuminate/Cookie/Middleware/EncryptCookies.php(67): Illuminate\\Pipeline\\Pipeline->Illuminate\\Pipeline\\{closure}()
#21 /var/www/cuterav2.test/vendor/laravel/framework/src/Illuminate/Pipeline/Pipeline.php(167): Illuminate\\Cookie\\Middleware\\EncryptCookies->handle()
#22 /var/www/cuterav2.test/vendor/laravel/framework/src/Illuminate/Pipeline/Pipeline.php(103): Illuminate\\Pipeline\\Pipeline->Illuminate\\Pipeline\\{closure}()
#23 /var/www/cuterav2.test/vendor/laravel/framework/src/Illuminate/Routing/Router.php(723): Illuminate\\Pipeline\\Pipeline->then()
#24 /var/www/cuterav2.test/vendor/laravel/framework/src/Illuminate/Routing/Router.php(698): Illuminate\\Routing\\Router->runRouteWithinStack()
#25 /var/www/cuterav2.test/vendor/laravel/framework/src/Illuminate/Routing/Router.php(662): Illuminate\\Routing\\Router->runRoute()
#26 /var/www/cuterav2.test/vendor/laravel/framework/src/Illuminate/Routing/Router.php(651): Illuminate\\Routing\\Router->dispatchToRoute()
#27 /var/www/cuterav2.test/vendor/laravel/framework/src/Illuminate/Foundation/Http/Kernel.php(167): Illuminate\\Routing\\Router->dispatch()
#28 /var/www/cuterav2.test/vendor/laravel/framework/src/Illuminate/Pipeline/Pipeline.php(128): Illuminate\\Foundation\\Http\\Kernel->Illuminate\\Foundation\\Http\\{closure}()
#29 /var/www/cuterav2.test/vendor/laravel/framework/src/Illuminate/Foundation/Http/Middleware/TransformsRequest.php(21): Illuminate\\Pipeline\\Pipeline->Illuminate\\Pipeline\\{closure}()
#30 /var/www/cuterav2.test/vendor/laravel/framework/src/Illuminate/Foundation/Http/Middleware/ConvertEmptyStringsToNull.php(31): Illuminate\\Foundation\\Http\\Middleware\\TransformsRequest->handle()
#31 /var/www/cuterav2.test/vendor/laravel/framework/src/Illuminate/Pipeline/Pipeline.php(167): Illuminate\\Foundation\\Http\\Middleware\\ConvertEmptyStringsToNull->handle()
#32 /var/www/cuterav2.test/vendor/laravel/framework/src/Illuminate/Foundation/Http/Middleware/TransformsRequest.php(21): Illuminate\\Pipeline\\Pipeline->Illuminate\\Pipeline\\{closure}()
#33 /var/www/cuterav2.test/vendor/laravel/framework/src/Illuminate/Foundation/Http/Middleware/TrimStrings.php(40): Illuminate\\Foundation\\Http\\Middleware\\TransformsRequest->handle()
#34 /var/www/cuterav2.test/vendor/laravel/framework/src/Illuminate/Pipeline/Pipeline.php(167): Illuminate\\Foundation\\Http\\Middleware\\TrimStrings->handle()
#35 /var/www/cuterav2.test/vendor/laravel/framework/src/Illuminate/Foundation/Http/Middleware/ValidatePostSize.php(27): Illuminate\\Pipeline\\Pipeline->Illuminate\\Pipeline\\{closure}()
#36 /var/www/cuterav2.test/vendor/laravel/framework/src/Illuminate/Pipeline/Pipeline.php(167): Illuminate\\Foundation\\Http\\Middleware\\ValidatePostSize->handle()
#37 /var/www/cuterav2.test/vendor/laravel/framework/src/Illuminate/Foundation/Http/Middleware/PreventRequestsDuringMaintenance.php(86): Illuminate\\Pipeline\\Pipeline->Illuminate\\Pipeline\\{closure}()
#38 /var/www/cuterav2.test/vendor/laravel/framework/src/Illuminate/Pipeline/Pipeline.php(167): Illuminate\\Foundation\\Http\\Middleware\\PreventRequestsDuringMaintenance->handle()
#39 /var/www/cuterav2.test/vendor/fruitcake/laravel-cors/src/HandleCors.php(52): Illuminate\\Pipeline\\Pipeline->Illuminate\\Pipeline\\{closure}()
#40 /var/www/cuterav2.test/vendor/laravel/framework/src/Illuminate/Pipeline/Pipeline.php(167): Fruitcake\\Cors\\HandleCors->handle()
#41 /var/www/cuterav2.test/vendor/laravel/framework/src/Illuminate/Http/Middleware/TrustProxies.php(39): Illuminate\\Pipeline\\Pipeline->Illuminate\\Pipeline\\{closure}()
#42 /var/www/cuterav2.test/vendor/laravel/framework/src/Illuminate/Pipeline/Pipeline.php(167): Illuminate\\Http\\Middleware\\TrustProxies->handle()
#43 /var/www/cuterav2.test/vendor/laravel/framework/src/Illuminate/Pipeline/Pipeline.php(103): Illuminate\\Pipeline\\Pipeline->Illuminate\\Pipeline\\{closure}()
#44 /var/www/cuterav2.test/vendor/laravel/framework/src/Illuminate/Foundation/Http/Kernel.php(142): Illuminate\\Pipeline\\Pipeline->then()
#45 /var/www/cuterav2.test/vendor/laravel/framework/src/Illuminate/Foundation/Http/Kernel.php(111): Illuminate\\Foundation\\Http\\Kernel->sendRequestThroughRouter()
#46 /var/www/cuterav2.test/public/index.php(52): Illuminate\\Foundation\\Http\\Kernel->handle()
#47 {main}
"} 
[2022-03-16 08:14:15] local.ERROR: Route [admin.brands.store] not defined. (View: /var/www/cuterav2.test/resources/views/admin/brands/create.blade.php) {"view":{"view":"/var/www/cuterav2.test/vendor/laravel/framework/src/Illuminate/Routing/UrlGenerator.php","data":[]},"userId":1,"exception":"[object] (Facade\\Ignition\\Exceptions\\ViewException(code: 0): Route [admin.brands.store] not defined. (View: /var/www/cuterav2.test/resources/views/admin/brands/create.blade.php) at /var/www/cuterav2.test/vendor/laravel/framework/src/Illuminate/Routing/UrlGenerator.php:444)
[stacktrace]
#0 /var/www/cuterav2.test/vendor/laravel/framework/src/Illuminate/Foundation/helpers.php(739): Illuminate\\Routing\\UrlGenerator->route()
#1 /var/www/cuterav2.test/resources/views/admin/brands/create.blade.php(25): route()
#2 /var/www/cuterav2.test/vendor/laravel/framework/src/Illuminate/Filesystem/Filesystem.php(107): require('...')
#3 /var/www/cuterav2.test/vendor/laravel/framework/src/Illuminate/Filesystem/Filesystem.php(108): Illuminate\\Filesystem\\Filesystem::Illuminate\\Filesystem\\{closure}()
#4 /var/www/cuterav2.test/vendor/laravel/framework/src/Illuminate/View/Engines/PhpEngine.php(58): Illuminate\\Filesystem\\Filesystem->getRequire()
#5 /var/www/cuterav2.test/vendor/laravel/framework/src/Illuminate/View/Engines/CompilerEngine.php(61): Illuminate\\View\\Engines\\PhpEngine->evaluatePath()
#6 /var/www/cuterav2.test/vendor/facade/ignition/src/Views/Engines/CompilerEngine.php(37): Illuminate\\View\\Engines\\CompilerEngine->get()
#7 /var/www/cuterav2.test/vendor/laravel/framework/src/Illuminate/View/View.php(139): Facade\\Ignition\\Views\\Engines\\CompilerEngine->get()
#8 /var/www/cuterav2.test/vendor/laravel/framework/src/Illuminate/View/View.php(122): Illuminate\\View\\View->getContents()
#9 /var/www/cuterav2.test/vendor/laravel/framework/src/Illuminate/View/View.php(91): Illuminate\\View\\View->renderContents()
#10 /var/www/cuterav2.test/resources/views/admin/brands/index.blade.php(78): Illuminate\\View\\View->render()
#11 /var/www/cuterav2.test/vendor/laravel/framework/src/Illuminate/Filesystem/Filesystem.php(107): require('...')
#12 /var/www/cuterav2.test/vendor/laravel/framework/src/Illuminate/Filesystem/Filesystem.php(108): Illuminate\\Filesystem\\Filesystem::Illuminate\\Filesystem\\{closure}()
#13 /var/www/cuterav2.test/vendor/laravel/framework/src/Illuminate/View/Engines/PhpEngine.php(58): Illuminate\\Filesystem\\Filesystem->getRequire()
#14 /var/www/cuterav2.test/vendor/laravel/framework/src/Illuminate/View/Engines/CompilerEngine.php(61): Illuminate\\View\\Engines\\PhpEngine->evaluatePath()
#15 /var/www/cuterav2.test/vendor/facade/ignition/src/Views/Engines/CompilerEngine.php(37): Illuminate\\View\\Engines\\CompilerEngine->get()
#16 /var/www/cuterav2.test/vendor/laravel/framework/src/Illuminate/View/View.php(139): Facade\\Ignition\\Views\\Engines\\CompilerEngine->get()
#17 /var/www/cuterav2.test/vendor/laravel/framework/src/Illuminate/View/View.php(122): Illuminate\\View\\View->getContents()
#18 /var/www/cuterav2.test/vendor/laravel/framework/src/Illuminate/View/View.php(91): Illuminate\\View\\View->renderContents()
#19 /var/www/cuterav2.test/vendor/laravel/framework/src/Illuminate/Http/Response.php(69): Illuminate\\View\\View->render()
#20 /var/www/cuterav2.test/vendor/laravel/framework/src/Illuminate/Http/Response.php(35): Illuminate\\Http\\Response->setContent()
#21 /var/www/cuterav2.test/vendor/laravel/framework/src/Illuminate/Routing/Router.php(820): Illuminate\\Http\\Response->__construct()
#22 /var/www/cuterav2.test/vendor/laravel/framework/src/Illuminate/Routing/Router.php(789): Illuminate\\Routing\\Router::toResponse()
#23 /var/www/cuterav2.test/vendor/laravel/framework/src/Illuminate/Routing/Router.php(721): Illuminate\\Routing\\Router->prepareResponse()
#24 /var/www/cuterav2.test/vendor/laravel/framework/src/Illuminate/Pipeline/Pipeline.php(128): Illuminate\\Routing\\Router->Illuminate\\Routing\\{closure}()
#25 /var/www/cuterav2.test/app/Http/Middleware/CheckAccountStatus.php(20): Illuminate\\Pipeline\\Pipeline->Illuminate\\Pipeline\\{closure}()
#26 /var/www/cuterav2.test/vendor/laravel/framework/src/Illuminate/Pipeline/Pipeline.php(167): App\\Http\\Middleware\\CheckAccountStatus->handle()
#27 /var/www/cuterav2.test/app/Http/Middleware/AuthenticateApiWeb.php(24): Illuminate\\Pipeline\\Pipeline->Illuminate\\Pipeline\\{closure}()
#28 /var/www/cuterav2.test/vendor/laravel/framework/src/Illuminate/Pipeline/Pipeline.php(167): App\\Http\\Middleware\\AuthenticateApiWeb->handle()
#29 /var/www/cuterav2.test/vendor/laravel/framework/src/Illuminate/Routing/Middleware/SubstituteBindings.php(50): Illuminate\\Pipeline\\Pipeline->Illuminate\\Pipeline\\{closure}()
#30 /var/www/cuterav2.test/vendor/laravel/framework/src/Illuminate/Pipeline/Pipeline.php(167): Illuminate\\Routing\\Middleware\\SubstituteBindings->handle()
#31 /var/www/cuterav2.test/app/Http/Middleware/VerifyCsrfToken.php(32): Illuminate\\Pipeline\\Pipeline->Illuminate\\Pipeline\\{closure}()
#32 /var/www/cuterav2.test/vendor/laravel/framework/src/Illuminate/Pipeline/Pipeline.php(167): App\\Http\\Middleware\\VerifyCsrfToken->handle()
#33 /var/www/cuterav2.test/vendor/laravel/framework/src/Illuminate/View/Middleware/ShareErrorsFromSession.php(49): Illuminate\\Pipeline\\Pipeline->Illuminate\\Pipeline\\{closure}()
#34 /var/www/cuterav2.test/vendor/laravel/framework/src/Illuminate/Pipeline/Pipeline.php(167): Illuminate\\View\\Middleware\\ShareErrorsFromSession->handle()
#35 /var/www/cuterav2.test/vendor/laravel/framework/src/Illuminate/Session/Middleware/StartSession.php(121): Illuminate\\Pipeline\\Pipeline->Illuminate\\Pipeline\\{closure}()
#36 /var/www/cuterav2.test/vendor/laravel/framework/src/Illuminate/Session/Middleware/StartSession.php(64): Illuminate\\Session\\Middleware\\StartSession->handleStatefulRequest()
#37 /var/www/cuterav2.test/vendor/laravel/framework/src/Illuminate/Pipeline/Pipeline.php(167): Illuminate\\Session\\Middleware\\StartSession->handle()
#38 /var/www/cuterav2.test/vendor/laravel/framework/src/Illuminate/Cookie/Middleware/AddQueuedCookiesToResponse.php(37): Illuminate\\Pipeline\\Pipeline->Illuminate\\Pipeline\\{closure}()
#39 /var/www/cuterav2.test/vendor/laravel/framework/src/Illuminate/Pipeline/Pipeline.php(167): Illuminate\\Cookie\\Middleware\\AddQueuedCookiesToResponse->handle()
#40 /var/www/cuterav2.test/vendor/laravel/framework/src/Illuminate/Cookie/Middleware/EncryptCookies.php(67): Illuminate\\Pipeline\\Pipeline->Illuminate\\Pipeline\\{closure}()
#41 /var/www/cuterav2.test/vendor/laravel/framework/src/Illuminate/Pipeline/Pipeline.php(167): Illuminate\\Cookie\\Middleware\\EncryptCookies->handle()
#42 /var/www/cuterav2.test/vendor/laravel/framework/src/Illuminate/Pipeline/Pipeline.php(103): Illuminate\\Pipeline\\Pipeline->Illuminate\\Pipeline\\{closure}()
#43 /var/www/cuterav2.test/vendor/laravel/framework/src/Illuminate/Routing/Router.php(723): Illuminate\\Pipeline\\Pipeline->then()
#44 /var/www/cuterav2.test/vendor/laravel/framework/src/Illuminate/Routing/Router.php(698): Illuminate\\Routing\\Router->runRouteWithinStack()
#45 /var/www/cuterav2.test/vendor/laravel/framework/src/Illuminate/Routing/Router.php(662): Illuminate\\Routing\\Router->runRoute()
#46 /var/www/cuterav2.test/vendor/laravel/framework/src/Illuminate/Routing/Router.php(651): Illuminate\\Routing\\Router->dispatchToRoute()
#47 /var/www/cuterav2.test/vendor/laravel/framework/src/Illuminate/Foundation/Http/Kernel.php(167): Illuminate\\Routing\\Router->dispatch()
#48 /var/www/cuterav2.test/vendor/laravel/framework/src/Illuminate/Pipeline/Pipeline.php(128): Illuminate\\Foundation\\Http\\Kernel->Illuminate\\Foundation\\Http\\{closure}()
#49 /var/www/cuterav2.test/vendor/laravel/framework/src/Illuminate/Foundation/Http/Middleware/TransformsRequest.php(21): Illuminate\\Pipeline\\Pipeline->Illuminate\\Pipeline\\{closure}()
#50 /var/www/cuterav2.test/vendor/laravel/framework/src/Illuminate/Foundation/Http/Middleware/ConvertEmptyStringsToNull.php(31): Illuminate\\Foundation\\Http\\Middleware\\TransformsRequest->handle()
#51 /var/www/cuterav2.test/vendor/laravel/framework/src/Illuminate/Pipeline/Pipeline.php(167): Illuminate\\Foundation\\Http\\Middleware\\ConvertEmptyStringsToNull->handle()
#52 /var/www/cuterav2.test/vendor/laravel/framework/src/Illuminate/Foundation/Http/Middleware/TransformsRequest.php(21): Illuminate\\Pipeline\\Pipeline->Illuminate\\Pipeline\\{closure}()
#53 /var/www/cuterav2.test/vendor/laravel/framework/src/Illuminate/Foundation/Http/Middleware/TrimStrings.php(40): Illuminate\\Foundation\\Http\\Middleware\\TransformsRequest->handle()
#54 /var/www/cuterav2.test/vendor/laravel/framework/src/Illuminate/Pipeline/Pipeline.php(167): Illuminate\\Foundation\\Http\\Middleware\\TrimStrings->handle()
#55 /var/www/cuterav2.test/vendor/laravel/framework/src/Illuminate/Foundation/Http/Middleware/ValidatePostSize.php(27): Illuminate\\Pipeline\\Pipeline->Illuminate\\Pipeline\\{closure}()
#56 /var/www/cuterav2.test/vendor/laravel/framework/src/Illuminate/Pipeline/Pipeline.php(167): Illuminate\\Foundation\\Http\\Middleware\\ValidatePostSize->handle()
#57 /var/www/cuterav2.test/vendor/laravel/framework/src/Illuminate/Foundation/Http/Middleware/PreventRequestsDuringMaintenance.php(86): Illuminate\\Pipeline\\Pipeline->Illuminate\\Pipeline\\{closure}()
#58 /var/www/cuterav2.test/vendor/laravel/framework/src/Illuminate/Pipeline/Pipeline.php(167): Illuminate\\Foundation\\Http\\Middleware\\PreventRequestsDuringMaintenance->handle()
#59 /var/www/cuterav2.test/vendor/fruitcake/laravel-cors/src/HandleCors.php(38): Illuminate\\Pipeline\\Pipeline->Illuminate\\Pipeline\\{closure}()
#60 /var/www/cuterav2.test/vendor/laravel/framework/src/Illuminate/Pipeline/Pipeline.php(167): Fruitcake\\Cors\\HandleCors->handle()
#61 /var/www/cuterav2.test/vendor/laravel/framework/src/Illuminate/Http/Middleware/TrustProxies.php(39): Illuminate\\Pipeline\\Pipeline->Illuminate\\Pipeline\\{closure}()
#62 /var/www/cuterav2.test/vendor/laravel/framework/src/Illuminate/Pipeline/Pipeline.php(167): Illuminate\\Http\\Middleware\\TrustProxies->handle()
#63 /var/www/cuterav2.test/vendor/laravel/framework/src/Illuminate/Pipeline/Pipeline.php(103): Illuminate\\Pipeline\\Pipeline->Illuminate\\Pipeline\\{closure}()
#64 /var/www/cuterav2.test/vendor/laravel/framework/src/Illuminate/Foundation/Http/Kernel.php(142): Illuminate\\Pipeline\\Pipeline->then()
#65 /var/www/cuterav2.test/vendor/laravel/framework/src/Illuminate/Foundation/Http/Kernel.php(111): Illuminate\\Foundation\\Http\\Kernel->sendRequestThroughRouter()
#66 /var/www/cuterav2.test/public/index.php(52): Illuminate\\Foundation\\Http\\Kernel->handle()
#67 {main}

[previous exception] [object] (Symfony\\Component\\Routing\\Exception\\RouteNotFoundException(code: 0): Route [admin.brands.store] not defined. at /var/www/cuterav2.test/vendor/laravel/framework/src/Illuminate/Routing/UrlGenerator.php:444)
[stacktrace]
#0 /var/www/cuterav2.test/vendor/laravel/framework/src/Illuminate/Foundation/helpers.php(739): Illuminate\\Routing\\UrlGenerator->route()
#1 /var/www/cuterav2.test/storage/framework/views/e494e354949f5362213fa12497f6c8a29da1b5b9.php(25): route()
#2 /var/www/cuterav2.test/vendor/laravel/framework/src/Illuminate/Filesystem/Filesystem.php(107): require('...')
#3 /var/www/cuterav2.test/vendor/laravel/framework/src/Illuminate/Filesystem/Filesystem.php(108): Illuminate\\Filesystem\\Filesystem::Illuminate\\Filesystem\\{closure}()
#4 /var/www/cuterav2.test/vendor/laravel/framework/src/Illuminate/View/Engines/PhpEngine.php(58): Illuminate\\Filesystem\\Filesystem->getRequire()
#5 /var/www/cuterav2.test/vendor/laravel/framework/src/Illuminate/View/Engines/CompilerEngine.php(61): Illuminate\\View\\Engines\\PhpEngine->evaluatePath()
#6 /var/www/cuterav2.test/vendor/facade/ignition/src/Views/Engines/CompilerEngine.php(37): Illuminate\\View\\Engines\\CompilerEngine->get()
#7 /var/www/cuterav2.test/vendor/laravel/framework/src/Illuminate/View/View.php(139): Facade\\Ignition\\Views\\Engines\\CompilerEngine->get()
#8 /var/www/cuterav2.test/vendor/laravel/framework/src/Illuminate/View/View.php(122): Illuminate\\View\\View->getContents()
#9 /var/www/cuterav2.test/vendor/laravel/framework/src/Illuminate/View/View.php(91): Illuminate\\View\\View->renderContents()
#10 /var/www/cuterav2.test/storage/framework/views/56669da242d230f117624b092d71ee8823549096.php(76): Illuminate\\View\\View->render()
#11 /var/www/cuterav2.test/vendor/laravel/framework/src/Illuminate/Filesystem/Filesystem.php(107): require('...')
#12 /var/www/cuterav2.test/vendor/laravel/framework/src/Illuminate/Filesystem/Filesystem.php(108): Illuminate\\Filesystem\\Filesystem::Illuminate\\Filesystem\\{closure}()
#13 /var/www/cuterav2.test/vendor/laravel/framework/src/Illuminate/View/Engines/PhpEngine.php(58): Illuminate\\Filesystem\\Filesystem->getRequire()
#14 /var/www/cuterav2.test/vendor/laravel/framework/src/Illuminate/View/Engines/CompilerEngine.php(61): Illuminate\\View\\Engines\\PhpEngine->evaluatePath()
#15 /var/www/cuterav2.test/vendor/facade/ignition/src/Views/Engines/CompilerEngine.php(37): Illuminate\\View\\Engines\\CompilerEngine->get()
#16 /var/www/cuterav2.test/vendor/laravel/framework/src/Illuminate/View/View.php(139): Facade\\Ignition\\Views\\Engines\\CompilerEngine->get()
#17 /var/www/cuterav2.test/vendor/laravel/framework/src/Illuminate/View/View.php(122): Illuminate\\View\\View->getContents()
#18 /var/www/cuterav2.test/vendor/laravel/framework/src/Illuminate/View/View.php(91): Illuminate\\View\\View->renderContents()
#19 /var/www/cuterav2.test/vendor/laravel/framework/src/Illuminate/Http/Response.php(69): Illuminate\\View\\View->render()
#20 /var/www/cuterav2.test/vendor/laravel/framework/src/Illuminate/Http/Response.php(35): Illuminate\\Http\\Response->setContent()
#21 /var/www/cuterav2.test/vendor/laravel/framework/src/Illuminate/Routing/Router.php(820): Illuminate\\Http\\Response->__construct()
#22 /var/www/cuterav2.test/vendor/laravel/framework/src/Illuminate/Routing/Router.php(789): Illuminate\\Routing\\Router::toResponse()
#23 /var/www/cuterav2.test/vendor/laravel/framework/src/Illuminate/Routing/Router.php(721): Illuminate\\Routing\\Router->prepareResponse()
#24 /var/www/cuterav2.test/vendor/laravel/framework/src/Illuminate/Pipeline/Pipeline.php(128): Illuminate\\Routing\\Router->Illuminate\\Routing\\{closure}()
#25 /var/www/cuterav2.test/app/Http/Middleware/CheckAccountStatus.php(20): Illuminate\\Pipeline\\Pipeline->Illuminate\\Pipeline\\{closure}()
#26 /var/www/cuterav2.test/vendor/laravel/framework/src/Illuminate/Pipeline/Pipeline.php(167): App\\Http\\Middleware\\CheckAccountStatus->handle()
#27 /var/www/cuterav2.test/app/Http/Middleware/AuthenticateApiWeb.php(24): Illuminate\\Pipeline\\Pipeline->Illuminate\\Pipeline\\{closure}()
#28 /var/www/cuterav2.test/vendor/laravel/framework/src/Illuminate/Pipeline/Pipeline.php(167): App\\Http\\Middleware\\AuthenticateApiWeb->handle()
#29 /var/www/cuterav2.test/vendor/laravel/framework/src/Illuminate/Routing/Middleware/SubstituteBindings.php(50): Illuminate\\Pipeline\\Pipeline->Illuminate\\Pipeline\\{closure}()
#30 /var/www/cuterav2.test/vendor/laravel/framework/src/Illuminate/Pipeline/Pipeline.php(167): Illuminate\\Routing\\Middleware\\SubstituteBindings->handle()
#31 /var/www/cuterav2.test/app/Http/Middleware/VerifyCsrfToken.php(32): Illuminate\\Pipeline\\Pipeline->Illuminate\\Pipeline\\{closure}()
#32 /var/www/cuterav2.test/vendor/laravel/framework/src/Illuminate/Pipeline/Pipeline.php(167): App\\Http\\Middleware\\VerifyCsrfToken->handle()
#33 /var/www/cuterav2.test/vendor/laravel/framework/src/Illuminate/View/Middleware/ShareErrorsFromSession.php(49): Illuminate\\Pipeline\\Pipeline->Illuminate\\Pipeline\\{closure}()
#34 /var/www/cuterav2.test/vendor/laravel/framework/src/Illuminate/Pipeline/Pipeline.php(167): Illuminate\\View\\Middleware\\ShareErrorsFromSession->handle()
#35 /var/www/cuterav2.test/vendor/laravel/framework/src/Illuminate/Session/Middleware/StartSession.php(121): Illuminate\\Pipeline\\Pipeline->Illuminate\\Pipeline\\{closure}()
#36 /var/www/cuterav2.test/vendor/laravel/framework/src/Illuminate/Session/Middleware/StartSession.php(64): Illuminate\\Session\\Middleware\\StartSession->handleStatefulRequest()
#37 /var/www/cuterav2.test/vendor/laravel/framework/src/Illuminate/Pipeline/Pipeline.php(167): Illuminate\\Session\\Middleware\\StartSession->handle()
#38 /var/www/cuterav2.test/vendor/laravel/framework/src/Illuminate/Cookie/Middleware/AddQueuedCookiesToResponse.php(37): Illuminate\\Pipeline\\Pipeline->Illuminate\\Pipeline\\{closure}()
#39 /var/www/cuterav2.test/vendor/laravel/framework/src/Illuminate/Pipeline/Pipeline.php(167): Illuminate\\Cookie\\Middleware\\AddQueuedCookiesToResponse->handle()
#40 /var/www/cuterav2.test/vendor/laravel/framework/src/Illuminate/Cookie/Middleware/EncryptCookies.php(67): Illuminate\\Pipeline\\Pipeline->Illuminate\\Pipeline\\{closure}()
#41 /var/www/cuterav2.test/vendor/laravel/framework/src/Illuminate/Pipeline/Pipeline.php(167): Illuminate\\Cookie\\Middleware\\EncryptCookies->handle()
#42 /var/www/cuterav2.test/vendor/laravel/framework/src/Illuminate/Pipeline/Pipeline.php(103): Illuminate\\Pipeline\\Pipeline->Illuminate\\Pipeline\\{closure}()
#43 /var/www/cuterav2.test/vendor/laravel/framework/src/Illuminate/Routing/Router.php(723): Illuminate\\Pipeline\\Pipeline->then()
#44 /var/www/cuterav2.test/vendor/laravel/framework/src/Illuminate/Routing/Router.php(698): Illuminate\\Routing\\Router->runRouteWithinStack()
#45 /var/www/cuterav2.test/vendor/laravel/framework/src/Illuminate/Routing/Router.php(662): Illuminate\\Routing\\Router->runRoute()
#46 /var/www/cuterav2.test/vendor/laravel/framework/src/Illuminate/Routing/Router.php(651): Illuminate\\Routing\\Router->dispatchToRoute()
#47 /var/www/cuterav2.test/vendor/laravel/framework/src/Illuminate/Foundation/Http/Kernel.php(167): Illuminate\\Routing\\Router->dispatch()
#48 /var/www/cuterav2.test/vendor/laravel/framework/src/Illuminate/Pipeline/Pipeline.php(128): Illuminate\\Foundation\\Http\\Kernel->Illuminate\\Foundation\\Http\\{closure}()
#49 /var/www/cuterav2.test/vendor/laravel/framework/src/Illuminate/Foundation/Http/Middleware/TransformsRequest.php(21): Illuminate\\Pipeline\\Pipeline->Illuminate\\Pipeline\\{closure}()
#50 /var/www/cuterav2.test/vendor/laravel/framework/src/Illuminate/Foundation/Http/Middleware/ConvertEmptyStringsToNull.php(31): Illuminate\\Foundation\\Http\\Middleware\\TransformsRequest->handle()
#51 /var/www/cuterav2.test/vendor/laravel/framework/src/Illuminate/Pipeline/Pipeline.php(167): Illuminate\\Foundation\\Http\\Middleware\\ConvertEmptyStringsToNull->handle()
#52 /var/www/cuterav2.test/vendor/laravel/framework/src/Illuminate/Foundation/Http/Middleware/TransformsRequest.php(21): Illuminate\\Pipeline\\Pipeline->Illuminate\\Pipeline\\{closure}()
#53 /var/www/cuterav2.test/vendor/laravel/framework/src/Illuminate/Foundation/Http/Middleware/TrimStrings.php(40): Illuminate\\Foundation\\Http\\Middleware\\TransformsRequest->handle()
#54 /var/www/cuterav2.test/vendor/laravel/framework/src/Illuminate/Pipeline/Pipeline.php(167): Illuminate\\Foundation\\Http\\Middleware\\TrimStrings->handle()
#55 /var/www/cuterav2.test/vendor/laravel/framework/src/Illuminate/Foundation/Http/Middleware/ValidatePostSize.php(27): Illuminate\\Pipeline\\Pipeline->Illuminate\\Pipeline\\{closure}()
#56 /var/www/cuterav2.test/vendor/laravel/framework/src/Illuminate/Pipeline/Pipeline.php(167): Illuminate\\Foundation\\Http\\Middleware\\ValidatePostSize->handle()
#57 /var/www/cuterav2.test/vendor/laravel/framework/src/Illuminate/Foundation/Http/Middleware/PreventRequestsDuringMaintenance.php(86): Illuminate\\Pipeline\\Pipeline->Illuminate\\Pipeline\\{closure}()
#58 /var/www/cuterav2.test/vendor/laravel/framework/src/Illuminate/Pipeline/Pipeline.php(167): Illuminate\\Foundation\\Http\\Middleware\\PreventRequestsDuringMaintenance->handle()
#59 /var/www/cuterav2.test/vendor/fruitcake/laravel-cors/src/HandleCors.php(38): Illuminate\\Pipeline\\Pipeline->Illuminate\\Pipeline\\{closure}()
#60 /var/www/cuterav2.test/vendor/laravel/framework/src/Illuminate/Pipeline/Pipeline.php(167): Fruitcake\\Cors\\HandleCors->handle()
#61 /var/www/cuterav2.test/vendor/laravel/framework/src/Illuminate/Http/Middleware/TrustProxies.php(39): Illuminate\\Pipeline\\Pipeline->Illuminate\\Pipeline\\{closure}()
#62 /var/www/cuterav2.test/vendor/laravel/framework/src/Illuminate/Pipeline/Pipeline.php(167): Illuminate\\Http\\Middleware\\TrustProxies->handle()
#63 /var/www/cuterav2.test/vendor/laravel/framework/src/Illuminate/Pipeline/Pipeline.php(103): Illuminate\\Pipeline\\Pipeline->Illuminate\\Pipeline\\{closure}()
#64 /var/www/cuterav2.test/vendor/laravel/framework/src/Illuminate/Foundation/Http/Kernel.php(142): Illuminate\\Pipeline\\Pipeline->then()
#65 /var/www/cuterav2.test/vendor/laravel/framework/src/Illuminate/Foundation/Http/Kernel.php(111): Illuminate\\Foundation\\Http\\Kernel->sendRequestThroughRouter()
#66 /var/www/cuterav2.test/public/index.php(52): Illuminate\\Foundation\\Http\\Kernel->handle()
#67 {main}
"} 
[2022-03-16 08:38:02] local.ERROR: Class "App\Http\Controllers\Admin\Validator" not found {"userId":1,"exception":"[object] (Error(code: 0): Class \"App\\Http\\Controllers\\Admin\\Validator\" not found at /var/www/cuterav2.test/app/Http/Controllers/Admin/BrandsController.php:112)
[stacktrace]
#0 /var/www/cuterav2.test/app/Http/Controllers/Admin/BrandsController.php(91): App\\Http\\Controllers\\Admin\\BrandsController->verifyFields()
#1 /var/www/cuterav2.test/vendor/laravel/framework/src/Illuminate/Routing/Controller.php(54): App\\Http\\Controllers\\Admin\\BrandsController->store()
#2 /var/www/cuterav2.test/vendor/laravel/framework/src/Illuminate/Routing/ControllerDispatcher.php(45): Illuminate\\Routing\\Controller->callAction()
#3 /var/www/cuterav2.test/vendor/laravel/framework/src/Illuminate/Routing/Route.php(262): Illuminate\\Routing\\ControllerDispatcher->dispatch()
#4 /var/www/cuterav2.test/vendor/laravel/framework/src/Illuminate/Routing/Route.php(205): Illuminate\\Routing\\Route->runController()
#5 /var/www/cuterav2.test/vendor/laravel/framework/src/Illuminate/Routing/Router.php(721): Illuminate\\Routing\\Route->run()
#6 /var/www/cuterav2.test/vendor/laravel/framework/src/Illuminate/Pipeline/Pipeline.php(128): Illuminate\\Routing\\Router->Illuminate\\Routing\\{closure}()
#7 /var/www/cuterav2.test/app/Http/Middleware/AuthenticateApiWeb.php(24): Illuminate\\Pipeline\\Pipeline->Illuminate\\Pipeline\\{closure}()
#8 /var/www/cuterav2.test/vendor/laravel/framework/src/Illuminate/Pipeline/Pipeline.php(167): App\\Http\\Middleware\\AuthenticateApiWeb->handle()
#9 /var/www/cuterav2.test/vendor/laravel/framework/src/Illuminate/Routing/Middleware/SubstituteBindings.php(50): Illuminate\\Pipeline\\Pipeline->Illuminate\\Pipeline\\{closure}()
#10 /var/www/cuterav2.test/vendor/laravel/framework/src/Illuminate/Pipeline/Pipeline.php(167): Illuminate\\Routing\\Middleware\\SubstituteBindings->handle()
#11 /var/www/cuterav2.test/app/Http/Middleware/VerifyCsrfToken.php(32): Illuminate\\Pipeline\\Pipeline->Illuminate\\Pipeline\\{closure}()
#12 /var/www/cuterav2.test/vendor/laravel/framework/src/Illuminate/Pipeline/Pipeline.php(167): App\\Http\\Middleware\\VerifyCsrfToken->handle()
#13 /var/www/cuterav2.test/vendor/laravel/framework/src/Illuminate/View/Middleware/ShareErrorsFromSession.php(49): Illuminate\\Pipeline\\Pipeline->Illuminate\\Pipeline\\{closure}()
#14 /var/www/cuterav2.test/vendor/laravel/framework/src/Illuminate/Pipeline/Pipeline.php(167): Illuminate\\View\\Middleware\\ShareErrorsFromSession->handle()
#15 /var/www/cuterav2.test/vendor/laravel/framework/src/Illuminate/Session/Middleware/StartSession.php(121): Illuminate\\Pipeline\\Pipeline->Illuminate\\Pipeline\\{closure}()
#16 /var/www/cuterav2.test/vendor/laravel/framework/src/Illuminate/Session/Middleware/StartSession.php(64): Illuminate\\Session\\Middleware\\StartSession->handleStatefulRequest()
#17 /var/www/cuterav2.test/vendor/laravel/framework/src/Illuminate/Pipeline/Pipeline.php(167): Illuminate\\Session\\Middleware\\StartSession->handle()
#18 /var/www/cuterav2.test/vendor/laravel/framework/src/Illuminate/Cookie/Middleware/AddQueuedCookiesToResponse.php(37): Illuminate\\Pipeline\\Pipeline->Illuminate\\Pipeline\\{closure}()
#19 /var/www/cuterav2.test/vendor/laravel/framework/src/Illuminate/Pipeline/Pipeline.php(167): Illuminate\\Cookie\\Middleware\\AddQueuedCookiesToResponse->handle()
#20 /var/www/cuterav2.test/vendor/laravel/framework/src/Illuminate/Cookie/Middleware/EncryptCookies.php(67): Illuminate\\Pipeline\\Pipeline->Illuminate\\Pipeline\\{closure}()
#21 /var/www/cuterav2.test/vendor/laravel/framework/src/Illuminate/Pipeline/Pipeline.php(167): Illuminate\\Cookie\\Middleware\\EncryptCookies->handle()
#22 /var/www/cuterav2.test/vendor/laravel/framework/src/Illuminate/Pipeline/Pipeline.php(103): Illuminate\\Pipeline\\Pipeline->Illuminate\\Pipeline\\{closure}()
#23 /var/www/cuterav2.test/vendor/laravel/framework/src/Illuminate/Routing/Router.php(723): Illuminate\\Pipeline\\Pipeline->then()
#24 /var/www/cuterav2.test/vendor/laravel/framework/src/Illuminate/Routing/Router.php(698): Illuminate\\Routing\\Router->runRouteWithinStack()
#25 /var/www/cuterav2.test/vendor/laravel/framework/src/Illuminate/Routing/Router.php(662): Illuminate\\Routing\\Router->runRoute()
#26 /var/www/cuterav2.test/vendor/laravel/framework/src/Illuminate/Routing/Router.php(651): Illuminate\\Routing\\Router->dispatchToRoute()
#27 /var/www/cuterav2.test/vendor/laravel/framework/src/Illuminate/Foundation/Http/Kernel.php(167): Illuminate\\Routing\\Router->dispatch()
#28 /var/www/cuterav2.test/vendor/laravel/framework/src/Illuminate/Pipeline/Pipeline.php(128): Illuminate\\Foundation\\Http\\Kernel->Illuminate\\Foundation\\Http\\{closure}()
#29 /var/www/cuterav2.test/vendor/laravel/framework/src/Illuminate/Foundation/Http/Middleware/TransformsRequest.php(21): Illuminate\\Pipeline\\Pipeline->Illuminate\\Pipeline\\{closure}()
#30 /var/www/cuterav2.test/vendor/laravel/framework/src/Illuminate/Foundation/Http/Middleware/ConvertEmptyStringsToNull.php(31): Illuminate\\Foundation\\Http\\Middleware\\TransformsRequest->handle()
#31 /var/www/cuterav2.test/vendor/laravel/framework/src/Illuminate/Pipeline/Pipeline.php(167): Illuminate\\Foundation\\Http\\Middleware\\ConvertEmptyStringsToNull->handle()
#32 /var/www/cuterav2.test/vendor/laravel/framework/src/Illuminate/Foundation/Http/Middleware/TransformsRequest.php(21): Illuminate\\Pipeline\\Pipeline->Illuminate\\Pipeline\\{closure}()
#33 /var/www/cuterav2.test/vendor/laravel/framework/src/Illuminate/Foundation/Http/Middleware/TrimStrings.php(40): Illuminate\\Foundation\\Http\\Middleware\\TransformsRequest->handle()
#34 /var/www/cuterav2.test/vendor/laravel/framework/src/Illuminate/Pipeline/Pipeline.php(167): Illuminate\\Foundation\\Http\\Middleware\\TrimStrings->handle()
#35 /var/www/cuterav2.test/vendor/laravel/framework/src/Illuminate/Foundation/Http/Middleware/ValidatePostSize.php(27): Illuminate\\Pipeline\\Pipeline->Illuminate\\Pipeline\\{closure}()
#36 /var/www/cuterav2.test/vendor/laravel/framework/src/Illuminate/Pipeline/Pipeline.php(167): Illuminate\\Foundation\\Http\\Middleware\\ValidatePostSize->handle()
#37 /var/www/cuterav2.test/vendor/laravel/framework/src/Illuminate/Foundation/Http/Middleware/PreventRequestsDuringMaintenance.php(86): Illuminate\\Pipeline\\Pipeline->Illuminate\\Pipeline\\{closure}()
#38 /var/www/cuterav2.test/vendor/laravel/framework/src/Illuminate/Pipeline/Pipeline.php(167): Illuminate\\Foundation\\Http\\Middleware\\PreventRequestsDuringMaintenance->handle()
#39 /var/www/cuterav2.test/vendor/fruitcake/laravel-cors/src/HandleCors.php(52): Illuminate\\Pipeline\\Pipeline->Illuminate\\Pipeline\\{closure}()
#40 /var/www/cuterav2.test/vendor/laravel/framework/src/Illuminate/Pipeline/Pipeline.php(167): Fruitcake\\Cors\\HandleCors->handle()
#41 /var/www/cuterav2.test/vendor/laravel/framework/src/Illuminate/Http/Middleware/TrustProxies.php(39): Illuminate\\Pipeline\\Pipeline->Illuminate\\Pipeline\\{closure}()
#42 /var/www/cuterav2.test/vendor/laravel/framework/src/Illuminate/Pipeline/Pipeline.php(167): Illuminate\\Http\\Middleware\\TrustProxies->handle()
#43 /var/www/cuterav2.test/vendor/laravel/framework/src/Illuminate/Pipeline/Pipeline.php(103): Illuminate\\Pipeline\\Pipeline->Illuminate\\Pipeline\\{closure}()
#44 /var/www/cuterav2.test/vendor/laravel/framework/src/Illuminate/Foundation/Http/Kernel.php(142): Illuminate\\Pipeline\\Pipeline->then()
#45 /var/www/cuterav2.test/vendor/laravel/framework/src/Illuminate/Foundation/Http/Kernel.php(111): Illuminate\\Foundation\\Http\\Kernel->sendRequestThroughRouter()
#46 /var/www/cuterav2.test/public/index.php(52): Illuminate\\Foundation\\Http\\Kernel->handle()
#47 {main}
"} 
[2022-03-16 10:56:29] local.ERROR: Access to undeclared static property App\Models\Brand::$_table {"userId":1,"exception":"[object] (Error(code: 0): Access to undeclared static property App\\Models\\Brand::$_table at /var/www/cuterav2.test/app/Models/Brand.php:146)
[stacktrace]
#0 /var/www/cuterav2.test/app/Http/Controllers/Admin/BrandsController.php(178): App\\Models\\Brand::DeleteRecord()
#1 /var/www/cuterav2.test/vendor/laravel/framework/src/Illuminate/Routing/Controller.php(54): App\\Http\\Controllers\\Admin\\BrandsController->destroy()
#2 /var/www/cuterav2.test/vendor/laravel/framework/src/Illuminate/Routing/ControllerDispatcher.php(45): Illuminate\\Routing\\Controller->callAction()
#3 /var/www/cuterav2.test/vendor/laravel/framework/src/Illuminate/Routing/Route.php(262): Illuminate\\Routing\\ControllerDispatcher->dispatch()
#4 /var/www/cuterav2.test/vendor/laravel/framework/src/Illuminate/Routing/Route.php(205): Illuminate\\Routing\\Route->runController()
#5 /var/www/cuterav2.test/vendor/laravel/framework/src/Illuminate/Routing/Router.php(721): Illuminate\\Routing\\Route->run()
#6 /var/www/cuterav2.test/vendor/laravel/framework/src/Illuminate/Pipeline/Pipeline.php(128): Illuminate\\Routing\\Router->Illuminate\\Routing\\{closure}()
#7 /var/www/cuterav2.test/app/Http/Middleware/AuthenticateApiWeb.php(24): Illuminate\\Pipeline\\Pipeline->Illuminate\\Pipeline\\{closure}()
#8 /var/www/cuterav2.test/vendor/laravel/framework/src/Illuminate/Pipeline/Pipeline.php(167): App\\Http\\Middleware\\AuthenticateApiWeb->handle()
#9 /var/www/cuterav2.test/vendor/laravel/framework/src/Illuminate/Routing/Middleware/SubstituteBindings.php(50): Illuminate\\Pipeline\\Pipeline->Illuminate\\Pipeline\\{closure}()
#10 /var/www/cuterav2.test/vendor/laravel/framework/src/Illuminate/Pipeline/Pipeline.php(167): Illuminate\\Routing\\Middleware\\SubstituteBindings->handle()
#11 /var/www/cuterav2.test/app/Http/Middleware/VerifyCsrfToken.php(32): Illuminate\\Pipeline\\Pipeline->Illuminate\\Pipeline\\{closure}()
#12 /var/www/cuterav2.test/vendor/laravel/framework/src/Illuminate/Pipeline/Pipeline.php(167): App\\Http\\Middleware\\VerifyCsrfToken->handle()
#13 /var/www/cuterav2.test/vendor/laravel/framework/src/Illuminate/View/Middleware/ShareErrorsFromSession.php(49): Illuminate\\Pipeline\\Pipeline->Illuminate\\Pipeline\\{closure}()
#14 /var/www/cuterav2.test/vendor/laravel/framework/src/Illuminate/Pipeline/Pipeline.php(167): Illuminate\\View\\Middleware\\ShareErrorsFromSession->handle()
#15 /var/www/cuterav2.test/vendor/laravel/framework/src/Illuminate/Session/Middleware/StartSession.php(121): Illuminate\\Pipeline\\Pipeline->Illuminate\\Pipeline\\{closure}()
#16 /var/www/cuterav2.test/vendor/laravel/framework/src/Illuminate/Session/Middleware/StartSession.php(64): Illuminate\\Session\\Middleware\\StartSession->handleStatefulRequest()
#17 /var/www/cuterav2.test/vendor/laravel/framework/src/Illuminate/Pipeline/Pipeline.php(167): Illuminate\\Session\\Middleware\\StartSession->handle()
#18 /var/www/cuterav2.test/vendor/laravel/framework/src/Illuminate/Cookie/Middleware/AddQueuedCookiesToResponse.php(37): Illuminate\\Pipeline\\Pipeline->Illuminate\\Pipeline\\{closure}()
#19 /var/www/cuterav2.test/vendor/laravel/framework/src/Illuminate/Pipeline/Pipeline.php(167): Illuminate\\Cookie\\Middleware\\AddQueuedCookiesToResponse->handle()
#20 /var/www/cuterav2.test/vendor/laravel/framework/src/Illuminate/Cookie/Middleware/EncryptCookies.php(67): Illuminate\\Pipeline\\Pipeline->Illuminate\\Pipeline\\{closure}()
#21 /var/www/cuterav2.test/vendor/laravel/framework/src/Illuminate/Pipeline/Pipeline.php(167): Illuminate\\Cookie\\Middleware\\EncryptCookies->handle()
#22 /var/www/cuterav2.test/vendor/laravel/framework/src/Illuminate/Pipeline/Pipeline.php(103): Illuminate\\Pipeline\\Pipeline->Illuminate\\Pipeline\\{closure}()
#23 /var/www/cuterav2.test/vendor/laravel/framework/src/Illuminate/Routing/Router.php(723): Illuminate\\Pipeline\\Pipeline->then()
#24 /var/www/cuterav2.test/vendor/laravel/framework/src/Illuminate/Routing/Router.php(698): Illuminate\\Routing\\Router->runRouteWithinStack()
#25 /var/www/cuterav2.test/vendor/laravel/framework/src/Illuminate/Routing/Router.php(662): Illuminate\\Routing\\Router->runRoute()
#26 /var/www/cuterav2.test/vendor/laravel/framework/src/Illuminate/Routing/Router.php(651): Illuminate\\Routing\\Router->dispatchToRoute()
#27 /var/www/cuterav2.test/vendor/laravel/framework/src/Illuminate/Foundation/Http/Kernel.php(167): Illuminate\\Routing\\Router->dispatch()
#28 /var/www/cuterav2.test/vendor/laravel/framework/src/Illuminate/Pipeline/Pipeline.php(128): Illuminate\\Foundation\\Http\\Kernel->Illuminate\\Foundation\\Http\\{closure}()
#29 /var/www/cuterav2.test/vendor/laravel/framework/src/Illuminate/Foundation/Http/Middleware/TransformsRequest.php(21): Illuminate\\Pipeline\\Pipeline->Illuminate\\Pipeline\\{closure}()
#30 /var/www/cuterav2.test/vendor/laravel/framework/src/Illuminate/Foundation/Http/Middleware/ConvertEmptyStringsToNull.php(31): Illuminate\\Foundation\\Http\\Middleware\\TransformsRequest->handle()
#31 /var/www/cuterav2.test/vendor/laravel/framework/src/Illuminate/Pipeline/Pipeline.php(167): Illuminate\\Foundation\\Http\\Middleware\\ConvertEmptyStringsToNull->handle()
#32 /var/www/cuterav2.test/vendor/laravel/framework/src/Illuminate/Foundation/Http/Middleware/TransformsRequest.php(21): Illuminate\\Pipeline\\Pipeline->Illuminate\\Pipeline\\{closure}()
#33 /var/www/cuterav2.test/vendor/laravel/framework/src/Illuminate/Foundation/Http/Middleware/TrimStrings.php(40): Illuminate\\Foundation\\Http\\Middleware\\TransformsRequest->handle()
#34 /var/www/cuterav2.test/vendor/laravel/framework/src/Illuminate/Pipeline/Pipeline.php(167): Illuminate\\Foundation\\Http\\Middleware\\TrimStrings->handle()
#35 /var/www/cuterav2.test/vendor/laravel/framework/src/Illuminate/Foundation/Http/Middleware/ValidatePostSize.php(27): Illuminate\\Pipeline\\Pipeline->Illuminate\\Pipeline\\{closure}()
#36 /var/www/cuterav2.test/vendor/laravel/framework/src/Illuminate/Pipeline/Pipeline.php(167): Illuminate\\Foundation\\Http\\Middleware\\ValidatePostSize->handle()
#37 /var/www/cuterav2.test/vendor/laravel/framework/src/Illuminate/Foundation/Http/Middleware/PreventRequestsDuringMaintenance.php(86): Illuminate\\Pipeline\\Pipeline->Illuminate\\Pipeline\\{closure}()
#38 /var/www/cuterav2.test/vendor/laravel/framework/src/Illuminate/Pipeline/Pipeline.php(167): Illuminate\\Foundation\\Http\\Middleware\\PreventRequestsDuringMaintenance->handle()
#39 /var/www/cuterav2.test/vendor/fruitcake/laravel-cors/src/HandleCors.php(52): Illuminate\\Pipeline\\Pipeline->Illuminate\\Pipeline\\{closure}()
#40 /var/www/cuterav2.test/vendor/laravel/framework/src/Illuminate/Pipeline/Pipeline.php(167): Fruitcake\\Cors\\HandleCors->handle()
#41 /var/www/cuterav2.test/vendor/laravel/framework/src/Illuminate/Http/Middleware/TrustProxies.php(39): Illuminate\\Pipeline\\Pipeline->Illuminate\\Pipeline\\{closure}()
#42 /var/www/cuterav2.test/vendor/laravel/framework/src/Illuminate/Pipeline/Pipeline.php(167): Illuminate\\Http\\Middleware\\TrustProxies->handle()
#43 /var/www/cuterav2.test/vendor/laravel/framework/src/Illuminate/Pipeline/Pipeline.php(103): Illuminate\\Pipeline\\Pipeline->Illuminate\\Pipeline\\{closure}()
#44 /var/www/cuterav2.test/vendor/laravel/framework/src/Illuminate/Foundation/Http/Kernel.php(142): Illuminate\\Pipeline\\Pipeline->then()
#45 /var/www/cuterav2.test/vendor/laravel/framework/src/Illuminate/Foundation/Http/Kernel.php(111): Illuminate\\Foundation\\Http\\Kernel->sendRequestThroughRouter()
#46 /var/www/cuterav2.test/public/index.php(52): Illuminate\\Foundation\\Http\\Kernel->handle()
#47 {main}
"} 
[2022-03-16 11:27:20] local.ERROR: Unable to prepare route [admin/custom_form_feedbacks/create] for serialization. Another route has already been assigned name [admin.custom_form_feedbacks.create]. {"exception":"[object] (LogicException(code: 0): Unable to prepare route [admin/custom_form_feedbacks/create] for serialization. Another route has already been assigned name [admin.custom_form_feedbacks.create]. at /var/www/cuterav2.test/vendor/laravel/framework/src/Illuminate/Routing/AbstractRouteCollection.php:218)
[stacktrace]
#0 /var/www/cuterav2.test/vendor/laravel/framework/src/Illuminate/Routing/AbstractRouteCollection.php(179): Illuminate\\Routing\\AbstractRouteCollection->addToSymfonyRoutesCollection()
#1 /var/www/cuterav2.test/vendor/laravel/framework/src/Illuminate/Routing/RouteCollection.php(246): Illuminate\\Routing\\AbstractRouteCollection->toSymfonyRouteCollection()
#2 /var/www/cuterav2.test/vendor/laravel/framework/src/Illuminate/Routing/AbstractRouteCollection.php(163): Illuminate\\Routing\\RouteCollection->toSymfonyRouteCollection()
#3 /var/www/cuterav2.test/vendor/laravel/framework/src/Illuminate/Routing/AbstractRouteCollection.php(134): Illuminate\\Routing\\AbstractRouteCollection->dumper()
#4 /var/www/cuterav2.test/vendor/laravel/framework/src/Illuminate/Foundation/Console/RouteCacheCommand.php(107): Illuminate\\Routing\\AbstractRouteCollection->compile()
#5 /var/www/cuterav2.test/vendor/laravel/framework/src/Illuminate/Foundation/Console/RouteCacheCommand.php(66): Illuminate\\Foundation\\Console\\RouteCacheCommand->buildRouteCacheFile()
#6 /var/www/cuterav2.test/vendor/laravel/framework/src/Illuminate/Container/BoundMethod.php(36): Illuminate\\Foundation\\Console\\RouteCacheCommand->handle()
#7 /var/www/cuterav2.test/vendor/laravel/framework/src/Illuminate/Container/Util.php(40): Illuminate\\Container\\BoundMethod::Illuminate\\Container\\{closure}()
#8 /var/www/cuterav2.test/vendor/laravel/framework/src/Illuminate/Container/BoundMethod.php(93): Illuminate\\Container\\Util::unwrapIfClosure()
#9 /var/www/cuterav2.test/vendor/laravel/framework/src/Illuminate/Container/BoundMethod.php(37): Illuminate\\Container\\BoundMethod::callBoundMethod()
#10 /var/www/cuterav2.test/vendor/laravel/framework/src/Illuminate/Container/Container.php(653): Illuminate\\Container\\BoundMethod::call()
#11 /var/www/cuterav2.test/vendor/laravel/framework/src/Illuminate/Console/Command.php(136): Illuminate\\Container\\Container->call()
#12 /var/www/cuterav2.test/vendor/symfony/console/Command/Command.php(298): Illuminate\\Console\\Command->execute()
#13 /var/www/cuterav2.test/vendor/laravel/framework/src/Illuminate/Console/Command.php(121): Symfony\\Component\\Console\\Command\\Command->run()
#14 /var/www/cuterav2.test/vendor/laravel/framework/src/Illuminate/Console/Concerns/CallsCommands.php(68): Illuminate\\Console\\Command->run()
#15 /var/www/cuterav2.test/vendor/laravel/framework/src/Illuminate/Console/Concerns/CallsCommands.php(28): Illuminate\\Console\\Command->runCommand()
#16 /var/www/cuterav2.test/vendor/laravel/framework/src/Illuminate/Foundation/Console/OptimizeCommand.php(31): Illuminate\\Console\\Command->call()
#17 /var/www/cuterav2.test/vendor/laravel/framework/src/Illuminate/Container/BoundMethod.php(36): Illuminate\\Foundation\\Console\\OptimizeCommand->handle()
#18 /var/www/cuterav2.test/vendor/laravel/framework/src/Illuminate/Container/Util.php(40): Illuminate\\Container\\BoundMethod::Illuminate\\Container\\{closure}()
#19 /var/www/cuterav2.test/vendor/laravel/framework/src/Illuminate/Container/BoundMethod.php(93): Illuminate\\Container\\Util::unwrapIfClosure()
#20 /var/www/cuterav2.test/vendor/laravel/framework/src/Illuminate/Container/BoundMethod.php(37): Illuminate\\Container\\BoundMethod::callBoundMethod()
#21 /var/www/cuterav2.test/vendor/laravel/framework/src/Illuminate/Container/Container.php(653): Illuminate\\Container\\BoundMethod::call()
#22 /var/www/cuterav2.test/vendor/laravel/framework/src/Illuminate/Console/Command.php(136): Illuminate\\Container\\Container->call()
#23 /var/www/cuterav2.test/vendor/symfony/console/Command/Command.php(298): Illuminate\\Console\\Command->execute()
#24 /var/www/cuterav2.test/vendor/laravel/framework/src/Illuminate/Console/Command.php(121): Symfony\\Component\\Console\\Command\\Command->run()
#25 /var/www/cuterav2.test/vendor/symfony/console/Application.php(1015): Illuminate\\Console\\Command->run()
#26 /var/www/cuterav2.test/vendor/symfony/console/Application.php(299): Symfony\\Component\\Console\\Application->doRunCommand()
#27 /var/www/cuterav2.test/vendor/symfony/console/Application.php(171): Symfony\\Component\\Console\\Application->doRun()
#28 /var/www/cuterav2.test/vendor/laravel/framework/src/Illuminate/Console/Application.php(94): Symfony\\Component\\Console\\Application->run()
#29 /var/www/cuterav2.test/vendor/laravel/framework/src/Illuminate/Foundation/Console/Kernel.php(129): Illuminate\\Console\\Application->run()
#30 /var/www/cuterav2.test/artisan(37): Illuminate\\Foundation\\Console\\Kernel->handle()
#31 {main}
"} 
